[25/12/18 18:12:35]Start version=v1.26
[25/12/18 18:12:35][DEBUG]init
[25/12/18 18:13:56][DEBUG]OKClick
[25/12/18 18:13:56][DEBUG]URL:https://www.berluti.com/ja-jp/makore-sukurittoreza-konpakutou-oretto/MAKORE_NEO-JOUR_TANGRAM-V87.html?dwvar_MAKORE__NEO-JOUR__TANGRAM-V87_color=G89&to=1#prefn1=product_online_sales&prefv1=true&viewtype=grid-view-small&sz=144&to=1&start=1
[25/12/18 18:13:56][DEBUG]URL:https://www.berluti.com/ja-jp/makore-reza-konpakutou-oretto/MAKORE_NEO_LUTI-JOUR-V1.html?dwvar_MAKORE__NEO__LUTI-JOUR-V1_color=KD1&to=2#prefn1=product_online_sales&prefv1=true&viewtype=grid-view-small&sz=144&to=2&start=1
[25/12/18 18:13:56][DEBUG]URL:https://www.berluti.com/ja-jp/badi-reza-ronguu-oretto/BADI_LUTI-JOUR-V1.html?dwvar_BADI__LUTI-JOUR-V1_color=KD1&to=3#prefn1=product_online_sales&prefv1=true&viewtype=grid-view-small&sz=144&to=3&start=1
[25/12/18 18:13:56][DEBUG]URL:https://www.berluti.com/ja-jp/jagua-reza-kadohoruda/JAGUA_NEO_LUTI-JOUR-V1.html?dwvar_JAGUA__NEO__LUTI-JOUR-V1_color=KD1&to=4#prefn1=product_online_sales&prefv1=true&viewtype=grid-view-small&sz=144&to=4&start=1
[25/12/18 18:13:56][DEBUG]URL:https://www.berluti.com/ja-jp/itauba-sukurittoreza-rongu-jippuu-oretto/ITAUBA_NEO_BE_RR-BE_RAPIECE_REPRISE-V2.html?dwvar_ITAUBA__NEO__BE__RR-BE__RAPIECE__REPRISE-V2_color=G77&to=5#prefn1=product_online_sales&prefv1=true&viewtype=grid-view-small&sz=144&to=5&start=1
[25/12/18 18:13:56][DEBUG]URL:https://www.berluti.com/ja-jp/itauba-neo-sukuritto-reza-rongu-jippu-fuki-u-oretto/ITAUBA_NEO-JOUR-V2.html?dwvar_ITAUBA__NEO-JOUR-V2_color=K02&to=6#prefn1=product_online_sales&prefv1=true&viewtype=grid-view-small&sz=144&to=6&start=1
[25/12/18 18:13:56][DEBUG]URL:https://www.berluti.com/ja-jp/itauba-neo-sukuritto-reza-rongu-jippu-fuki-u-oretto/ITAUBA_NEO-JOUR-V2.html?dwvar_ITAUBA__NEO-JOUR-V2_color=ML6&to=7#prefn1=product_online_sales&prefv1=true&viewtype=grid-view-small&sz=144&to=7&start=1
[25/12/18 18:13:56][DEBUG]URL:https://www.berluti.com/ja-jp/itauba-neo-sukuritto-reza-rongu-jippu-fuki-u-oretto/ITAUBA_NEO-JOUR-V2.html?dwvar_ITAUBA__NEO-JOUR-V2_color=R77&to=8#prefn1=product_online_sales&prefv1=true&viewtype=grid-view-small&sz=144&to=8&start=1
[25/12/18 18:13:56][DEBUG]URL:https://www.berluti.com/ja-jp/itauba-sukurittosuwaipureza-rongujippuu-oretto/ITAUBA_NEO_GRADIANT-JOUR-V2.html?dwvar_ITAUBA__NEO__GRADIANT-JOUR-V2_color=RA1&to=9#prefn1=product_online_sales&prefv1=true&viewtype=grid-view-small&sz=144&to=9&start=1
[25/12/18 18:13:56][DEBUG]URL:https://www.berluti.com/ja-jp/itauba-towaru-marubufu-rongu-jippuu-oretto/ITAUBA_NEO-TOILE_MARBEUF-T19.html?dwvar_ITAUBA__NEO-TOILE__MARBEUF-T19_color=MO5&to=10#prefn1=product_online_sales&prefv1=true&viewtype=grid-view-small&sz=144&to=10&start=1
[25/12/18 18:13:56][DEBUG]URL:https://www.berluti.com/ja-jp/itauba-arigeta-rezajippu-zhang-cai-bu-berurutti/ITAUBA-ALLIGATOR-E2.html?dwvar_ITAUBA-ALLIGATOR-E2_color=B01&to=11#prefn1=product_online_sales&prefv1=true&viewtype=grid-view-small&sz=144&to=11&start=1
[25/12/18 18:13:56][DEBUG]URL:https://www.berluti.com/ja-jp/itauba-arigeta-rezajippu-zhang-cai-bu-berurutti/ITAUBA-ALLIGATOR-E2.html?dwvar_ITAUBA-ALLIGATOR-E2_color=M04&to=12#prefn1=product_online_sales&prefv1=true&viewtype=grid-view-small&sz=144&to=12&start=1
[25/12/18 18:13:56][DEBUG]URL:https://www.berluti.com/ja-jp/badi-towaru-marubufu-ronguu-oretto/BADI-TOILE_MARBEUF-T19.html?dwvar_BADI-TOILE__MARBEUF-T19_color=MO5&to=13#prefn1=product_online_sales&prefv1=true&viewtype=grid-view-small&sz=144&to=13&start=1
[25/12/18 18:13:56][DEBUG]URL:https://www.berluti.com/ja-jp/santaru-guradianto-sukurittoreza-ronguu-oretto/SANTAL_NEO_GRADIANT-JOUR-V2.html?dwvar_SANTAL__NEO__GRADIANT-JOUR-V2_color=R78&to=14#prefn1=product_online_sales&prefv1=true&viewtype=grid-view-small&sz=144&to=14&start=1
[25/12/18 18:13:56][DEBUG]URL:https://www.berluti.com/ja-jp/santaru-sukurittoreza-jippuronguu-oretto/SANTAL_NEO-JOUR-V2.html?dwvar_SANTAL__NEO-JOUR-V2_color=ML6&to=15#prefn1=product_online_sales&prefv1=true&viewtype=grid-view-small&sz=144&to=15&start=1
[25/12/18 18:13:56][DEBUG]URL:https://www.berluti.com/ja-jp/santaru-sukurittoreza-jippuronguu-oretto/SANTAL_NEO-JOUR-V2.html?dwvar_SANTAL__NEO-JOUR-V2_color=K02&to=16#prefn1=product_online_sales&prefv1=true&viewtype=grid-view-small&sz=144&to=16&start=1
[25/12/18 18:13:56][DEBUG]URL:https://www.berluti.com/ja-jp/itauba-waido-sukurittoreza/ITAUBA_WIDE_NEO-JOUR-V2.html?dwvar_ITAUBA__WIDE__NEO-JOUR-V2_color=R77&to=17#prefn1=product_online_sales&prefv1=true&viewtype=grid-view-small&sz=144&to=17&start=1
[25/12/18 18:13:56][DEBUG]URL:https://www.berluti.com/ja-jp/itauba-waido-sukurittoreza/ITAUBA_WIDE_NEO-JOUR-V2.html?dwvar_ITAUBA__WIDE__NEO-JOUR-V2_color=ML6&to=18#prefn1=product_online_sales&prefv1=true&viewtype=grid-view-small&sz=144&to=18&start=1
[25/12/18 18:13:56][DEBUG]URL:https://www.berluti.com/ja-jp/itauba-waido-guradianto-sukurittoreza-rongu-jippuu-oretto/ITAUBA_WIDE_NEO_GRADIANT-JOUR-V2.html?dwvar_ITAUBA__WIDE__NEO__GRADIANT-JOUR-V2_color=B07&to=19#prefn1=product_online_sales&prefv1=true&viewtype=grid-view-small&sz=144&to=19&start=1
[25/12/18 18:13:56][DEBUG]URL:https://www.berluti.com/ja-jp/itauba-waido-guradianto-sukurittoreza-rongu-jippuu-oretto/ITAUBA_WIDE_NEO_GRADIANT-JOUR-V2.html?dwvar_ITAUBA__WIDE__NEO__GRADIANT-JOUR-V2_color=KH6&to=20#prefn1=product_online_sales&prefv1=true&viewtype=grid-view-small&sz=144&to=20&start=1
[25/12/18 18:13:56][DEBUG]URL:https://www.berluti.com/ja-jp/esupasu-sukurittoreza-ronguu-oretto/ESPACE_NEO-JOUR-V2.html?dwvar_ESPACE__NEO-JOUR-V2_color=ML6&to=21#prefn1=product_online_sales&prefv1=true&viewtype=grid-view-small&sz=144&to=21&start=1
[25/12/18 18:13:56][DEBUG]URL:https://www.berluti.com/ja-jp/esupasu-sukurittoreza-ronguu-oretto/ESPACE_NEO-JOUR-V2.html?dwvar_ESPACE__NEO-JOUR-V2_color=K02&to=22#prefn1=product_online_sales&prefv1=true&viewtype=grid-view-small&sz=144&to=22&start=1
[25/12/18 18:13:56][DEBUG]URL:https://www.berluti.com/ja-jp/esupasu-guradianto-sukurittoreza-ronguu-oretto/ESPACE_NEO_GRADIANT-JOUR-V2.html?dwvar_ESPACE__NEO__GRADIANT-JOUR-V2_color=B07&to=23#prefn1=product_online_sales&prefv1=true&viewtype=grid-view-small&sz=144&to=23&start=1
[25/12/18 18:13:56][DEBUG]URL:https://www.berluti.com/ja-jp/makore-sukurittoreza-konpakutou-oretto/MAKORE_NEO_BE_RR-BE_RAPIECE_REPRISE-V2.html?dwvar_MAKORE__NEO__BE__RR-BE__RAPIECE__REPRISE-V2_color=R79&to=24#prefn1=product_online_sales&prefv1=true&viewtype=grid-view-small&sz=144&to=24&start=1
[25/12/18 18:13:56][DEBUG]URL:https://www.berluti.com/ja-jp/inbuia-sukurittoreza-kadohoruda/IMBUIA_NEO_BE_RR-BE_RAPIECE_REPRISE-V2.html?dwvar_IMBUIA__NEO__BE__RR-BE__RAPIECE__REPRISE-V2_color=MH2&to=25#prefn1=product_online_sales&prefv1=true&viewtype=grid-view-small&sz=144&to=25&start=1
[25/12/18 18:13:56][DEBUG]URL:https://www.berluti.com/ja-jp/makore-reza-arigetareza-konpakutou-oretto/MAKORE_NEO_BE_RR-BE_RAPIECE_REPRISE-VC.html?dwvar_MAKORE__NEO__BE__RR-BE__RAPIECE__REPRISE-VC_color=MH2&to=26#prefn1=product_online_sales&prefv1=true&viewtype=grid-view-small&sz=144&to=26&start=1
[25/12/18 18:13:56][DEBUG]URL:https://www.berluti.com/ja-jp/tari-sukurittoreza-rongujippuu-oretto/TALI_NEO-JOUR_TANGRAM-V87.html?dwvar_TALI__NEO-JOUR__TANGRAM-V87_color=G89&to=27#prefn1=product_online_sales&prefv1=true&viewtype=grid-view-small&sz=144&to=27&start=1
[25/12/18 18:13:56][DEBUG]URL:https://www.berluti.com/ja-jp/inbuia-sukurittoreza-kadohoruda/IMBUIA_NEO-JOUR_TANGRAM-V88.html?dwvar_IMBUIA__NEO-JOUR__TANGRAM-V88_color=MQ8&to=28#prefn1=product_online_sales&prefv1=true&viewtype=grid-view-small&sz=144&to=28&start=1
[25/12/18 18:13:56][DEBUG]URL:https://www.berluti.com/ja-jp/banbu-sukurittoreza-kadohoruda/BAMBOU_NEO-JOUR_TANGRAM-V88.html?dwvar_BAMBOU__NEO-JOUR__TANGRAM-V88_color=MQ8&to=29#prefn1=product_online_sales&prefv1=true&viewtype=grid-view-small&sz=144&to=29&start=1
[25/12/18 18:13:56][DEBUG]URL:https://www.berluti.com/ja-jp/jagua-sukurittoreza-kadohoruda/JAGUA_NEO-JOUR_TANGRAM-V88.html?dwvar_JAGUA__NEO-JOUR__TANGRAM-V88_color=MQ8&to=30#prefn1=product_online_sales&prefv1=true&viewtype=grid-view-small&sz=144&to=30&start=1
[25/12/18 18:13:56][DEBUG]URL:https://www.berluti.com/ja-jp/makore-sukurittosuwaipureza-u-oretto/MAKORE_NEO_GRADIANT-JOUR-V2.html?dwvar_MAKORE__NEO__GRADIANT-JOUR-V2_color=B07&to=31#prefn1=product_online_sales&prefv1=true&viewtype=grid-view-small&sz=144&to=31&start=1
[25/12/18 18:13:56][DEBUG]URL:https://www.berluti.com/ja-jp/makore-sukurittosuwaipureza-u-oretto/MAKORE_NEO_GRADIANT-JOUR-V2.html?dwvar_MAKORE__NEO__GRADIANT-JOUR-V2_color=R78&to=32#prefn1=product_online_sales&prefv1=true&viewtype=grid-view-small&sz=144&to=32&start=1
[25/12/18 18:13:56][DEBUG]URL:https://www.berluti.com/ja-jp/tersio-arigetarezaoruinwan-berurutti/TERSIO-ALLIGATOR-E2.html?dwvar_TERSIO-ALLIGATOR-E2_color=M04&to=33#prefn1=product_online_sales&prefv1=true&viewtype=grid-view-small&sz=144&to=33&start=1
[25/12/18 18:13:56][DEBUG]URL:https://www.berluti.com/ja-jp/akaju-towaru-marubufu-u-oretto/ACAJOU_NEO-TOILE_MARBEUF-T19.html?dwvar_ACAJOU__NEO-TOILE__MARBEUF-T19_color=MO5&to=34#prefn1=product_online_sales&prefv1=true&viewtype=grid-view-small&sz=144&to=34&start=1
[25/12/18 18:13:56][DEBUG]URL:https://www.berluti.com/ja-jp/tari-sukurittoreza-rongujippuu-oretto/TALI_NEO-JOUR-V2.html?dwvar_TALI__NEO-JOUR-V2_color=K02&to=35#prefn1=product_online_sales&prefv1=true&viewtype=grid-view-small&sz=144&to=35&start=1
[25/12/18 18:13:56][DEBUG]URL:https://www.berluti.com/ja-jp/terushio-reza-oruinwan/TERSIO_NEO-JOUR-V2.html?dwvar_TERSIO__NEO-JOUR-V2_color=K02&to=36#prefn1=product_online_sales&prefv1=true&viewtype=grid-view-small&sz=144&to=36&start=1
[25/12/18 18:13:56][DEBUG]URL:https://www.berluti.com/ja-jp/terushio-reza-oruinwan/TERSIO_NEO-JOUR-V2.html?dwvar_TERSIO__NEO-JOUR-V2_color=G11&to=37#prefn1=product_online_sales&prefv1=true&viewtype=grid-view-small&sz=144&to=37&start=1
[25/12/18 18:13:56][DEBUG]URL:https://www.berluti.com/ja-jp/aibi-sukurittosuwaipu-reza-toiretaripochi/IVY-JOUR-V2.html?dwvar_IVY-JOUR-V2_color=G27&to=38#prefn1=product_online_sales&prefv1=true&viewtype=grid-view-small&sz=144&to=38&start=1
[25/12/18 18:13:56][DEBUG]URL:https://www.berluti.com/ja-jp/tiriwa-tiriwa-rezaoruinwan/TIRIWA_NEO-JOUR-V2.html?dwvar_TIRIWA__NEO-JOUR-V2_color=ML6&to=39#prefn1=product_online_sales&prefv1=true&viewtype=grid-view-small&sz=144&to=39&start=1
[25/12/18 18:13:56][DEBUG]URL:https://www.berluti.com/ja-jp/koa-makishi-sukurittoreza-rongu-jippu-kadohoruda/KOA_MAXI_NEO-JOUR-V2.html?dwvar_KOA__MAXI__NEO-JOUR-V2_color=K02&to=40#prefn1=product_online_sales&prefv1=true&viewtype=grid-view-small&sz=144&to=40&start=1
[25/12/18 18:13:56][DEBUG]URL:https://www.berluti.com/ja-jp/koa-makishi-sukurittoreza-rongu-jippu-kadohoruda/KOA_MAXI_NEO-JOUR-V2.html?dwvar_KOA__MAXI__NEO-JOUR-V2_color=ML6&to=41#prefn1=product_online_sales&prefv1=true&viewtype=grid-view-small&sz=144&to=41&start=1
[25/12/18 18:13:56][DEBUG]URL:https://www.berluti.com/ja-jp/makorearigetarezakonpakuto-cai-bu/MAKORE-ALLIGATOR-E2.html?dwvar_MAKORE-ALLIGATOR-E2_color=B01&to=42#prefn1=product_online_sales&prefv1=true&viewtype=grid-view-small&sz=144&to=42&start=1
[25/12/18 18:13:56][DEBUG]URL:https://www.berluti.com/ja-jp/makorearigetarezakonpakuto-cai-bu/MAKORE-ALLIGATOR-E2.html?dwvar_MAKORE-ALLIGATOR-E2_color=M04&to=43#prefn1=product_online_sales&prefv1=true&viewtype=grid-view-small&sz=144&to=43&start=1
[25/12/18 18:13:56][DEBUG]URL:https://www.berluti.com/ja-jp/makore-surimu-reza-konpakutou-oretto/MAKORE_SLIM_NEO-JOUR-V1.html?dwvar_MAKORE__SLIM__NEO-JOUR-V1_color=ML6&to=44#prefn1=product_online_sales&prefv1=true&viewtype=grid-view-small&sz=144&to=44&start=1
[25/12/18 18:13:56][DEBUG]URL:https://www.berluti.com/ja-jp/makore-sukurittoreza-konpakutou-oretto/MAKORE_NEO-JOUR_SOFTY-V82.html?dwvar_MAKORE__NEO-JOUR__SOFTY-V82_color=B02&to=45#prefn1=product_online_sales&prefv1=true&viewtype=grid-view-small&sz=144&to=45&start=1
[25/12/18 18:13:56][DEBUG]URL:https://www.berluti.com/ja-jp/makore-sukurittoreza-konpakutou-oretto/MAKORE_NEO-JOUR-V2.html?dwvar_MAKORE__NEO-JOUR-V2_color=K02&to=46#prefn1=product_online_sales&prefv1=true&viewtype=grid-view-small&sz=144&to=46&start=1
[25/12/18 18:13:56][DEBUG]URL:https://www.berluti.com/ja-jp/makore-sukurittoreza-konpakutou-oretto/MAKORE_NEO-JOUR-V2.html?dwvar_MAKORE__NEO-JOUR-V2_color=ML6&to=47#prefn1=product_online_sales&prefv1=true&viewtype=grid-view-small&sz=144&to=47&start=1
[25/12/18 18:13:56][DEBUG]URL:https://www.berluti.com/ja-jp/makore-sukurittoreza-konpakutou-oretto/MAKORE_NEO-JOUR-V2.html?dwvar_MAKORE__NEO-JOUR-V2_color=G11&to=48#prefn1=product_online_sales&prefv1=true&viewtype=grid-view-small&sz=144&to=48&start=1
[25/12/18 18:13:56][DEBUG]URL:https://www.berluti.com/ja-jp/makore-koin-sukurittoreza-u-oretto/MAKORE_COIN-JOUR-V2.html?dwvar_MAKORE__COIN-JOUR-V2_color=ML6&to=49#prefn1=product_online_sales&prefv1=true&viewtype=grid-view-small&sz=144&to=49&start=1
[25/12/18 18:13:56][DEBUG]URL:https://www.berluti.com/ja-jp/makore-surimu-guradianto-sukurittoreza-konpakutou-oretto/MAKORE_SLIM_NEO_GRADIANT-JOUR-V2.html?dwvar_MAKORE__SLIM__NEO__GRADIANT-JOUR-V2_color=RA1&to=50#prefn1=product_online_sales&prefv1=true&viewtype=grid-view-small&sz=144&to=50&start=1
[25/12/18 18:13:56][DEBUG]URL:https://www.berluti.com/ja-jp/makore-surimu-sukurittoreza-u-oretto/MAKORE_SLIM_NEO-JOUR-V2.html?dwvar_MAKORE__SLIM__NEO-JOUR-V2_color=BF6&to=51#prefn1=product_online_sales&prefv1=true&viewtype=grid-view-small&sz=144&to=51&start=1
[25/12/18 18:13:56][DEBUG]URL:https://www.berluti.com/ja-jp/makore-surimu-sukurittoreza-u-oretto/MAKORE_SLIM_NEO-JOUR-V2.html?dwvar_MAKORE__SLIM__NEO-JOUR-V2_color=R77&to=52#prefn1=product_online_sales&prefv1=true&viewtype=grid-view-small&sz=144&to=52&start=1
[25/12/18 18:13:56][DEBUG]URL:https://www.berluti.com/ja-jp/makore-sukurittoreza-u-oretto/MAKORE_NEO-JOUR-V85.html?dwvar_MAKORE__NEO-JOUR-V85_color=R35&to=53#prefn1=product_online_sales&prefv1=true&viewtype=grid-view-small&sz=144&to=53&start=1
[25/12/18 18:13:56][DEBUG]URL:https://www.berluti.com/ja-jp/makore-2in1-sukurittoreza-u-oretto/MAKORE_2IN1_NEO-JOUR-V2.html?dwvar_MAKORE__2IN1__NEO-JOUR-V2_color=ML6&to=54#prefn1=product_online_sales&prefv1=true&viewtype=grid-view-small&sz=144&to=54&start=1
[25/12/18 18:13:56][DEBUG]URL:https://www.berluti.com/ja-jp/makore-towaru-marubufu-u-oretto/MAKORE_NEO-TOILE_MARBEUF-T19.html?dwvar_MAKORE__NEO-TOILE__MARBEUF-T19_color=MO5&to=55#prefn1=product_online_sales&prefv1=true&viewtype=grid-view-small&sz=144&to=55&start=1
[25/12/18 18:13:56][DEBUG]URL:https://www.berluti.com/ja-jp/orijin-sukurittoreza-koinpasu/ORIGINE_NEO-JOUR-V2.html?dwvar_ORIGINE__NEO-JOUR-V2_color=K02&to=56#prefn1=product_online_sales&prefv1=true&viewtype=grid-view-small&sz=144&to=56&start=1
[25/12/18 18:13:56][DEBUG]URL:https://www.berluti.com/ja-jp/figyua-koin-sukurittoreza-u-oretto/FIGURE_COIN-JOUR-V2.html?dwvar_FIGURE__COIN-JOUR-V2_color=ML6&to=57#prefn1=product_online_sales&prefv1=true&viewtype=grid-view-small&sz=144&to=57&start=1
[25/12/18 18:13:56][DEBUG]URL:https://www.berluti.com/ja-jp/figyua-sukurittoreza-konpakutou-oretto/FIGURE_NEO-JOUR-V2.html?dwvar_FIGURE__NEO-JOUR-V2_color=K02&to=58#prefn1=product_online_sales&prefv1=true&viewtype=grid-view-small&sz=144&to=58&start=1
[25/12/18 18:13:56][DEBUG]URL:https://www.berluti.com/ja-jp/figyua-sukurittoreza-konpakutou-oretto/FIGURE_NEO-JOUR-V2.html?dwvar_FIGURE__NEO-JOUR-V2_color=ML6&to=59#prefn1=product_online_sales&prefv1=true&viewtype=grid-view-small&sz=144&to=59&start=1
[25/12/18 18:13:56][DEBUG]URL:https://www.berluti.com/ja-jp/akaju-sukurittoreza-konpakutou-oretto/ACAJOU_NEO-JOUR_SOFTY-V82.html?dwvar_ACAJOU__NEO-JOUR__SOFTY-V82_color=B02&to=60#prefn1=product_online_sales&prefv1=true&viewtype=grid-view-small&sz=144&to=60&start=1
[25/12/18 18:13:56][DEBUG]URL:https://www.berluti.com/ja-jp/akaju-sukurittoreza-u-oretto/ACAJOU_NEO-JOUR-V2.html?dwvar_ACAJOU__NEO-JOUR-V2_color=ML6&to=61#prefn1=product_online_sales&prefv1=true&viewtype=grid-view-small&sz=144&to=61&start=1
[25/12/18 18:13:56][DEBUG]URL:https://www.berluti.com/ja-jp/bambouarigetarezakadohoruda/BAMBOU-ALLIGATOR-E2.html?dwvar_BAMBOU-ALLIGATOR-E2_color=M03&to=62#prefn1=product_online_sales&prefv1=true&viewtype=grid-view-small&sz=144&to=62&start=1
[25/12/18 18:13:56][DEBUG]URL:https://www.berluti.com/ja-jp/banbu-tetorisu-sukurittoreza-kadohoruda/BAMBOU_TETRIS_NEO-JOUR-V2.html?dwvar_BAMBOU__TETRIS__NEO-JOUR-V2_color=K02&to=63#prefn1=product_online_sales&prefv1=true&viewtype=grid-view-small&sz=144&to=63&start=1
[25/12/18 18:13:56][DEBUG]URL:https://www.berluti.com/ja-jp/banbu-sukurittoreza-kadohoruda/BAMBOU_NEO-JOUR_SOFTY-V82.html?dwvar_BAMBOU__NEO-JOUR__SOFTY-V82_color=B02&to=64#prefn1=product_online_sales&prefv1=true&viewtype=grid-view-small&sz=144&to=64&start=1
[25/12/18 18:13:56][DEBUG]URL:https://www.berluti.com/ja-jp/banbu-neo-sukurittosuwaipurezakadohoruda/BAMBOU_NEO-JOUR-V2.html?dwvar_BAMBOU__NEO-JOUR-V2_color=ML6&to=65#prefn1=product_online_sales&prefv1=true&viewtype=grid-view-small&sz=144&to=65&start=1
[25/12/18 18:13:56][DEBUG]URL:https://www.berluti.com/ja-jp/banbu-neo-sukurittosuwaipurezakadohoruda/BAMBOU_NEO-JOUR-V2.html?dwvar_BAMBOU__NEO-JOUR-V2_color=G02&to=66#prefn1=product_online_sales&prefv1=true&viewtype=grid-view-small&sz=144&to=66&start=1
[25/12/18 18:13:56][DEBUG]URL:https://www.berluti.com/ja-jp/banbu-neo-sukurittosuwaipurezakadohoruda/BAMBOU_NEO-JOUR-V2.html?dwvar_BAMBOU__NEO-JOUR-V2_color=K02&to=67#prefn1=product_online_sales&prefv1=true&viewtype=grid-view-small&sz=144&to=67&start=1
[25/12/18 18:13:56][DEBUG]URL:https://www.berluti.com/ja-jp/banbu-neo-sukurittosuwaipurezakadohoruda/BAMBOU_NEO-JOUR-V2.html?dwvar_BAMBOU__NEO-JOUR-V2_color=B07&to=68#prefn1=product_online_sales&prefv1=true&viewtype=grid-view-small&sz=144&to=68&start=1
[25/12/18 18:13:56][DEBUG]URL:https://www.berluti.com/ja-jp/banbu-neo-sukurittosuwaipurezakadohoruda/BAMBOU_NEO-JOUR-V2.html?dwvar_BAMBOU__NEO-JOUR-V2_color=R77&to=69#prefn1=product_online_sales&prefv1=true&viewtype=grid-view-small&sz=144&to=69&start=1
[25/12/18 18:13:56][DEBUG]URL:https://www.berluti.com/ja-jp/banbu-neo-sukurittosuwaipurezakadohoruda/BAMBOU_NEO-JOUR-V2.html?dwvar_BAMBOU__NEO-JOUR-V2_color=R78&to=70#prefn1=product_online_sales&prefv1=true&viewtype=grid-view-small&sz=144&to=70&start=1
[25/12/18 18:13:56][DEBUG]URL:https://www.berluti.com/ja-jp/banbu-towaru-marubufu-kadohoruda/BAMBOU_NEO-TOILE_MARBEUF-T19.html?dwvar_BAMBOU__NEO-TOILE__MARBEUF-T19_color=MO5&to=71#prefn1=product_online_sales&prefv1=true&viewtype=grid-view-small&sz=144&to=71&start=1
[25/12/18 18:13:56][DEBUG]URL:https://www.berluti.com/ja-jp/banbu-6ccsukurittoreza-kadohoruda/BAMBOU_6CC_NEO-JOUR-V2.html?dwvar_BAMBOU__6CC__NEO-JOUR-V2_color=ML6&to=72#prefn1=product_online_sales&prefv1=true&viewtype=grid-view-small&sz=144&to=72&start=1
[25/12/18 18:13:56][DEBUG]URL:https://www.berluti.com/ja-jp/jaguaarigetarezakadohoruda/JAGUA-ALLIGATOR-E2.html?dwvar_JAGUA-ALLIGATOR-E2_color=M03&to=73#prefn1=product_online_sales&prefv1=true&viewtype=grid-view-small&sz=144&to=73&start=1
[25/12/18 18:13:56][DEBUG]URL:https://www.berluti.com/ja-jp/jagua-sukurittoreza-kadohoruda/JAGUA_NEO-JOUR-V2.html?dwvar_JAGUA__NEO-JOUR-V2_color=K02&to=74#prefn1=product_online_sales&prefv1=true&viewtype=grid-view-small&sz=144&to=74&start=1
[25/12/18 18:13:56][DEBUG]URL:https://www.berluti.com/ja-jp/jagua-sukurittoreza-kadohoruda/JAGUA_NEO-JOUR-V2.html?dwvar_JAGUA__NEO-JOUR-V2_color=ML6&to=75#prefn1=product_online_sales&prefv1=true&viewtype=grid-view-small&sz=144&to=75&start=1
[25/12/18 18:13:56][DEBUG]URL:https://www.berluti.com/ja-jp/jagua-sukurittoreza-kadohoruda/JAGUA_NEO-JOUR-V2.html?dwvar_JAGUA__NEO-JOUR-V2_color=G11&to=76#prefn1=product_online_sales&prefv1=true&viewtype=grid-view-small&sz=144&to=76&start=1
[25/12/18 18:13:56][DEBUG]URL:https://www.berluti.com/ja-jp/jagua-reza-poketto-oganaiza/JAGUA_NEO-JOUR-V1.html?dwvar_JAGUA__NEO-JOUR-V1_color=ML6&to=77#prefn1=product_online_sales&prefv1=true&viewtype=grid-view-small&sz=144&to=77&start=1
[25/12/18 18:13:56][DEBUG]URL:https://www.berluti.com/ja-jp/jagua-sukurittosuwaipureza-kadohoruda/JAGUA_NEO_GRADIANT-JOUR-V2.html?dwvar_JAGUA__NEO__GRADIANT-JOUR-V2_color=KH6&to=78#prefn1=product_online_sales&prefv1=true&viewtype=grid-view-small&sz=144&to=78&start=1
[25/12/18 18:13:56][DEBUG]URL:https://www.berluti.com/ja-jp/jagua-reza-kadohoruda/JAGUA_NEO_GRADIANT-JOUR-V1.html?dwvar_JAGUA__NEO__GRADIANT-JOUR-V1_color=B07&to=79#prefn1=product_online_sales&prefv1=true&viewtype=grid-view-small&sz=144&to=79&start=1
[25/12/18 18:13:56][DEBUG]URL:https://www.berluti.com/ja-jp/jagua-towaru-marubufu-kadohoruda/JAGUA_NEO-TOILE_MARBEUF-T19.html?dwvar_JAGUA__NEO-TOILE__MARBEUF-T19_color=MO5&to=80#prefn1=product_online_sales&prefv1=true&viewtype=grid-view-small&sz=144&to=80&start=1
[25/12/18 18:13:56][DEBUG]URL:https://www.berluti.com/ja-jp/esukeru-sukurittosuwaipureza-pasupotohoruda/ESCALE_NEO-JOUR-V2.html?dwvar_ESCALE__NEO-JOUR-V2_color=ML6&to=81#prefn1=product_online_sales&prefv1=true&viewtype=grid-view-small&sz=144&to=81&start=1
[25/12/18 18:13:56][DEBUG]URL:https://www.berluti.com/ja-jp/esukaru-towaru-marubufu-pasupotohoruda/ESCALE_NEO-TOILE_MARBEUF-T19.html?dwvar_ESCALE__NEO-TOILE__MARBEUF-T19_color=MO5&to=82#prefn1=product_online_sales&prefv1=true&viewtype=grid-view-small&sz=144&to=82&start=1
[25/12/18 18:13:56][DEBUG]URL:https://www.berluti.com/ja-jp/inbuia-sukurittoreza-kadohoruda/IMBUIA_NEO-JOUR-V2.html?dwvar_IMBUIA__NEO-JOUR-V2_color=G11&to=83#prefn1=product_online_sales&prefv1=true&viewtype=grid-view-small&sz=144&to=83&start=1
[25/12/18 18:13:56][DEBUG]URL:https://www.berluti.com/ja-jp/inbuia-sukurittoreza-kadohoruda/IMBUIA_NEO-JOUR-V2.html?dwvar_IMBUIA__NEO-JOUR-V2_color=ML6&to=84#prefn1=product_online_sales&prefv1=true&viewtype=grid-view-small&sz=144&to=84&start=1
[25/12/18 18:13:56][DEBUG]URL:https://www.berluti.com/ja-jp/inbuia-sukurittoreza-kadohoruda/IMBUIA_NEO-JOUR-V2.html?dwvar_IMBUIA__NEO-JOUR-V2_color=K02&to=85#prefn1=product_online_sales&prefv1=true&viewtype=grid-view-small&sz=144&to=85&start=1
[25/12/18 18:13:56][DEBUG]URL:https://www.berluti.com/ja-jp/inbuia-sukurittoreza-kadohoruda/IMBUIA_NEO-JOUR-V2.html?dwvar_IMBUIA__NEO-JOUR-V2_color=R77&to=86#prefn1=product_online_sales&prefv1=true&viewtype=grid-view-small&sz=144&to=86&start=1
[25/12/18 18:13:56][DEBUG]URL:https://www.berluti.com/ja-jp/inbuia-guradianto-sukurittoreza-kadohoruda/IMBUIA_NEO_GRADIANT-JOUR-V2.html?dwvar_IMBUIA__NEO__GRADIANT-JOUR-V2_color=RA1&to=87#prefn1=product_online_sales&prefv1=true&viewtype=grid-view-small&sz=144&to=87&start=1
[25/12/18 18:13:56][DEBUG]URL:https://www.berluti.com/ja-jp/inbuia-guradianto-sukurittoreza-kadohoruda/IMBUIA_NEO_GRADIANT-JOUR-V2.html?dwvar_IMBUIA__NEO__GRADIANT-JOUR-V2_color=B07&to=88#prefn1=product_online_sales&prefv1=true&viewtype=grid-view-small&sz=144&to=88&start=1
[25/12/18 18:13:56][DEBUG]URL:https://www.berluti.com/ja-jp/inbuia-towaru-marubufu-kadohoruda/IMBUIA_NEO-TOILE_MARBEUF-T19.html?dwvar_IMBUIA__NEO-TOILE__MARBEUF-T19_color=MO5&to=89#prefn1=product_online_sales&prefv1=true&viewtype=grid-view-small&sz=144&to=89&start=1
[25/12/18 18:13:56][DEBUG]URL:https://www.berluti.com/ja-jp/wapa-sukurittoreza-jippu-fukikoinpasu/WAPA_NEO-JOUR-V2.html?dwvar_WAPA__NEO-JOUR-V2_color=K02&to=90#prefn1=product_online_sales&prefv1=true&viewtype=grid-view-small&sz=144&to=90&start=1
[25/12/18 18:13:56][DEBUG]URL:https://www.berluti.com/ja-jp/wapa-sukurittoreza-jippu-fukikoinpasu/WAPA_NEO-JOUR-V2.html?dwvar_WAPA__NEO-JOUR-V2_color=ML6&to=91#prefn1=product_online_sales&prefv1=true&viewtype=grid-view-small&sz=144&to=91&start=1
[25/12/18 18:13:56][DEBUG]URL:https://www.berluti.com/ja-jp/wapa-sukurittoreza-jippu-fukikoinpasu/WAPA_NEO-JOUR-V2.html?dwvar_WAPA__NEO-JOUR-V2_color=G11&to=92#prefn1=product_online_sales&prefv1=true&viewtype=grid-view-small&sz=144&to=92&start=1
[25/12/18 18:13:56][DEBUG]URL:https://www.berluti.com/ja-jp/koa-rojikku-sukurittoreza-jippu-kadohoruda/KOA_LOGIC_NEO-JOUR-V2.html?dwvar_KOA__LOGIC__NEO-JOUR-V2_color=ML6&to=93#prefn1=product_online_sales&prefv1=true&viewtype=grid-view-small&sz=144&to=93&start=1
[25/12/18 18:13:56][DEBUG]URL:https://www.berluti.com/ja-jp/wapa-guradianto-sukurittoreza-koinpasu/WAPA_NEO_GRADIANT-JOUR-V2.html?dwvar_WAPA__NEO__GRADIANT-JOUR-V2_color=RA1&to=94#prefn1=product_online_sales&prefv1=true&viewtype=grid-view-small&sz=144&to=94&start=1
[25/12/18 18:13:56][DEBUG]URL:https://www.berluti.com/ja-jp/koto-sukurittoreza-jippu-kihoruda/KOTO_NEO-JOUR-V2.html?dwvar_KOTO__NEO-JOUR-V2_color=K02&to=95#prefn1=product_online_sales&prefv1=true&viewtype=grid-view-small&sz=144&to=95&start=1
[25/12/18 18:13:56][DEBUG]URL:https://www.berluti.com/ja-jp/itauba-sukuea-sukurittoreza-jippuu-oretto/ITAUBA_SQUARE_NEO-JOUR-V2.html?dwvar_ITAUBA__SQUARE__NEO-JOUR-V2_color=K02&to=96#prefn1=product_online_sales&prefv1=true&viewtype=grid-view-small&sz=144&to=96&start=1
[25/12/18 18:13:56][DEBUG]URL:https://www.berluti.com/ja-jp/itauba-sukuea-sukurittoreza-jippuu-oretto/ITAUBA_SQUARE_NEO-JOUR-V2.html?dwvar_ITAUBA__SQUARE__NEO-JOUR-V2_color=R78&to=97#prefn1=product_online_sales&prefv1=true&viewtype=grid-view-small&sz=144&to=97&start=1
[25/12/18 18:13:56][DEBUG]URL:https://www.berluti.com/ja-jp/juru-sukurittoreza-manekurippu/MC004-V2.html?dwvar_MC004-V2_color=ML6&to=98#prefn1=product_online_sales&prefv1=true&viewtype=grid-view-small&sz=144&to=98&start=1
[25/12/18 18:13:56][DEBUG]URL:https://www.berluti.com/ja-jp/sukurittoreza-iphone-16-prokesu/IPHONE_16_PRO_CASE-SCRITTO-V2.html?dwvar_IPHONE__16__PRO__CASE-SCRITTO-V2_color=KD4&to=99#prefn1=product_online_sales&prefv1=true&viewtype=grid-view-small&sz=144&to=99&start=1
[25/12/18 18:13:56][DEBUG]URL:https://www.berluti.com/ja-jp/sukurittoreza-iphone-16-proforio/IPHONE_16_PRO_FOLIO-SCRITTO-V2.html?dwvar_IPHONE__16__PRO__FOLIO-SCRITTO-V2_color=KD4&to=100#prefn1=product_online_sales&prefv1=true&viewtype=grid-view-small&sz=144&to=100&start=1
[25/12/18 18:13:56][DEBUG]URL:https://www.berluti.com/ja-jp/sukurittoreza-iphone-16-pro-maxkesu/IPHONE_16_PRO_MAX_CASE-SCRITTO-V2.html?dwvar_IPHONE__16__PRO__MAX__CASE-SCRITTO-V2_color=KD4&to=101#prefn1=product_online_sales&prefv1=true&viewtype=grid-view-small&sz=144&to=101&start=1
[25/12/18 18:13:56][DEBUG]URL:https://www.berluti.com/ja-jp/sukurittoreza-iphone-16-pro-maxforio/IPHONE_16_PRO_MAX_FOLIO-SCRITTO-V2.html?dwvar_IPHONE__16__PRO__MAX__FOLIO-SCRITTO-V2_color=KD4&to=102#prefn1=product_online_sales&prefv1=true&viewtype=grid-view-small&sz=144&to=102&start=1
[25/12/18 18:13:56][DEBUG]URL:https://www.berluti.com/ja-jp/sukurittoreza-magunetto-shikadohoruda/MAGNETIC_CARD_HOLDER-SCRITTO-V2.html?dwvar_MAGNETIC__CARD__HOLDER-SCRITTO-V2_color=KD4&to=103#prefn1=product_online_sales&prefv1=true&viewtype=grid-view-small&sz=144&to=103&start=1
[25/12/18 18:13:56][DEBUG]URL:https://www.berluti.com/ja-jp/sukurittoreza-iphone-15-proforio/IPHONE_15_PRO_FOLIO-SCRITTO-V2.html?dwvar_IPHONE__15__PRO__FOLIO-SCRITTO-V2_color=B07&to=104#prefn1=product_online_sales&prefv1=true&viewtype=grid-view-small&sz=144&to=104&start=1
[25/12/18 18:13:56][DEBUG]URL:https://www.berluti.com/ja-jp/sukurittoreza-iphone-15-proforio/IPHONE_15_PRO_FOLIO-SCRITTO-V2.html?dwvar_IPHONE__15__PRO__FOLIO-SCRITTO-V2_color=MH2&to=105#prefn1=product_online_sales&prefv1=true&viewtype=grid-view-small&sz=144&to=105&start=1
[25/12/18 18:13:56][DEBUG]URL:https://www.berluti.com/ja-jp/sukurittoreza-iphone-15-pro-maxkesu/IPHONE_15_PRO_MAX_CASE-SCRITTO-V2.html?dwvar_IPHONE__15__PRO__MAX__CASE-SCRITTO-V2_color=B07&to=106#prefn1=product_online_sales&prefv1=true&viewtype=grid-view-small&sz=144&to=106&start=1
[25/12/18 18:13:56][DEBUG]URL:https://www.berluti.com/ja-jp/sukurittoreza-iphone-15-pro-maxforio/IPHONE_15_PRO_MAX_FOLIO-SCRITTO-V2.html?dwvar_IPHONE__15__PRO__MAX__FOLIO-SCRITTO-V2_color=B07&to=107#prefn1=product_online_sales&prefv1=true&viewtype=grid-view-small&sz=144&to=107&start=1
[25/12/18 18:13:56][DEBUG]URL:https://www.berluti.com/ja-jp/sukurittoreza-3ben-yongu-otchikesu/WATCH_CASE_3_NEO-SCRITTO_SWIPE-V2.html?dwvar_WATCH__CASE__3__NEO-SCRITTO__SWIPE-V2_color=ML6&to=108#prefn1=product_online_sales&prefv1=true&viewtype=grid-view-small&sz=144&to=108&start=1
[25/12/18 18:13:56][DEBUG]URL:https://www.berluti.com/ja-jp/sukurittoreza-3ben-yongu-otchikesu/WATCH_CASE_3_NEO-SCRITTO_SWIPE-V2.html?dwvar_WATCH__CASE__3__NEO-SCRITTO__SWIPE-V2_color=MQ4&to=109#prefn1=product_online_sales&prefv1=true&viewtype=grid-view-small&sz=144&to=109&start=1
[25/12/18 18:13:56][DEBUG]URL:https://www.berluti.com/ja-jp/sukurittoreza-3ben-yongu-otchikesu/WATCH_CASE_3_NEO-SCRITTO_SWIPE-V2.html?dwvar_WATCH__CASE__3__NEO-SCRITTO__SWIPE-V2_color=B07&to=110#prefn1=product_online_sales&prefv1=true&viewtype=grid-view-small&sz=144&to=110&start=1
[25/12/18 18:13:56][DEBUG]URL:https://www.berluti.com/ja-jp/sukurittoreza-3ben-yongu-otchikesu/WATCH_CASE_3_NEO-SCRITTO_SWIPE-V2.html?dwvar_WATCH__CASE__3__NEO-SCRITTO__SWIPE-V2_color=G27&to=111#prefn1=product_online_sales&prefv1=true&viewtype=grid-view-small&sz=144&to=111&start=1
[25/12/18 18:13:56][DEBUG]URL:https://www.berluti.com/ja-jp/sukurittoreza-iphone-14-proforio/IPHONE_14_PRO_FOLIO-SCRITTO-V2.html?dwvar_IPHONE__14__PRO__FOLIO-SCRITTO-V2_color=B62&to=112#prefn1=product_online_sales&prefv1=true&viewtype=grid-view-small&sz=144&to=112&start=1
[25/12/18 18:13:56][DEBUG]URL:https://www.berluti.com/ja-jp/sukurittoreza-airpods-prokesu/AIRPODS_PRO_CASE-SCRITTO-V2.html?dwvar_AIRPODS__PRO__CASE-SCRITTO-V2_color=G27&to=113#prefn1=product_online_sales&prefv1=true&viewtype=grid-view-small&sz=144&to=113&start=1
[25/12/18 18:13:56][DEBUG]URL:https://www.berluti.com/ja-jp/sukurittoreza-1ben-yongu-otchikesu/WATCH_CASE_1_NEO-SCRITTO-V2.html?dwvar_WATCH__CASE__1__NEO-SCRITTO-V2_color=ML6&to=114#prefn1=product_online_sales&prefv1=true&viewtype=grid-view-small&sz=144&to=114&start=1
[25/12/18 18:13:56][DEBUG]URL:https://www.berluti.com/ja-jp/sukurittoreza-1ben-yongu-otchikesu/WATCH_CASE_1_NEO-SCRITTO-V2.html?dwvar_WATCH__CASE__1__NEO-SCRITTO-V2_color=G02&to=115#prefn1=product_online_sales&prefv1=true&viewtype=grid-view-small&sz=144&to=115&start=1
[25/12/18 18:13:56][DEBUG]URL:https://www.berluti.com/ja-jp/sukurittoreza-1ben-yongu-otchikesu/WATCH_CASE_1_NEO-SCRITTO-V2.html?dwvar_WATCH__CASE__1__NEO-SCRITTO-V2_color=G11&to=116#prefn1=product_online_sales&prefv1=true&viewtype=grid-view-small&sz=144&to=116&start=1
[25/12/18 18:13:56][DEBUG]URL:https://www.berluti.com/ja-jp/sukurittoreza-iphone-14-pro-maxkesu/IPHONE_14_PRO_MAX_CASE-SCRITTO-V2.html?dwvar_IPHONE__14__PRO__MAX__CASE-SCRITTO-V2_color=B62&to=117#prefn1=product_online_sales&prefv1=true&viewtype=grid-view-small&sz=144&to=117&start=1
[25/12/18 18:13:56][DEBUG]URL:https://www.berluti.com/ja-jp/sukurittoreza-iphone-15-prokesu/IPHONE_15_PRO_CASE-SCRITTO-V2.html?dwvar_IPHONE__15__PRO__CASE-SCRITTO-V2_color=MH2&to=118#prefn1=product_online_sales&prefv1=true&viewtype=grid-view-small&sz=144&to=118&start=1
[25/12/18 18:13:56][DEBUG]URL:https://www.berluti.com/ja-jp/sukurittoreza-iphone-15-prokesu/IPHONE_15_PRO_CASE-SCRITTO-V2.html?dwvar_IPHONE__15__PRO__CASE-SCRITTO-V2_color=B07&to=119#prefn1=product_online_sales&prefv1=true&viewtype=grid-view-small&sz=144&to=119&start=1
[25/12/18 18:13:56][DEBUG]URL:https://www.berluti.com/ja-jp/sukurittoreza-iphone-14-pro-maxforio/IPHONE_14_PRO_MAX_FOLIO-SCRITTO-V2.html?dwvar_IPHONE__14__PRO__MAX__FOLIO-SCRITTO-V2_color=B62&to=120#prefn1=product_online_sales&prefv1=true&viewtype=grid-view-small&sz=144&to=120&start=1
[25/12/18 18:13:56][DEBUG]URL:https://www.berluti.com/ja-jp/sukuritto-reza-4-shiga-kesu/CIGAR_CASE_4_NEO-V2.html?dwvar_CIGAR__CASE__4__NEO-V2_color=G02&to=121#prefn1=product_online_sales&prefv1=true&viewtype=grid-view-small&sz=144&to=121&start=1
[25/12/18 18:13:56][DEBUG]URL:https://www.berluti.com/ja-jp/sukuritto-reza-4-shiga-kesu/CIGAR_CASE_4_NEO-V2.html?dwvar_CIGAR__CASE__4__NEO-V2_color=B07&to=122#prefn1=product_online_sales&prefv1=true&viewtype=grid-view-small&sz=144&to=122&start=1
[25/12/18 18:13:56][DEBUG]URL:https://www.berluti.com/ja-jp/sukuritto-reza-2-shiga-kesu/CIGAR_CASE_2_NEO-V2.html?dwvar_CIGAR__CASE__2__NEO-V2_color=MQ4&to=123#prefn1=product_online_sales&prefv1=true&viewtype=grid-view-small&sz=144&to=123&start=1
[25/12/18 18:13:56][DEBUG]URL:https://www.berluti.com/ja-jp/sukuritto-reza-2-shiga-kesu/CIGAR_CASE_2_NEO-V2.html?dwvar_CIGAR__CASE__2__NEO-V2_color=ML6&to=124#prefn1=product_online_sales&prefv1=true&viewtype=grid-view-small&sz=144&to=124&start=1
[25/12/18 18:13:56][DEBUG]URL:https://www.berluti.com/ja-jp/sukuritto-reza-2-shiga-kesu/CIGAR_CASE_2_NEO-V2.html?dwvar_CIGAR__CASE__2__NEO-V2_color=G11&to=125#prefn1=product_online_sales&prefv1=true&viewtype=grid-view-small&sz=144&to=125&start=1
[25/12/18 18:13:56][DEBUG]URL:https://www.berluti.com/ja-jp/vu-enechia-appuru-u-otchi-buresuretto/APPLE_WATCH_BRACELET-VENEZIA-V2.html?dwvar_APPLE__WATCH__BRACELET-VENEZIA-V2_color=MH2&to=126#prefn1=product_online_sales&prefv1=true&viewtype=grid-view-small&sz=144&to=126&start=1
[25/12/18 18:13:56][DEBUG]URL:https://www.berluti.com/ja-jp/moningu-sukurittoreza-toiretaripochi/MORNING-JOUR_TANGRAM-V87.html?dwvar_MORNING-JOUR__TANGRAM-V87_color=G89&to=127#prefn1=product_online_sales&prefv1=true&viewtype=grid-view-small&sz=144&to=127&start=1
[25/12/18 18:13:56][DEBUG]URL:https://www.berluti.com/ja-jp/vu-enechia-appuru-u-otchi-buresuretto/APPLE_WATCH_BRACELET-VENEZIA-V2.html?dwvar_APPLE__WATCH__BRACELET-VENEZIA-V2_color=M10&to=128#prefn1=product_online_sales&prefv1=true&viewtype=grid-view-small&sz=144&to=128&start=1
[25/12/18 18:13:56][DEBUG]URL:https://www.berluti.com/ja-jp/vu-enechia-appuru-u-otchi-buresuretto/APPLE_WATCH_BRACELET-VENEZIA-V2.html?dwvar_APPLE__WATCH__BRACELET-VENEZIA-V2_color=B07&to=129#prefn1=product_online_sales&prefv1=true&viewtype=grid-view-small&sz=144&to=129&start=1
[25/12/18 18:13:56][DEBUG]URL:https://www.berluti.com/ja-jp/terushio-sukurittoreza-pochi/TERSIO_NEO_BE_RR-BE_RAPIECE_REPRISE-V2.html?dwvar_TERSIO__NEO__BE__RR-BE__RAPIECE__REPRISE-V2_color=K08&to=130#prefn1=product_online_sales&prefv1=true&viewtype=grid-view-small&sz=144&to=130&start=1
[25/12/18 18:13:56][DEBUG]URL:https://www.berluti.com/ja-jp/terushio-sukurittoreza-pochi/TERSIO_NEO-JOUR_SOFTY-V82.html?dwvar_TERSIO__NEO-JOUR__SOFTY-V82_color=B02&to=131#prefn1=product_online_sales&prefv1=true&viewtype=grid-view-small&sz=144&to=131&start=1
[25/12/18 18:13:56][DEBUG]URL:https://www.berluti.com/ja-jp/terushio-reza-arigetareza-pochi/TERSIO_NEO_BE_RR-BE_RAPIECE_REPRISE-VC.html?dwvar_TERSIO__NEO__BE__RR-BE__RAPIECE__REPRISE-VC_color=MH2&to=132#prefn1=product_online_sales&prefv1=true&viewtype=grid-view-small&sz=144&to=132&start=1
[25/12/18 18:13:56][DEBUG]URL:https://www.berluti.com/ja-jp/notobukkurefirua-5/REFILL_NOTEBOOK_A5_II.html?dwvar_REFILL__NOTEBOOK__A5__II_color=K01&to=133#prefn1=product_online_sales&prefv1=true&viewtype=grid-view-small&sz=144&to=133&start=1
[25/12/18 18:13:56][DEBUG]URL:https://www.berluti.com/ja-jp/ete-yui-do-u-vu-oyaju-towaru-marubufu-toraberupochi/ETUI_DE_VOYAGE-TOILE_MARBEUF-T19.html?dwvar_ETUI__DE__VOYAGE-TOILE__MARBEUF-T19_color=MO5&to=134#prefn1=product_online_sales&prefv1=true&viewtype=grid-view-small&sz=144&to=134&start=1
[25/12/18 18:13:56][DEBUG]URL:https://www.berluti.com/ja-jp/vu-enechia-appuru-u-otchi-buresuretto/APPLE_WATCH_BRACELET-VENEZIA-V2.html?dwvar_APPLE__WATCH__BRACELET-VENEZIA-V2_color=G27&to=135#prefn1=product_online_sales&prefv1=true&viewtype=grid-view-small&sz=144&to=135&start=1
[25/12/18 18:13:56][DEBUG]URL:https://www.berluti.com/ja-jp/itauba-guradianto-sukurittoreza-rongu-jippuu-oretto/ITAUBA_NEO2_GRADIANT-JOUR-V2.html?dwvar_ITAUBA__NEO2__GRADIANT-JOUR-V2_color=Y23&to=1#viewtype=grid-view-small&sz=204&to=1&start=1
[25/12/18 18:13:56][DEBUG]URL:https://www.berluti.com/ja-jp/itauba-sukurittosuwaipureza-rongujippuu-oretto/ITAUBA_NEO_GRADIANT-JOUR-V2.html?dwvar_ITAUBA__NEO__GRADIANT-JOUR-V2_color=RA1&to=2#viewtype=grid-view-small&sz=204&to=2&start=1
[25/12/18 18:13:56][DEBUG]URL:https://www.berluti.com/ja-jp/itauba-sukurittoreza-rongu-jippuu-oretto/ITAUBA_NEO2-JOUR_SOFTY-V82.html?dwvar_ITAUBA__NEO2-JOUR__SOFTY-V82_color=B02&to=3#viewtype=grid-view-small&sz=204&to=3&start=1
[25/12/18 18:13:56][DEBUG]URL:https://www.berluti.com/ja-jp/koa-makishi-sukurittoreza-rongu-jippu-kadohoruda/KOA_MAXI_NEO-JOUR-V2.html?dwvar_KOA__MAXI__NEO-JOUR-V2_color=K02&to=4#viewtype=grid-view-small&sz=204&to=4&start=1
[25/12/18 18:13:56][DEBUG]URL:https://www.berluti.com/ja-jp/koa-makishi-sukurittoreza-rongu-jippu-kadohoruda/KOA_MAXI_NEO-JOUR-V2.html?dwvar_KOA__MAXI__NEO-JOUR-V2_color=ML6&to=5#viewtype=grid-view-small&sz=204&to=5&start=1
[25/12/18 18:13:56][DEBUG]URL:https://www.berluti.com/ja-jp/makore-sukurittosuwaipureza-u-oretto/MAKORE_NEO_GRADIANT-JOUR-V2.html?dwvar_MAKORE__NEO__GRADIANT-JOUR-V2_color=B07&to=6#viewtype=grid-view-small&sz=204&to=6&start=1
[25/12/18 18:13:56][DEBUG]URL:https://www.berluti.com/ja-jp/makore-sukurittosuwaipureza-u-oretto/MAKORE_NEO_GRADIANT-JOUR-V2.html?dwvar_MAKORE__NEO__GRADIANT-JOUR-V2_color=R78&to=7#viewtype=grid-view-small&sz=204&to=7&start=1
[25/12/18 18:13:56][DEBUG]URL:https://www.berluti.com/ja-jp/koa-makishi-sukurittoreza-rongu-jippu-kadohoruda/KOA_MAXI_NEO2-JOUR-V2.html?dwvar_KOA__MAXI__NEO2-JOUR-V2_color=Y23&to=8#viewtype=grid-view-small&sz=204&to=8&start=1
[25/12/18 18:13:56][DEBUG]URL:https://www.berluti.com/ja-jp/itauba-sukurittoreza-rongu-jippuu-oretto/ITAUBA_NEO2-JOUR-V2.html?dwvar_ITAUBA__NEO2-JOUR-V2_color=K02&to=9#viewtype=grid-view-small&sz=204&to=9&start=1
[25/12/18 18:13:56][DEBUG]URL:https://www.berluti.com/ja-jp/itauba-sukurittoreza-rongu-jippuu-oretto/ITAUBA_NEO2-JOUR-V2.html?dwvar_ITAUBA__NEO2-JOUR-V2_color=ML6&to=10#viewtype=grid-view-small&sz=204&to=10&start=1
[25/12/18 18:13:56][DEBUG]URL:https://www.berluti.com/ja-jp/koa-makishi-sukurittoreza-rongu-jippu-kadohoruda/KOA_MAXI_NEO2-JOUR_SOFTY-V82.html?dwvar_KOA__MAXI__NEO2-JOUR__SOFTY-V82_color=B02&to=11#viewtype=grid-view-small&sz=204&to=11&start=1
[25/12/18 18:13:56][DEBUG]URL:https://www.berluti.com/ja-jp/rozuuddo-sukurittoreza-pochi/ROSEWOOD_NEO-JOUR-V2.html?dwvar_ROSEWOOD__NEO-JOUR-V2_color=BJ3&to=12#viewtype=grid-view-small&sz=204&to=12&start=1
[25/12/18 18:13:56][DEBUG]URL:https://www.berluti.com/ja-jp/rozuuddo-sukurittoreza-pochi/ROSEWOOD_NEO-JOUR-V2.html?dwvar_ROSEWOOD__NEO-JOUR-V2_color=ML6&to=13#viewtype=grid-view-small&sz=204&to=13&start=1
[25/12/18 18:13:56][DEBUG]URL:https://www.berluti.com/ja-jp/makore-surimu-guradianto-sukurittoreza-konpakutou-oretto/MAKORE_SLIM_NEO_GRADIANT-JOUR-V2.html?dwvar_MAKORE__SLIM__NEO__GRADIANT-JOUR-V2_color=BJ3&to=14#viewtype=grid-view-small&sz=204&to=14&start=1
[25/12/18 18:13:56][DEBUG]URL:https://www.berluti.com/ja-jp/makore-surimu-guradianto-sukurittoreza-konpakutou-oretto/MAKORE_SLIM_NEO_GRADIANT-JOUR-V2.html?dwvar_MAKORE__SLIM__NEO__GRADIANT-JOUR-V2_color=RA1&to=15#viewtype=grid-view-small&sz=204&to=15&start=1
[25/12/18 18:13:56][DEBUG]URL:https://www.berluti.com/ja-jp/badi-reza-ronguu-oretto/BADI_LUTI-JOUR-V1.html?dwvar_BADI__LUTI-JOUR-V1_color=MR5&to=16#viewtype=grid-view-small&sz=204&to=16&start=1
[25/12/18 18:13:56][DEBUG]URL:https://www.berluti.com/ja-jp/badi-reza-ronguu-oretto/BADI_LUTI-JOUR-V1.html?dwvar_BADI__LUTI-JOUR-V1_color=KD1&to=17#viewtype=grid-view-small&sz=204&to=17&start=1
[25/12/18 18:13:56][DEBUG]URL:https://www.berluti.com/ja-jp/makore-reza-konpakutou-oretto/MAKORE_NEO_LUTI-JOUR-V1.html?dwvar_MAKORE__NEO__LUTI-JOUR-V1_color=MR5&to=18#viewtype=grid-view-small&sz=204&to=18&start=1
[25/12/18 18:13:56][DEBUG]URL:https://www.berluti.com/ja-jp/makore-reza-konpakutou-oretto/MAKORE_NEO_LUTI-JOUR-V1.html?dwvar_MAKORE__NEO__LUTI-JOUR-V1_color=KD1&to=19#viewtype=grid-view-small&sz=204&to=19&start=1
[25/12/18 18:13:56][DEBUG]URL:https://www.berluti.com/ja-jp/jagua-reza-kadohoruda/JAGUA_NEO_LUTI-JOUR-V1.html?dwvar_JAGUA__NEO__LUTI-JOUR-V1_color=KD1&to=20#viewtype=grid-view-small&sz=204&to=20&start=1
[25/12/18 18:13:56][DEBUG]URL:https://www.berluti.com/ja-jp/jagua-reza-kadohoruda/JAGUA_NEO_LUTI-JOUR-V1.html?dwvar_JAGUA__NEO__LUTI-JOUR-V1_color=MR5&to=21#viewtype=grid-view-small&sz=204&to=21&start=1
[25/12/18 18:13:56][DEBUG]URL:https://www.berluti.com/ja-jp/makore-sukurittoreza-konpakutou-oretto/MAKORE_NEO-JOUR_SOFTY-V82.html?dwvar_MAKORE__NEO-JOUR__SOFTY-V82_color=B02&to=22#viewtype=grid-view-small&sz=204&to=22&start=1
[25/12/18 18:13:56][DEBUG]URL:https://www.berluti.com/ja-jp/inbuia-sukurittoreza-kadohoruda/IMBUIA_NEO-JOUR_SOFTY-V82.html?dwvar_IMBUIA__NEO-JOUR__SOFTY-V82_color=B02&to=23#viewtype=grid-view-small&sz=204&to=23&start=1
[25/12/18 18:13:56][DEBUG]URL:https://www.berluti.com/ja-jp/akaju-sukurittoreza-konpakutou-oretto/ACAJOU_NEO-JOUR_SOFTY-V82.html?dwvar_ACAJOU__NEO-JOUR__SOFTY-V82_color=B02&to=24#viewtype=grid-view-small&sz=204&to=24&start=1
[25/12/18 18:13:56][DEBUG]URL:https://www.berluti.com/ja-jp/santal-scritto-leather-long-wallet/SANTAL_NEO-JOUR_SOFTY-V82.html?dwvar_SANTAL__NEO-JOUR__SOFTY-V82_color=B02&to=25#viewtype=grid-view-small&sz=204&to=25&start=1
[25/12/18 18:13:56][DEBUG]URL:https://www.berluti.com/ja-jp/banbu-sukurittoreza-kadohoruda/BAMBOU_NEO-JOUR_SOFTY-V82.html?dwvar_BAMBOU__NEO-JOUR__SOFTY-V82_color=B02&to=26#viewtype=grid-view-small&sz=204&to=26&start=1
[25/12/18 18:13:56][DEBUG]URL:https://www.berluti.com/ja-jp/esukeru-sukurittosuwaipureza-pasupotohoruda/ESCALE_NEO-JOUR-V2.html?dwvar_ESCALE__NEO-JOUR-V2_color=ML6&to=27#viewtype=grid-view-small&sz=204&to=27&start=1
[25/12/18 18:13:56][DEBUG]URL:https://www.berluti.com/ja-jp/esukaru-guradianto-sukurittoreza-pasupotohoruda/ESCALE_NEO_GRADIANT-JOUR-V2.html?dwvar_ESCALE__NEO__GRADIANT-JOUR-V2_color=BJ3&to=28#viewtype=grid-view-small&sz=204&to=28&start=1
[25/12/18 18:13:56][DEBUG]URL:https://www.berluti.com/ja-jp/itauba-towaru-marubufu-rongu-jippuu-oretto/ITAUBA_NEO-TOILE_MARBEUF-T19.html?dwvar_ITAUBA__NEO-TOILE__MARBEUF-T19_color=MO5&to=29#viewtype=grid-view-small&sz=204&to=29&start=1
[25/12/18 18:13:56][DEBUG]URL:https://www.berluti.com/ja-jp/itauba-arigeta-rezajippu-zhang-cai-bu-berurutti/ITAUBA-ALLIGATOR-E2.html?dwvar_ITAUBA-ALLIGATOR-E2_color=B01&to=30#viewtype=grid-view-small&sz=204&to=30&start=1
[25/12/18 18:13:56][DEBUG]URL:https://www.berluti.com/ja-jp/itauba-arigeta-rezajippu-zhang-cai-bu-berurutti/ITAUBA-ALLIGATOR-E2.html?dwvar_ITAUBA-ALLIGATOR-E2_color=M04&to=31#viewtype=grid-view-small&sz=204&to=31&start=1
[25/12/18 18:13:56][DEBUG]URL:https://www.berluti.com/ja-jp/makorearigetarezakonpakuto-cai-bu/MAKORE-ALLIGATOR-E2.html?dwvar_MAKORE-ALLIGATOR-E2_color=B01&to=32#viewtype=grid-view-small&sz=204&to=32&start=1
[25/12/18 18:13:56][DEBUG]URL:https://www.berluti.com/ja-jp/makorearigetarezakonpakuto-cai-bu/MAKORE-ALLIGATOR-E2.html?dwvar_MAKORE-ALLIGATOR-E2_color=M04&to=33#viewtype=grid-view-small&sz=204&to=33&start=1
[25/12/18 18:13:56][DEBUG]URL:https://www.berluti.com/ja-jp/tersio-arigetarezaoruinwan-berurutti/TERSIO-ALLIGATOR-E2.html?dwvar_TERSIO-ALLIGATOR-E2_color=M04&to=34#viewtype=grid-view-small&sz=204&to=34&start=1
[25/12/18 18:13:56][DEBUG]URL:https://www.berluti.com/ja-jp/jaguaarigetarezakadohoruda/JAGUA-ALLIGATOR-E2.html?dwvar_JAGUA-ALLIGATOR-E2_color=M03&to=35#viewtype=grid-view-small&sz=204&to=35&start=1
[25/12/18 18:13:56][DEBUG]URL:https://www.berluti.com/ja-jp/bambouarigetarezakadohoruda/BAMBOU-ALLIGATOR-E2.html?dwvar_BAMBOU-ALLIGATOR-E2_color=M03&to=36#viewtype=grid-view-small&sz=204&to=36&start=1
[25/12/18 18:13:56][DEBUG]URL:https://www.berluti.com/ja-jp/santaru-sukurittoreza-jippuronguu-oretto/SANTAL_NEO-JOUR-V2.html?dwvar_SANTAL__NEO-JOUR-V2_color=K02&to=37#viewtype=grid-view-small&sz=204&to=37&start=1
[25/12/18 18:13:56][DEBUG]URL:https://www.berluti.com/ja-jp/santaru-sukurittoreza-jippuronguu-oretto/SANTAL_NEO-JOUR-V2.html?dwvar_SANTAL__NEO-JOUR-V2_color=ML6&to=38#viewtype=grid-view-small&sz=204&to=38&start=1
[25/12/18 18:13:56][DEBUG]URL:https://www.berluti.com/ja-jp/tiriwa-tiriwa-rezaoruinwan/TIRIWA_NEO-JOUR-V2.html?dwvar_TIRIWA__NEO-JOUR-V2_color=ML6&to=39#viewtype=grid-view-small&sz=204&to=39&start=1
[25/12/18 18:13:56][DEBUG]URL:https://www.berluti.com/ja-jp/terushio-reza-oruinwan/TERSIO_NEO-JOUR-V2.html?dwvar_TERSIO__NEO-JOUR-V2_color=K02&to=40#viewtype=grid-view-small&sz=204&to=40&start=1
[25/12/18 18:13:56][DEBUG]URL:https://www.berluti.com/ja-jp/terushio-reza-oruinwan/TERSIO_NEO-JOUR-V2.html?dwvar_TERSIO__NEO-JOUR-V2_color=G11&to=41#viewtype=grid-view-small&sz=204&to=41&start=1
[25/12/18 18:13:56][DEBUG]URL:https://www.berluti.com/ja-jp/makore-reza-arigetareza-konpakutou-oretto/MAKORE_NEO_BE_RR-BE_RAPIECE_REPRISE-VC.html?dwvar_MAKORE__NEO__BE__RR-BE__RAPIECE__REPRISE-VC_color=MH2&to=42#viewtype=grid-view-small&sz=204&to=42&start=1
[25/12/18 18:13:56][DEBUG]URL:https://www.berluti.com/ja-jp/makore-sukurittoreza-konpakutou-oretto/MAKORE_NEO_BE_RR-BE_RAPIECE_REPRISE-V2.html?dwvar_MAKORE__NEO__BE__RR-BE__RAPIECE__REPRISE-V2_color=R79&to=43#viewtype=grid-view-small&sz=204&to=43&start=1
[25/12/18 18:13:56][DEBUG]URL:https://www.berluti.com/ja-jp/figyua-koin-sukurittoreza-u-oretto/FIGURE_COIN-JOUR-V2.html?dwvar_FIGURE__COIN-JOUR-V2_color=ML6&to=44#viewtype=grid-view-small&sz=204&to=44&start=1
[25/12/18 18:13:56][DEBUG]URL:https://www.berluti.com/ja-jp/jagua-sukurittoreza-kadohoruda/JAGUA_NEO-JOUR_TANGRAM-V88.html?dwvar_JAGUA__NEO-JOUR__TANGRAM-V88_color=MQ8&to=45#viewtype=grid-view-small&sz=204&to=45&start=1
[25/12/18 18:13:56][DEBUG]URL:https://www.berluti.com/ja-jp/banbu-sukurittoreza-kadohoruda/BAMBOU_NEO-JOUR_TANGRAM-V88.html?dwvar_BAMBOU__NEO-JOUR__TANGRAM-V88_color=MQ8&to=46#viewtype=grid-view-small&sz=204&to=46&start=1
[25/12/18 18:13:56][DEBUG]URL:https://www.berluti.com/ja-jp/inbuia-sukurittoreza-kadohoruda/IMBUIA_NEO-JOUR_TANGRAM-V88.html?dwvar_IMBUIA__NEO-JOUR__TANGRAM-V88_color=MQ8&to=47#viewtype=grid-view-small&sz=204&to=47&start=1
[25/12/18 18:13:56][DEBUG]URL:https://www.berluti.com/ja-jp/tari-sukurittoreza-rongujippuu-oretto/TALI_NEO-JOUR_TANGRAM-V87.html?dwvar_TALI__NEO-JOUR__TANGRAM-V87_color=G89&to=48#viewtype=grid-view-small&sz=204&to=48&start=1
[25/12/18 18:13:56][DEBUG]URL:https://www.berluti.com/ja-jp/makore-sukurittoreza-konpakutou-oretto/MAKORE_NEO-JOUR_TANGRAM-V87.html?dwvar_MAKORE__NEO-JOUR__TANGRAM-V87_color=G89&to=49#viewtype=grid-view-small&sz=204&to=49&start=1
[25/12/18 18:13:56][DEBUG]URL:https://www.berluti.com/ja-jp/itauba-sukuea-guradianto-sukurittoreza-u-oretto/ITAUBA_SQUARE_NEO_GRADIANT-JOUR-V2.html?dwvar_ITAUBA__SQUARE__NEO__GRADIANT-JOUR-V2_color=MR5&to=50#viewtype=grid-view-small&sz=204&to=50&start=1
[25/12/18 18:13:56][DEBUG]URL:https://www.berluti.com/ja-jp/wapa-guradianto-sukurittoreza-koinpasu/WAPA_NEO_GRADIANT-JOUR-V2.html?dwvar_WAPA__NEO__GRADIANT-JOUR-V2_color=BJ3&to=51#viewtype=grid-view-small&sz=204&to=51&start=1
[25/12/18 18:13:56][DEBUG]URL:https://www.berluti.com/ja-jp/wapa-guradianto-sukurittoreza-koinpasu/WAPA_NEO_GRADIANT-JOUR-V2.html?dwvar_WAPA__NEO__GRADIANT-JOUR-V2_color=RA1&to=52#viewtype=grid-view-small&sz=204&to=52&start=1
[25/12/18 18:13:56][DEBUG]URL:https://www.berluti.com/ja-jp/wapa-sukurittoreza-jippu-fukikoinpasu/WAPA_NEO-JOUR-V2.html?dwvar_WAPA__NEO-JOUR-V2_color=G11&to=53#viewtype=grid-view-small&sz=204&to=53&start=1
[25/12/18 18:13:56][DEBUG]URL:https://www.berluti.com/ja-jp/wapa-sukurittoreza-jippu-fukikoinpasu/WAPA_NEO-JOUR-V2.html?dwvar_WAPA__NEO-JOUR-V2_color=K02&to=54#viewtype=grid-view-small&sz=204&to=54&start=1
[25/12/18 18:13:56][DEBUG]URL:https://www.berluti.com/ja-jp/wapa-sukurittoreza-jippu-fukikoinpasu/WAPA_NEO-JOUR-V2.html?dwvar_WAPA__NEO-JOUR-V2_color=ML6&to=55#viewtype=grid-view-small&sz=204&to=55&start=1
[25/12/18 18:13:56][DEBUG]URL:https://www.berluti.com/ja-jp/wapa-sukurittoreza-jippu-fukikoinpasu/WAPA_NEO-JOUR-V2.html?dwvar_WAPA__NEO-JOUR-V2_color=KE4&to=56#viewtype=grid-view-small&sz=204&to=56&start=1
[25/12/18 18:13:56][DEBUG]URL:https://www.berluti.com/ja-jp/wapa-sukurittoreza-jippu-fukikoinpasu/WAPA_NEO-JOUR-V2.html?dwvar_WAPA__NEO-JOUR-V2_color=KE5&to=57#viewtype=grid-view-small&sz=204&to=57&start=1
[25/12/18 18:13:56][DEBUG]URL:https://www.berluti.com/ja-jp/wapa-sukurittoreza-jippu-fukikoinpasu/WAPA_NEO-JOUR-V2.html?dwvar_WAPA__NEO-JOUR-V2_color=J10&to=58#viewtype=grid-view-small&sz=204&to=58&start=1
[25/12/18 18:13:56][DEBUG]URL:https://www.berluti.com/ja-jp/wapa-sukurittoreza-jippu-fukikoinpasu/WAPA_NEO-JOUR-V2.html?dwvar_WAPA__NEO-JOUR-V2_color=J12&to=59#viewtype=grid-view-small&sz=204&to=59&start=1
[25/12/18 18:13:56][DEBUG]URL:https://www.berluti.com/ja-jp/sukurittoreza-iphone-16-pro-maxforio/IPHONE_16_PRO_MAX_FOLIO-SCRITTO-V2.html?dwvar_IPHONE__16__PRO__MAX__FOLIO-SCRITTO-V2_color=KD4&to=60#viewtype=grid-view-small&sz=204&to=60&start=1
[25/12/18 18:13:56][DEBUG]URL:https://www.berluti.com/ja-jp/sukurittoreza-iphone-16-prokesu/IPHONE_16_PRO_CASE-SCRITTO-V2.html?dwvar_IPHONE__16__PRO__CASE-SCRITTO-V2_color=KD4&to=61#viewtype=grid-view-small&sz=204&to=61&start=1
[25/12/18 18:13:56][DEBUG]URL:https://www.berluti.com/ja-jp/sukurittoreza-iphone-16-pro-maxkesu/IPHONE_16_PRO_MAX_CASE-SCRITTO-V2.html?dwvar_IPHONE__16__PRO__MAX__CASE-SCRITTO-V2_color=KD4&to=62#viewtype=grid-view-small&sz=204&to=62&start=1
[25/12/18 18:13:56][DEBUG]URL:https://www.berluti.com/ja-jp/sukurittoreza-iphone-15-pro-maxkesu/IPHONE_15_PRO_MAX_CASE-SCRITTO-V2.html?dwvar_IPHONE__15__PRO__MAX__CASE-SCRITTO-V2_color=B07&to=63#viewtype=grid-view-small&sz=204&to=63&start=1
[25/12/18 18:13:56][DEBUG]URL:https://www.berluti.com/ja-jp/sukurittoreza-iphone-16-proforio/IPHONE_16_PRO_FOLIO-SCRITTO-V2.html?dwvar_IPHONE__16__PRO__FOLIO-SCRITTO-V2_color=KD4&to=64#viewtype=grid-view-small&sz=204&to=64&start=1
[25/12/18 18:13:56][DEBUG]URL:https://www.berluti.com/ja-jp/sukurittoreza-magunetto-shikadohoruda/MAGNETIC_CARD_HOLDER-SCRITTO-V2.html?dwvar_MAGNETIC__CARD__HOLDER-SCRITTO-V2_color=KD4&to=65#viewtype=grid-view-small&sz=204&to=65&start=1
[25/12/18 18:13:56][DEBUG]URL:https://www.berluti.com/ja-jp/sukurittoreza-iphone-15-prokesu/IPHONE_15_PRO_CASE-SCRITTO-V2.html?dwvar_IPHONE__15__PRO__CASE-SCRITTO-V2_color=MH2&to=66#viewtype=grid-view-small&sz=204&to=66&start=1
[25/12/18 18:13:56][DEBUG]URL:https://www.berluti.com/ja-jp/sukurittoreza-iphone-15-prokesu/IPHONE_15_PRO_CASE-SCRITTO-V2.html?dwvar_IPHONE__15__PRO__CASE-SCRITTO-V2_color=B07&to=67#viewtype=grid-view-small&sz=204&to=67&start=1
[25/12/18 18:13:56][DEBUG]URL:https://www.berluti.com/ja-jp/sukurittoreza-iphone-16-prokesu/IPHONE_16_PRO_CASE-SCRITTO-V82.html?dwvar_IPHONE__16__PRO__CASE-SCRITTO-V82_color=B02&to=68#viewtype=grid-view-small&sz=204&to=68&start=1
[25/12/18 18:13:56][DEBUG]URL:https://www.berluti.com/ja-jp/sukurittoreza-iphone-16-proforio/IPHONE_16_PRO_FOLIO-SCRITTO-V82.html?dwvar_IPHONE__16__PRO__FOLIO-SCRITTO-V82_color=B02&to=69#viewtype=grid-view-small&sz=204&to=69&start=1
[25/12/18 18:13:56][DEBUG]URL:https://www.berluti.com/ja-jp/sukurittoreza-iphone-15-pro-maxforio/IPHONE_15_PRO_MAX_FOLIO-SCRITTO-V2.html?dwvar_IPHONE__15__PRO__MAX__FOLIO-SCRITTO-V2_color=B07&to=70#viewtype=grid-view-small&sz=204&to=70&start=1
[25/12/18 18:13:56][DEBUG]URL:https://www.berluti.com/ja-jp/sukurittoreza-airpods-prokesu/AIRPODS_PRO_CASE-SCRITTO-V2.html?dwvar_AIRPODS__PRO__CASE-SCRITTO-V2_color=G27&to=71#viewtype=grid-view-small&sz=204&to=71&start=1
[25/12/18 18:13:56][DEBUG]URL:https://www.berluti.com/ja-jp/itauba-waido-guradianto-sukurittoreza-rongu-jippuu-oretto/ITAUBA_WIDE_NEO_GRADIANT-JOUR-V2.html?dwvar_ITAUBA__WIDE__NEO__GRADIANT-JOUR-V2_color=B07&to=72#viewtype=grid-view-small&sz=204&to=72&start=1
[25/12/18 18:13:56][DEBUG]URL:https://www.berluti.com/ja-jp/itauba-waido-guradianto-sukurittoreza-rongu-jippuu-oretto/ITAUBA_WIDE_NEO_GRADIANT-JOUR-V2.html?dwvar_ITAUBA__WIDE__NEO__GRADIANT-JOUR-V2_color=KH6&to=73#viewtype=grid-view-small&sz=204&to=73&start=1
[25/12/18 18:13:56][DEBUG]URL:https://www.berluti.com/ja-jp/koa-rojikku-sukurittoreza-jippu-kadohoruda/KOA_LOGIC_NEO-JOUR-V2.html?dwvar_KOA__LOGIC__NEO-JOUR-V2_color=ML6&to=74#viewtype=grid-view-small&sz=204&to=74&start=1
[25/12/18 18:13:56][DEBUG]URL:https://www.berluti.com/ja-jp/koto-sukurittoreza-jippu-kihoruda/KOTO_NEO-JOUR-V2.html?dwvar_KOTO__NEO-JOUR-V2_color=K02&to=75#viewtype=grid-view-small&sz=204&to=75&start=1
[25/12/18 18:13:56][DEBUG]URL:https://www.berluti.com/ja-jp/sukurittoreza-1ben-yongu-otchikesu/WATCH_CASE_1_NEO-SCRITTO-V2.html?dwvar_WATCH__CASE__1__NEO-SCRITTO-V2_color=ML6&to=76#viewtype=grid-view-small&sz=204&to=76&start=1
[25/12/18 18:13:56][DEBUG]URL:https://www.berluti.com/ja-jp/sukurittoreza-1ben-yongu-otchikesu/WATCH_CASE_1_NEO-SCRITTO-V2.html?dwvar_WATCH__CASE__1__NEO-SCRITTO-V2_color=F06&to=77#viewtype=grid-view-small&sz=204&to=77&start=1
[25/12/18 18:13:56][DEBUG]URL:https://www.berluti.com/ja-jp/sukurittoreza-1ben-yongu-otchikesu/WATCH_CASE_1_NEO-SCRITTO-V2.html?dwvar_WATCH__CASE__1__NEO-SCRITTO-V2_color=G11&to=78#viewtype=grid-view-small&sz=204&to=78&start=1
[25/12/18 18:13:56][DEBUG]URL:https://www.berluti.com/ja-jp/sukurittoreza-1ben-yongu-otchikesu/WATCH_CASE_1_NEO-SCRITTO-V2.html?dwvar_WATCH__CASE__1__NEO-SCRITTO-V2_color=G02&to=79#viewtype=grid-view-small&sz=204&to=79&start=1
[25/12/18 18:13:56][DEBUG]URL:https://www.berluti.com/ja-jp/sukurittoreza-1ben-yongu-otchikesu/WATCH_CASE_1_NEO-SCRITTO-V2.html?dwvar_WATCH__CASE__1__NEO-SCRITTO-V2_color=R35&to=80#viewtype=grid-view-small&sz=204&to=80&start=1
[25/12/18 18:13:56][DEBUG]URL:https://www.berluti.com/ja-jp/sukurittoreza-3ben-yongu-otchikesu/WATCH_CASE_3_NEO-SCRITTO_SWIPE-V2.html?dwvar_WATCH__CASE__3__NEO-SCRITTO__SWIPE-V2_color=ML6&to=81#viewtype=grid-view-small&sz=204&to=81&start=1
[25/12/18 18:13:56][DEBUG]URL:https://www.berluti.com/ja-jp/sukurittoreza-3ben-yongu-otchikesu/WATCH_CASE_3_NEO-SCRITTO_SWIPE-V2.html?dwvar_WATCH__CASE__3__NEO-SCRITTO__SWIPE-V2_color=BJ3&to=82#viewtype=grid-view-small&sz=204&to=82&start=1
[25/12/18 18:13:56][DEBUG]URL:https://www.berluti.com/ja-jp/sukurittoreza-3ben-yongu-otchikesu/WATCH_CASE_3_NEO-SCRITTO_SWIPE-V2.html?dwvar_WATCH__CASE__3__NEO-SCRITTO__SWIPE-V2_color=B07&to=83#viewtype=grid-view-small&sz=204&to=83&start=1
[25/12/18 18:13:56][DEBUG]URL:https://www.berluti.com/ja-jp/sukurittoreza-3ben-yongu-otchikesu/WATCH_CASE_3_NEO-SCRITTO_SWIPE-V2.html?dwvar_WATCH__CASE__3__NEO-SCRITTO__SWIPE-V2_color=MQ4&to=84#viewtype=grid-view-small&sz=204&to=84&start=1
[25/12/18 18:13:56][DEBUG]URL:https://www.berluti.com/ja-jp/sukurittoreza-3ben-yongu-otchikesu/WATCH_CASE_3_NEO-SCRITTO_SWIPE-V2.html?dwvar_WATCH__CASE__3__NEO-SCRITTO__SWIPE-V2_color=G27&to=85#viewtype=grid-view-small&sz=204&to=85&start=1
[25/12/18 18:13:56][DEBUG]URL:https://www.berluti.com/ja-jp/tari-sukurittoreza-rongujippuu-oretto/TALI_NEO-JOUR-V2.html?dwvar_TALI__NEO-JOUR-V2_color=K02&to=86#viewtype=grid-view-small&sz=204&to=86&start=1
[25/12/18 18:13:56][DEBUG]URL:https://www.berluti.com/ja-jp/tari-sukurittoreza-rongujippuu-oretto/TALI_NEO-JOUR-V2.html?dwvar_TALI__NEO-JOUR-V2_color=KE4&to=87#viewtype=grid-view-small&sz=204&to=87&start=1
[25/12/18 18:13:56][DEBUG]URL:https://www.berluti.com/ja-jp/tari-sukurittoreza-rongujippuu-oretto/TALI_NEO-JOUR-V2.html?dwvar_TALI__NEO-JOUR-V2_color=KE5&to=88#viewtype=grid-view-small&sz=204&to=88&start=1
[25/12/18 18:13:56][DEBUG]URL:https://www.berluti.com/ja-jp/tari-sukurittoreza-rongujippuu-oretto/TALI_NEO-JOUR-V2.html?dwvar_TALI__NEO-JOUR-V2_color=J12&to=89#viewtype=grid-view-small&sz=204&to=89&start=1
[25/12/18 18:13:56][DEBUG]URL:https://www.berluti.com/ja-jp/tari-sukurittoreza-rongujippuu-oretto/TALI_NEO-JOUR-V2.html?dwvar_TALI__NEO-JOUR-V2_color=J10&to=90#viewtype=grid-view-small&sz=204&to=90&start=1
[25/12/18 18:13:56][DEBUG]URL:https://www.berluti.com/ja-jp/orijinsukuritto-rezakoinpasu/ORIGINE_NEO-JOUR-V2.html?dwvar_ORIGINE__NEO-JOUR-V2_color=K02&to=91#viewtype=grid-view-small&sz=204&to=91&start=1
[25/12/18 18:13:56][DEBUG]URL:https://www.berluti.com/ja-jp/orijinsukuritto-rezakoinpasu/ORIGINE_NEO-JOUR-V2.html?dwvar_ORIGINE__NEO-JOUR-V2_color=Y23&to=92#viewtype=grid-view-small&sz=204&to=92&start=1
[25/12/18 18:13:56][DEBUG]URL:https://www.berluti.com/ja-jp/makore-sukurittoreza-konpakutou-oretto/MAKORE_NEO-JOUR-V2.html?dwvar_MAKORE__NEO-JOUR-V2_color=G11&to=93#viewtype=grid-view-small&sz=204&to=93&start=1
[25/12/18 18:13:56][DEBUG]URL:https://www.berluti.com/ja-jp/makore-sukurittoreza-konpakutou-oretto/MAKORE_NEO-JOUR-V2.html?dwvar_MAKORE__NEO-JOUR-V2_color=K02&to=94#viewtype=grid-view-small&sz=204&to=94&start=1
[25/12/18 18:13:56][DEBUG]URL:https://www.berluti.com/ja-jp/makore-sukurittoreza-konpakutou-oretto/MAKORE_NEO-JOUR-V2.html?dwvar_MAKORE__NEO-JOUR-V2_color=ML6&to=95#viewtype=grid-view-small&sz=204&to=95&start=1
[25/12/18 18:13:56][DEBUG]URL:https://www.berluti.com/ja-jp/makore-towaru-marubufu-u-oretto/MAKORE_NEO-TOILE_MARBEUF-T19.html?dwvar_MAKORE__NEO-TOILE__MARBEUF-T19_color=MO5&to=96#viewtype=grid-view-small&sz=204&to=96&start=1
[25/12/18 18:13:56][DEBUG]URL:https://www.berluti.com/ja-jp/akaju-sukurittoreza-u-oretto/ACAJOU_NEO-JOUR-V2.html?dwvar_ACAJOU__NEO-JOUR-V2_color=ML6&to=97#viewtype=grid-view-small&sz=204&to=97&start=1
[25/12/18 18:13:56][DEBUG]URL:https://www.berluti.com/ja-jp/itauba-sukuea-sukurittoreza-jippuu-oretto/ITAUBA_SQUARE_NEO-JOUR-V2.html?dwvar_ITAUBA__SQUARE__NEO-JOUR-V2_color=K02&to=98#viewtype=grid-view-small&sz=204&to=98&start=1
[25/12/18 18:13:56][DEBUG]URL:https://www.berluti.com/ja-jp/itauba-sukuea-sukurittoreza-jippuu-oretto/ITAUBA_SQUARE_NEO-JOUR-V2.html?dwvar_ITAUBA__SQUARE__NEO-JOUR-V2_color=R78&to=99#viewtype=grid-view-small&sz=204&to=99&start=1
[25/12/18 18:13:56][DEBUG]URL:https://www.berluti.com/ja-jp/aibi-sukurittosuwaipu-reza-toiretaripochi/IVY-JOUR-V2.html?dwvar_IVY-JOUR-V2_color=G27&to=100#viewtype=grid-view-small&sz=204&to=100&start=1
[25/12/18 18:13:56][DEBUG]URL:https://www.berluti.com/ja-jp/jagua-sukurittosuwaipureza-kadohoruda/JAGUA_NEO_GRADIANT-JOUR-V2.html?dwvar_JAGUA__NEO__GRADIANT-JOUR-V2_color=KH6&to=101#viewtype=grid-view-small&sz=204&to=101&start=1
[25/12/18 18:13:56][DEBUG]URL:https://www.berluti.com/ja-jp/badi-towaru-marubufu-ronguu-oretto/BADI-TOILE_MARBEUF-T19.html?dwvar_BADI-TOILE__MARBEUF-T19_color=MO5&to=102#viewtype=grid-view-small&sz=204&to=102&start=1
[25/12/18 18:13:56][DEBUG]URL:https://www.berluti.com/ja-jp/sukurittoreza-iphone-15-proforio/IPHONE_15_PRO_FOLIO-SCRITTO-V2.html?dwvar_IPHONE__15__PRO__FOLIO-SCRITTO-V2_color=B07&to=103#viewtype=grid-view-small&sz=204&to=103&start=1
[25/12/18 18:13:56][DEBUG]URL:https://www.berluti.com/ja-jp/sukurittoreza-iphone-15-proforio/IPHONE_15_PRO_FOLIO-SCRITTO-V2.html?dwvar_IPHONE__15__PRO__FOLIO-SCRITTO-V2_color=MH2&to=104#viewtype=grid-view-small&sz=204&to=104&start=1
[25/12/18 18:13:56][DEBUG]URL:https://www.berluti.com/ja-jp/inbuia-guradianto-sukurittoreza-kadohoruda/IMBUIA_NEO_GRADIANT-JOUR-V2.html?dwvar_IMBUIA__NEO__GRADIANT-JOUR-V2_color=RA1&to=105#viewtype=grid-view-small&sz=204&to=105&start=1
[25/12/18 18:13:56][DEBUG]URL:https://www.berluti.com/ja-jp/inbuia-towaru-marubufu-kadohoruda/IMBUIA_NEO-TOILE_MARBEUF-T19.html?dwvar_IMBUIA__NEO-TOILE__MARBEUF-T19_color=MO5&to=106#viewtype=grid-view-small&sz=204&to=106&start=1
[25/12/18 18:13:56][DEBUG]URL:https://www.berluti.com/ja-jp/buna-sukurittoreza-kadohoruda/BUNA-JOUR-V2.html?dwvar_BUNA-JOUR-V2_color=ML6&to=107#viewtype=grid-view-small&sz=204&to=107&start=1
[25/12/18 18:13:56][DEBUG]URL:https://www.berluti.com/ja-jp/makore-surimu-reza-konpakutou-oretto/MAKORE_SLIM_NEO-JOUR-V1.html?dwvar_MAKORE__SLIM__NEO-JOUR-V1_color=ML6&to=108#viewtype=grid-view-small&sz=204&to=108&start=1
[25/12/18 18:13:56][DEBUG]URL:https://www.berluti.com/ja-jp/jagua-towaru-marubufu-kadohoruda/JAGUA_NEO-TOILE_MARBEUF-T19.html?dwvar_JAGUA__NEO-TOILE__MARBEUF-T19_color=MO5&to=109#viewtype=grid-view-small&sz=204&to=109&start=1
[25/12/18 18:13:56][DEBUG]URL:https://www.berluti.com/ja-jp/banbu-towaru-marubufu-kadohoruda/BAMBOU_NEO-TOILE_MARBEUF-T19.html?dwvar_BAMBOU__NEO-TOILE__MARBEUF-T19_color=MO5&to=110#viewtype=grid-view-small&sz=204&to=110&start=1
[25/12/18 18:13:56][DEBUG]URL:https://www.berluti.com/ja-jp/akaju-towaru-marubufu-u-oretto/ACAJOU_NEO-TOILE_MARBEUF-T19.html?dwvar_ACAJOU__NEO-TOILE__MARBEUF-T19_color=MO5&to=111#viewtype=grid-view-small&sz=204&to=111&start=1
[25/12/18 18:13:56][DEBUG]URL:https://www.berluti.com/ja-jp/santaru-guradianto-sukurittoreza-ronguu-oretto/SANTAL_NEO_GRADIANT-JOUR-V2.html?dwvar_SANTAL__NEO__GRADIANT-JOUR-V2_color=R78&to=112#viewtype=grid-view-small&sz=204&to=112&start=1
[25/12/18 18:13:56][DEBUG]URL:https://www.berluti.com/ja-jp/esupasu-sukurittoreza-ronguu-oretto/ESPACE_NEO-JOUR-V2.html?dwvar_ESPACE__NEO-JOUR-V2_color=ML6&to=113#viewtype=grid-view-small&sz=204&to=113&start=1
[25/12/18 18:13:56][DEBUG]URL:https://www.berluti.com/ja-jp/esupasu-sukurittoreza-ronguu-oretto/ESPACE_NEO-JOUR-V2.html?dwvar_ESPACE__NEO-JOUR-V2_color=K02&to=114#viewtype=grid-view-small&sz=204&to=114&start=1
[25/12/18 18:13:56][DEBUG]URL:https://www.berluti.com/ja-jp/esupasu-guradianto-sukurittoreza-ronguu-oretto/ESPACE_NEO_GRADIANT-JOUR-V2.html?dwvar_ESPACE__NEO__GRADIANT-JOUR-V2_color=B07&to=115#viewtype=grid-view-small&sz=204&to=115&start=1
[25/12/18 18:13:56][DEBUG]URL:https://www.berluti.com/ja-jp/jagua-reza-poketto-oganaiza/JAGUA_NEO-JOUR-V1.html?dwvar_JAGUA__NEO-JOUR-V1_color=ML6&to=116#viewtype=grid-view-small&sz=204&to=116&start=1
[25/12/18 18:13:56][DEBUG]URL:https://www.berluti.com/ja-jp/jagua-reza-poketto-oganaiza/JAGUA_NEO-JOUR-V1.html?dwvar_JAGUA__NEO-JOUR-V1_color=F06&to=117#viewtype=grid-view-small&sz=204&to=117&start=1
[25/12/18 18:13:56][DEBUG]URL:https://www.berluti.com/ja-jp/jagua-sukurittoreza-kadohoruda/JAGUA_NEO-JOUR-V2.html?dwvar_JAGUA__NEO-JOUR-V2_color=K02&to=118#viewtype=grid-view-small&sz=204&to=118&start=1
[25/12/18 18:13:56][DEBUG]URL:https://www.berluti.com/ja-jp/jagua-sukurittoreza-kadohoruda/JAGUA_NEO-JOUR-V2.html?dwvar_JAGUA__NEO-JOUR-V2_color=ML6&to=119#viewtype=grid-view-small&sz=204&to=119&start=1
[25/12/18 18:13:56][DEBUG]URL:https://www.berluti.com/ja-jp/jagua-sukurittoreza-kadohoruda/JAGUA_NEO-JOUR-V2.html?dwvar_JAGUA__NEO-JOUR-V2_color=G11&to=120#viewtype=grid-view-small&sz=204&to=120&start=1
[25/12/18 18:13:56][DEBUG]URL:https://www.berluti.com/ja-jp/jagua-reza-kadohoruda/JAGUA_NEO_GRADIANT-JOUR-V1.html?dwvar_JAGUA__NEO__GRADIANT-JOUR-V1_color=B07&to=121#viewtype=grid-view-small&sz=204&to=121&start=1
[25/12/18 18:13:56][DEBUG]URL:https://www.berluti.com/ja-jp/itauba-waido-sukurittoreza/ITAUBA_WIDE_NEO-JOUR-V2.html?dwvar_ITAUBA__WIDE__NEO-JOUR-V2_color=ML6&to=122#viewtype=grid-view-small&sz=204&to=122&start=1
[25/12/18 18:13:56][DEBUG]URL:https://www.berluti.com/ja-jp/itauba-waido-sukurittoreza/ITAUBA_WIDE_NEO-JOUR-V2.html?dwvar_ITAUBA__WIDE__NEO-JOUR-V2_color=BJ3&to=123#viewtype=grid-view-small&sz=204&to=123&start=1
[25/12/18 18:13:56][DEBUG]URL:https://www.berluti.com/ja-jp/sukuritto-reza-2-shiga-kesu/CIGAR_CASE_2_NEO-V2.html?dwvar_CIGAR__CASE__2__NEO-V2_color=ML6&to=124#viewtype=grid-view-small&sz=204&to=124&start=1
[25/12/18 18:13:56][DEBUG]URL:https://www.berluti.com/ja-jp/sukuritto-reza-2-shiga-kesu/CIGAR_CASE_2_NEO-V2.html?dwvar_CIGAR__CASE__2__NEO-V2_color=F06&to=125#viewtype=grid-view-small&sz=204&to=125&start=1
[25/12/18 18:13:56][DEBUG]URL:https://www.berluti.com/ja-jp/sukuritto-reza-2-shiga-kesu/CIGAR_CASE_2_NEO-V2.html?dwvar_CIGAR__CASE__2__NEO-V2_color=MQ4&to=126#viewtype=grid-view-small&sz=204&to=126&start=1
[25/12/18 18:13:56][DEBUG]URL:https://www.berluti.com/ja-jp/sukuritto-reza-2-shiga-kesu/CIGAR_CASE_2_NEO-V2.html?dwvar_CIGAR__CASE__2__NEO-V2_color=G11&to=127#viewtype=grid-view-small&sz=204&to=127&start=1
[25/12/18 18:13:56][DEBUG]URL:https://www.berluti.com/ja-jp/sukuritto-reza-4-shiga-kesu/CIGAR_CASE_4_NEO-V2.html?dwvar_CIGAR__CASE__4__NEO-V2_color=BJ3&to=128#viewtype=grid-view-small&sz=204&to=128&start=1
[25/12/18 18:13:56][DEBUG]URL:https://www.berluti.com/ja-jp/sukuritto-reza-4-shiga-kesu/CIGAR_CASE_4_NEO-V2.html?dwvar_CIGAR__CASE__4__NEO-V2_color=G02&to=129#viewtype=grid-view-small&sz=204&to=129&start=1
[25/12/18 18:13:56][DEBUG]URL:https://www.berluti.com/ja-jp/sukuritto-reza-4-shiga-kesu/CIGAR_CASE_4_NEO-V2.html?dwvar_CIGAR__CASE__4__NEO-V2_color=B07&to=130#viewtype=grid-view-small&sz=204&to=130&start=1
[25/12/18 18:13:56][DEBUG]URL:https://www.berluti.com/ja-jp/banbu-tetorisu-sukurittoreza-kadohoruda/BAMBOU_TETRIS_NEO-JOUR-V2.html?dwvar_BAMBOU__TETRIS__NEO-JOUR-V2_color=BJ3&to=131#viewtype=grid-view-small&sz=204&to=131&start=1
[25/12/18 18:13:56][DEBUG]URL:https://www.berluti.com/ja-jp/banbu-tetorisu-sukurittoreza-kadohoruda/BAMBOU_TETRIS_NEO-JOUR-V2.html?dwvar_BAMBOU__TETRIS__NEO-JOUR-V2_color=K02&to=132#viewtype=grid-view-small&sz=204&to=132&start=1
[25/12/18 18:13:56][DEBUG]URL:https://www.berluti.com/ja-jp/banbu-neo-sukurittosuwaipurezakadohoruda/BAMBOU_NEO-JOUR-V2.html?dwvar_BAMBOU__NEO-JOUR-V2_color=ML6&to=133#viewtype=grid-view-small&sz=204&to=133&start=1
[25/12/18 18:13:56][DEBUG]URL:https://www.berluti.com/ja-jp/banbu-neo-sukurittosuwaipurezakadohoruda/BAMBOU_NEO-JOUR-V2.html?dwvar_BAMBOU__NEO-JOUR-V2_color=K02&to=134#viewtype=grid-view-small&sz=204&to=134&start=1
[25/12/18 18:13:56][DEBUG]URL:https://www.berluti.com/ja-jp/banbu-neo-sukurittosuwaipurezakadohoruda/BAMBOU_NEO-JOUR-V2.html?dwvar_BAMBOU__NEO-JOUR-V2_color=G02&to=135#viewtype=grid-view-small&sz=204&to=135&start=1
[25/12/18 18:13:56][DEBUG]URL:https://www.berluti.com/ja-jp/banbu-neo-sukurittosuwaipurezakadohoruda/BAMBOU_NEO-JOUR-V2.html?dwvar_BAMBOU__NEO-JOUR-V2_color=R78&to=136#viewtype=grid-view-small&sz=204&to=136&start=1
[25/12/18 18:13:56][DEBUG]URL:https://www.berluti.com/ja-jp/banbu-6ccsukurittoreza-kadohoruda/BAMBOU_6CC_NEO-JOUR-V2.html?dwvar_BAMBOU__6CC__NEO-JOUR-V2_color=ML6&to=137#viewtype=grid-view-small&sz=204&to=137&start=1
[25/12/18 18:13:56][DEBUG]URL:https://www.berluti.com/ja-jp/inbuia-sukurittoreza-kadohoruda/IMBUIA_NEO-JOUR-V2.html?dwvar_IMBUIA__NEO-JOUR-V2_color=K02&to=138#viewtype=grid-view-small&sz=204&to=138&start=1
[25/12/18 18:13:56][DEBUG]URL:https://www.berluti.com/ja-jp/inbuia-sukurittoreza-kadohoruda/IMBUIA_NEO-JOUR-V2.html?dwvar_IMBUIA__NEO-JOUR-V2_color=ML6&to=139#viewtype=grid-view-small&sz=204&to=139&start=1
[25/12/18 18:13:56][DEBUG]URL:https://www.berluti.com/ja-jp/inbuia-sukurittoreza-kadohoruda/IMBUIA_NEO-JOUR-V2.html?dwvar_IMBUIA__NEO-JOUR-V2_color=G11&to=140#viewtype=grid-view-small&sz=204&to=140&start=1
[25/12/18 18:13:56][DEBUG]URL:https://www.berluti.com/ja-jp/figyua-sukurittoreza-konpakutou-oretto/FIGURE_NEO-JOUR-V2.html?dwvar_FIGURE__NEO-JOUR-V2_color=ML6&to=141#viewtype=grid-view-small&sz=204&to=141&start=1
[25/12/18 18:13:56][DEBUG]URL:https://www.berluti.com/ja-jp/figyua-sukurittoreza-konpakutou-oretto/FIGURE_NEO-JOUR-V2.html?dwvar_FIGURE__NEO-JOUR-V2_color=K02&to=142#viewtype=grid-view-small&sz=204&to=142&start=1
[25/12/18 18:13:56][DEBUG]URL:https://www.berluti.com/ja-jp/esukaru-towaru-marubufu-pasupotohoruda/ESCALE_NEO-TOILE_MARBEUF-T19.html?dwvar_ESCALE__NEO-TOILE__MARBEUF-T19_color=MO5&to=143#viewtype=grid-view-small&sz=204&to=143&start=1
[25/12/18 18:13:56][DEBUG]URL:https://www.berluti.com/ja-jp/makore-2in1-sukurittoreza-u-oretto/MAKORE_2IN1_NEO-JOUR-V2.html?dwvar_MAKORE__2IN1__NEO-JOUR-V2_color=ML6&to=144#viewtype=grid-view-small&sz=204&to=144&start=1
[25/12/18 18:13:56][DEBUG]URL:https://www.berluti.com/ja-jp/vu-enechia-appuru-u-otchi-buresuretto/APPLE_WATCH_BRACELET-VENEZIA-V2.html?dwvar_APPLE__WATCH__BRACELET-VENEZIA-V2_color=MH2&to=145#viewtype=grid-view-small&sz=204&to=145&start=1
[25/12/18 18:13:56][DEBUG]URL:https://www.berluti.com/ja-jp/esupasu-sukurittoreza-ronguu-oretto/ESPACE_NEO-JOUR-V2.html?dwvar_ESPACE__NEO-JOUR-V2_color=BJ3&to=146#viewtype=grid-view-small&sz=204&to=146&start=1
[25/12/18 18:13:56][DEBUG]URL:https://www.berluti.com/ja-jp/inbuia-guradianto-sukurittoreza-kadohoruda/IMBUIA_NEO_GRADIANT-JOUR-V2.html?dwvar_IMBUIA__NEO__GRADIANT-JOUR-V2_color=Y23&to=147#viewtype=grid-view-small&sz=204&to=147&start=1
[25/12/18 18:13:56][DEBUG]URL:https://www.berluti.com/ja-jp/itauba-neo-sukuritto-reza-rongu-jippu-fuki-u-oretto/ITAUBA_NEO-JOUR-V2.html?dwvar_ITAUBA__NEO-JOUR-V2_color=J10&to=148#viewtype=grid-view-small&sz=204&to=148&start=1
[25/12/18 18:13:56][DEBUG]URL:https://www.berluti.com/ja-jp/vu-enechia-appuru-u-otchi-buresuretto/APPLE_WATCH_BRACELET-VENEZIA-V2.html?dwvar_APPLE__WATCH__BRACELET-VENEZIA-V2_color=M10&to=149#viewtype=grid-view-small&sz=204&to=149&start=1
[25/12/18 18:13:56][DEBUG]URL:https://www.berluti.com/ja-jp/juru-sukurittoreza-manekurippu/MC004-V2.html?dwvar_MC004-V2_color=ML6&to=150#viewtype=grid-view-small&sz=204&to=150&start=1
[25/12/18 18:13:56][DEBUG]URL:https://www.berluti.com/ja-jp/terushio-reza-oruinwan/TERSIO_NEO-JOUR-V2.html?dwvar_TERSIO__NEO-JOUR-V2_color=MR5&to=151#viewtype=grid-view-small&sz=204&to=151&start=1
[25/12/18 18:13:56][DEBUG]URL:https://www.berluti.com/ja-jp/itauba-neo-sukuritto-reza-rongu-jippu-fuki-u-oretto/ITAUBA_NEO-JOUR-V2.html?dwvar_ITAUBA__NEO-JOUR-V2_color=KE5&to=152#viewtype=grid-view-small&sz=204&to=152&start=1
[25/12/18 18:13:56][DEBUG]URL:https://www.berluti.com/ja-jp/inbuia-sukurittoreza-kadohoruda/IMBUIA_NEO-JOUR-V2.html?dwvar_IMBUIA__NEO-JOUR-V2_color=J10&to=153#viewtype=grid-view-small&sz=204&to=153&start=1
[25/12/18 18:13:56][DEBUG]URL:https://www.berluti.com/ja-jp/itauba-neo-sukuritto-reza-rongu-jippu-fuki-u-oretto/ITAUBA_NEO-JOUR-V2.html?dwvar_ITAUBA__NEO-JOUR-V2_color=KE4&to=154#viewtype=grid-view-small&sz=204&to=154&start=1
[25/12/18 18:13:56][DEBUG]URL:https://www.berluti.com/ja-jp/notobukkurefirua-5/REFILL_NOTEBOOK_A5_II.html?dwvar_REFILL__NOTEBOOK__A5__II_color=K01&to=155#viewtype=grid-view-small&sz=204&to=155&start=1
[25/12/18 18:13:56][DEBUG]URL:https://www.berluti.com/ja-jp/itauba-neo-sukuritto-reza-rongu-jippu-fuki-u-oretto/ITAUBA_NEO-JOUR-V2.html?dwvar_ITAUBA__NEO-JOUR-V2_color=KM7&to=156#viewtype=grid-view-small&sz=204&to=156&start=1
[25/12/18 18:13:56][DEBUG]URL:https://www.berluti.com/ja-jp/vu-enechia-appuru-u-otchi-buresuretto/APPLE_WATCH_BRACELET-VENEZIA-V2.html?dwvar_APPLE__WATCH__BRACELET-VENEZIA-V2_color=B07&to=157#viewtype=grid-view-small&sz=204&to=157&start=1
[25/12/18 18:13:56][DEBUG]URL:https://www.berluti.com/ja-jp/figyua-sukurittoreza-konpakutou-oretto/FIGURE_NEO-JOUR-V2.html?dwvar_FIGURE__NEO-JOUR-V2_color=KM7&to=158#viewtype=grid-view-small&sz=204&to=158&start=1
[25/12/18 18:13:56][DEBUG]URL:https://www.berluti.com/ja-jp/santaru-sukurittoreza-jippuronguu-oretto/SANTAL_NEO-JOUR-V2.html?dwvar_SANTAL__NEO-JOUR-V2_color=KE4&to=159#viewtype=grid-view-small&sz=204&to=159&start=1
[25/12/18 18:13:56][DEBUG]URL:https://www.berluti.com/ja-jp/santaru-sukurittoreza-jippuronguu-oretto/SANTAL_NEO-JOUR-V2.html?dwvar_SANTAL__NEO-JOUR-V2_color=J10&to=160#viewtype=grid-view-small&sz=204&to=160&start=1
[25/12/18 18:13:56][DEBUG]URL:https://www.berluti.com/ja-jp/santaru-sukurittoreza-jippuronguu-oretto/SANTAL_NEO-JOUR-V2.html?dwvar_SANTAL__NEO-JOUR-V2_color=J10&to=161#viewtype=grid-view-small&sz=204&to=161&start=1
[25/12/18 18:13:56][DEBUG]URL:https://www.berluti.com/ja-jp/itauba-neo-sukuritto-reza-rongu-jippu-fuki-u-oretto/ITAUBA_NEO-JOUR-V2.html?dwvar_ITAUBA__NEO-JOUR-V2_color=J20&to=162#viewtype=grid-view-small&sz=204&to=162&start=1
[25/12/18 18:13:56][DEBUG]URL:https://www.berluti.com/ja-jp/banbu-neo-sukurittosuwaipurezakadohoruda/BAMBOU_NEO-JOUR-V2.html?dwvar_BAMBOU__NEO-JOUR-V2_color=F06&to=163#viewtype=grid-view-small&sz=204&to=163&start=1
[25/12/18 18:13:56][DEBUG]URL:https://www.berluti.com/ja-jp/inbuia-sukurittoreza-kadohoruda/IMBUIA_NEO-JOUR-V2.html?dwvar_IMBUIA__NEO-JOUR-V2_color=KE5&to=164#viewtype=grid-view-small&sz=204&to=164&start=1
[25/12/18 18:13:56][DEBUG]URL:https://www.berluti.com/ja-jp/inbuia-sukurittoreza-kadohoruda/IMBUIA_NEO-JOUR-V2.html?dwvar_IMBUIA__NEO-JOUR-V2_color=J12&to=165#viewtype=grid-view-small&sz=204&to=165&start=1
[25/12/18 18:13:56][DEBUG]URL:https://www.berluti.com/ja-jp/ete-yui-do-u-vu-oyaju-towaru-marubufu-toraberupochi/ETUI_DE_VOYAGE-TOILE_MARBEUF-T19.html?dwvar_ETUI__DE__VOYAGE-TOILE__MARBEUF-T19_color=MO5&to=166#viewtype=grid-view-small&sz=204&to=166&start=1
[25/12/18 18:13:56][DEBUG]URL:https://www.berluti.com/ja-jp/santaru-sukurittoreza-jippuronguu-oretto/SANTAL_NEO-JOUR-V2.html?dwvar_SANTAL__NEO-JOUR-V2_color=KE5&to=167#viewtype=grid-view-small&sz=204&to=167&start=1
[25/12/18 18:13:56][DEBUG]URL:https://www.berluti.com/ja-jp/inbuia-sukurittoreza-kadohoruda/IMBUIA_NEO-JOUR-V2.html?dwvar_IMBUIA__NEO-JOUR-V2_color=KE4&to=168#viewtype=grid-view-small&sz=204&to=168&start=1
[25/12/18 18:13:56][DEBUG]URL:https://www.berluti.com/ja-jp/figyua-sukurittoreza-konpakutou-oretto/FIGURE_NEO-JOUR-V2.html?dwvar_FIGURE__NEO-JOUR-V2_color=J10&to=169#viewtype=grid-view-small&sz=204&to=169&start=1
[25/12/18 18:13:56][DEBUG]URL:https://www.berluti.com/ja-jp/itauba-waido-sukurittoreza/ITAUBA_WIDE_NEO-JOUR-V2.html?dwvar_ITAUBA__WIDE__NEO-JOUR-V2_color=J12&to=170#viewtype=grid-view-small&sz=204&to=170&start=1
[25/12/18 18:13:56][DEBUG]URL:https://www.berluti.com/ja-jp/itauba-waido-sukurittoreza/ITAUBA_WIDE_NEO-JOUR-V2.html?dwvar_ITAUBA__WIDE__NEO-JOUR-V2_color=J10&to=171#viewtype=grid-view-small&sz=204&to=171&start=1
[25/12/18 18:13:56][DEBUG]URL:https://www.berluti.com/ja-jp/itauba-neo-sukuritto-reza-rongu-jippu-fuki-u-oretto/ITAUBA_NEO-JOUR-V2.html?dwvar_ITAUBA__NEO-JOUR-V2_color=J12&to=172#viewtype=grid-view-small&sz=204&to=172&start=1
[25/12/18 18:13:56][DEBUG]URL:https://www.berluti.com/ja-jp/figyua-sukurittoreza-konpakutou-oretto/FIGURE_NEO-JOUR-V2.html?dwvar_FIGURE__NEO-JOUR-V2_color=KE5&to=173#viewtype=grid-view-small&sz=204&to=173&start=1
[25/12/18 18:13:56][DEBUG]URL:https://www.berluti.com/ja-jp/figyua-sukurittoreza-konpakutou-oretto/FIGURE_NEO-JOUR-V2.html?dwvar_FIGURE__NEO-JOUR-V2_color=KE4&to=174#viewtype=grid-view-small&sz=204&to=174&start=1
[25/12/18 18:13:56][DEBUG]URL:https://www.berluti.com/ja-jp/santaru-sukurittoreza-jippuronguu-oretto/SANTAL_NEO-JOUR-V2.html?dwvar_SANTAL__NEO-JOUR-V2_color=J12&to=175#viewtype=grid-view-small&sz=204&to=175&start=1
[25/12/18 18:13:56][DEBUG]URL:https://www.berluti.com/ja-jp/figyua-sukurittoreza-konpakutou-oretto/FIGURE_NEO-JOUR-V2.html?dwvar_FIGURE__NEO-JOUR-V2_color=J12&to=176#viewtype=grid-view-small&sz=204&to=176&start=1
[25/12/18 18:13:56][DEBUG]URL:https://www.berluti.com/ja-jp/cyrus-omankafurezasurippa/S3786-C6.html?dwvar_S3786-C6_color=M26&to=1#prefn1=product_online_sales&prefv1=true&viewtype=grid-view-small&sz=12&to=1&start=1
[25/12/18 18:13:56][DEBUG]URL:https://www.berluti.com/ja-jp/sairasu-sukurittoreza-surippa/S3786-V2.html?dwvar_S3786-V2_color=KD4&to=2#prefn1=product_online_sales&prefv1=true&viewtype=grid-view-small&sz=12&to=2&start=1
[25/12/18 18:13:56][DEBUG]URL:https://www.berluti.com/ja-jp/shadou-rezasandaru/S6259-BB0.html?dwvar_S6259-BB0_color=KH3&to=3#prefn1=product_online_sales&prefv1=true&viewtype=grid-view-small&sz=12&to=3&start=1
[25/12/18 18:13:56][DEBUG]URL:https://www.berluti.com/ja-jp/shifunosu-sukuritto-rezasandaru/S5438-V33.html?dwvar_S5438-V33_color=ML6&to=4#prefn1=product_online_sales&prefv1=true&viewtype=grid-view-small&sz=12&to=4&start=1
[25/12/18 18:13:56][DEBUG]URL:https://www.berluti.com/ja-jp/shifunosu-sukuritto-rezasandaru/S5438-V33.html?dwvar_S5438-V33_color=KH1&to=5#prefn1=product_online_sales&prefv1=true&viewtype=grid-view-small&sz=12&to=5&start=1
[25/12/18 18:13:56][DEBUG]URL:https://www.berluti.com/ja-jp/shifunosu-sukurittoreza-sandaru/S5439-BB6.html?dwvar_S5439-BB6_color=G58&to=6#prefn1=product_online_sales&prefv1=true&viewtype=grid-view-small&sz=12&to=6&start=1
[25/12/18 18:13:56][DEBUG]URL:https://www.berluti.com/ja-jp/shifunosu-sukuritto-rezasandaru-bureidoditeru/S5439-V33.html?dwvar_S5439-V33_color=ML6&to=7#prefn1=product_online_sales&prefv1=true&viewtype=grid-view-small&sz=12&to=7&start=1
[25/12/18 18:13:56][DEBUG]URL:https://www.berluti.com/ja-jp/shadou-rezasandaru/S6261-V2.html?dwvar_S6261-V2_color=ML6&to=8#prefn1=product_online_sales&prefv1=true&viewtype=grid-view-small&sz=12&to=8&start=1
[25/12/18 18:13:56][DEBUG]URL:https://www.berluti.com/ja-jp/to-ujuru-sofuto-jippubaggu-reza-toraberubaggu/ZIPPED_BAG-V81.html?dwvar_ZIPPED__BAG-V81_color=MM5&to=1#viewtype=grid-view-small&sz=192&to=1&start=1
[25/12/18 18:13:56][DEBUG]URL:https://www.berluti.com/ja-jp/to-ujuru-sofuto-jippubaggu-sukurittoreza-toraberubaggu/ZIPPED_BAG-V41.html?dwvar_ZIPPED__BAG-V41_color=K02&to=2#viewtype=grid-view-small&sz=192&to=2&start=1
[25/12/18 18:13:56][DEBUG]URL:https://www.berluti.com/ja-jp/to-ujuru-xs-poketto-sukurittoreza-totobaggu/TOUJOURS_XS_POCKET-V2.html?dwvar_TOUJOURS__XS__POCKET-V2_color=MR5&to=3#viewtype=grid-view-small&sz=192&to=3&start=1
[25/12/18 18:13:56][DEBUG]URL:https://www.berluti.com/ja-jp/to-ujuru-xs-sukurittoreza-totobaggu/TOUJOURS_XS-V2.html?dwvar_TOUJOURS__XS-V2_color=Y23&to=4#viewtype=grid-view-small&sz=192&to=4&start=1
[25/12/18 18:13:56][DEBUG]URL:https://www.berluti.com/ja-jp/to-ujuru-xs-sukurittoreza-totobaggu/TOUJOURS_XS-V2.html?dwvar_TOUJOURS__XS-V2_color=K02&to=5#viewtype=grid-view-small&sz=192&to=5&start=1
[25/12/18 18:13:56][DEBUG]URL:https://www.berluti.com/ja-jp/to-ujuru-xs-sukurittoreza-totobaggu/TOUJOURS_XS-V2.html?dwvar_TOUJOURS__XS-V2_color=KM7&to=6#viewtype=grid-view-small&sz=192&to=6&start=1
[25/12/18 18:13:56][DEBUG]URL:https://www.berluti.com/ja-jp/to-ujuru-xs-sukurittoreza-totobaggu/TOUJOURS_XS-V2.html?dwvar_TOUJOURS__XS-V2_color=MQ4&to=7#viewtype=grid-view-small&sz=192&to=7&start=1
[25/12/18 18:13:56][DEBUG]URL:https://www.berluti.com/ja-jp/luti-38-leather-tote-bag/LUTI_38-V89.html?dwvar_LUTI__38-V89_color=MN6&to=8#viewtype=grid-view-small&sz=192&to=8&start=1
[25/12/18 18:13:56][DEBUG]URL:https://www.berluti.com/ja-jp/rutti-38-rezabaggu/LUTI_38-V1.html?dwvar_LUTI__38-V1_color=ML6&to=9#viewtype=grid-view-small&sz=192&to=9&start=1
[25/12/18 18:13:56][DEBUG]URL:https://www.berluti.com/ja-jp/rutti-38-rezabaggu/LUTI_38-V1.html?dwvar_LUTI__38-V1_color=K02&to=10#viewtype=grid-view-small&sz=192&to=10&start=1
[25/12/18 18:13:56][DEBUG]URL:https://www.berluti.com/ja-jp/jurunarie-xs-reza-messenja/JOURNALIER_XS-CE.html?dwvar_JOURNALIER__XS-CE_color=MC5&to=11#viewtype=grid-view-small&sz=192&to=11&start=1
[25/12/18 18:13:56][DEBUG]URL:https://www.berluti.com/ja-jp/emio-rezaburifukesu/E_MIO_NEO_PUNTO_A_MANO-V1.html?dwvar_E__MIO__NEO__PUNTO__A__MANO-V1_color=MA1&to=12#viewtype=grid-view-small&sz=192&to=12&start=1
[25/12/18 18:13:56][DEBUG]URL:https://www.berluti.com/ja-jp/to-ujuru-sukurittoreza-totobaggu/TOUJOURS_NEO-V2.html?dwvar_TOUJOURS__NEO-V2_color=K02&to=13#viewtype=grid-view-small&sz=192&to=13&start=1
[25/12/18 18:13:56][DEBUG]URL:https://www.berluti.com/ja-jp/to-ujuru-sukurittoreza-totobaggu/TOUJOURS_NEO-V2.html?dwvar_TOUJOURS__NEO-V2_color=KE4&to=14#viewtype=grid-view-small&sz=192&to=14&start=1
[25/12/18 18:13:56][DEBUG]URL:https://www.berluti.com/ja-jp/to-ujuru-sukurittoreza-totobaggu/TOUJOURS_NEO-V2.html?dwvar_TOUJOURS__NEO-V2_color=KE5&to=15#viewtype=grid-view-small&sz=192&to=15&start=1
[25/12/18 18:13:56][DEBUG]URL:https://www.berluti.com/ja-jp/to-ujuru-sukurittoreza-totobaggu/TOUJOURS_NEO-V2.html?dwvar_TOUJOURS__NEO-V2_color=KM7&to=16#viewtype=grid-view-small&sz=192&to=16&start=1
[25/12/18 18:13:56][DEBUG]URL:https://www.berluti.com/ja-jp/to-ujuru-sukurittoreza-totobaggu/TOUJOURS_NEO-V2.html?dwvar_TOUJOURS__NEO-V2_color=J10&to=17#viewtype=grid-view-small&sz=192&to=17&start=1
[25/12/18 18:13:56][DEBUG]URL:https://www.berluti.com/ja-jp/to-ujuru-sukurittoreza-totobaggu/TOUJOURS_NEO-V2.html?dwvar_TOUJOURS__NEO-V2_color=J12&to=18#viewtype=grid-view-small&sz=192&to=18&start=1
[25/12/18 18:13:56][DEBUG]URL:https://www.berluti.com/ja-jp/to-ujuru-mini-poketto-sukurittoreza-totobaggu/TOUJOURS_MINI_NEO_POCKET-V2.html?dwvar_TOUJOURS__MINI__NEO__POCKET-V2_color=BJ3&to=19#viewtype=grid-view-small&sz=192&to=19&start=1
[25/12/18 18:13:56][DEBUG]URL:https://www.berluti.com/ja-jp/to-ujuruxs-guradianto-sukurittoreza-totobaggu/TOUJOURS_XS_GRADIANT-V2.html?dwvar_TOUJOURS__XS__GRADIANT-V2_color=B07&to=20#viewtype=grid-view-small&sz=192&to=20&start=1
[25/12/18 18:13:56][DEBUG]URL:https://www.berluti.com/ja-jp/to-ujuruxs-guradianto-sukurittoreza-totobaggu/TOUJOURS_XS_GRADIANT-V2.html?dwvar_TOUJOURS__XS__GRADIANT-V2_color=KH6&to=21#viewtype=grid-view-small&sz=192&to=21&start=1
[25/12/18 18:13:56][DEBUG]URL:https://www.berluti.com/ja-jp/ruti-25-reza-messenja/LUTI_25-V1.html?dwvar_LUTI__25-V1_color=MR5&to=22#viewtype=grid-view-small&sz=192&to=22&start=1
[25/12/18 18:13:56][DEBUG]URL:https://www.berluti.com/ja-jp/to-ujuru-sofuto-jippu-hobo-xs-sukurittoreza-messenja/ZIPPED_HOBO_XS-V41.html?dwvar_ZIPPED__HOBO__XS-V41_color=MA1&to=23#viewtype=grid-view-small&sz=192&to=23&start=1
[25/12/18 18:13:56][DEBUG]URL:https://www.berluti.com/ja-jp/to-ujuru-sofuto-jippu-hobo-xs-sukurittoreza-messenja/ZIPPED_HOBO_XS-V82.html?dwvar_ZIPPED__HOBO__XS-V82_color=MM5&to=24#viewtype=grid-view-small&sz=192&to=24&start=1
[25/12/18 18:13:56][DEBUG]URL:https://www.berluti.com/ja-jp/to-ujuru-sofuto-jippu-hobo-xs-reza-messenja/ZIPPED_HOBO_XS-V3.html?dwvar_ZIPPED__HOBO__XS-V3_color=F06&to=25#viewtype=grid-view-small&sz=192&to=25&start=1
[25/12/18 18:13:56][DEBUG]URL:https://www.berluti.com/ja-jp/andi-fon-pochi-reza-messenja/ANDY_PHONE_POUCH-V1.html?dwvar_ANDY__PHONE__POUCH-V1_color=ML6&to=26#viewtype=grid-view-small&sz=192&to=26&start=1
[25/12/18 18:13:56][DEBUG]URL:https://www.berluti.com/ja-jp/andi-kurosubodi-reza-messenja/ANDY_CROSSBODY-V1.html?dwvar_ANDY__CROSSBODY-V1_color=ML6&to=27#viewtype=grid-view-small&sz=192&to=27&start=1
[25/12/18 18:13:56][DEBUG]URL:https://www.berluti.com/ja-jp/andi-messenja-rezaburifukesu/ANDY_MESSENGER-V1.html?dwvar_ANDY__MESSENGER-V1_color=ML6&to=28#viewtype=grid-view-small&sz=192&to=28&start=1
[25/12/18 18:13:56][DEBUG]URL:https://www.berluti.com/ja-jp/wakingudei-sukurittoreza-bakkupakku/WORKING_DAY-V82.html?dwvar_WORKING__DAY-V82_color=K02&to=29#viewtype=grid-view-small&sz=192&to=29&start=1
[25/12/18 18:13:56][DEBUG]URL:https://www.berluti.com/ja-jp/to-ujuru-sofuto-jippu-hobo-sukurittoreza-messenja/ZIPPED_HOBO-V82.html?dwvar_ZIPPED__HOBO-V82_color=MM5&to=30#viewtype=grid-view-small&sz=192&to=30&start=1
[25/12/18 18:13:56][DEBUG]URL:https://www.berluti.com/ja-jp/moningu-on-sutorappu-reza-messenja/MORNING_ON_STRAP-V81.html?dwvar_MORNING__ON__STRAP-V81_color=MM5&to=31#viewtype=grid-view-small&sz=192&to=31&start=1
[25/12/18 18:13:56][DEBUG]URL:https://www.berluti.com/ja-jp/moningu-sukurittoreza-toiretaripochi/MORNING-JOUR_TANGRAM-V87.html?dwvar_MORNING-JOUR__TANGRAM-V87_color=G89&to=32#viewtype=grid-view-small&sz=192&to=32&start=1
[25/12/18 18:13:56][DEBUG]URL:https://www.berluti.com/ja-jp/obanaito-sukurittoreza-toraberubaggu/OVERNIGHT-V82.html?dwvar_OVERNIGHT-V82_color=MM5&to=33#viewtype=grid-view-small&sz=192&to=33&start=1
[25/12/18 18:13:56][DEBUG]URL:https://www.berluti.com/ja-jp/obanaito-reza-toraberubaggu/OVERNIGHT-CE.html?dwvar_OVERNIGHT-CE_color=MC5&to=34#viewtype=grid-view-small&sz=192&to=34&start=1
[25/12/18 18:13:56][DEBUG]URL:https://www.berluti.com/ja-jp/obanaito-reza-toraberubaggu/OVERNIGHT-CE.html?dwvar_OVERNIGHT-CE_color=K62&to=35#viewtype=grid-view-small&sz=192&to=35&start=1
[25/12/18 18:13:56][DEBUG]URL:https://www.berluti.com/ja-jp/to-ujuru-xs-towaru-marubufu-totobaggu/TOUJOURS_XS-T19.html?dwvar_TOUJOURS__XS-T19_color=MO5&to=36#viewtype=grid-view-small&sz=192&to=36&start=1
[25/12/18 18:13:56][DEBUG]URL:https://www.berluti.com/ja-jp/to-ujuru-mini-neo-sukurittoreza-totobaggu/TOUJOURS_MINI_NEO-V2.html?dwvar_TOUJOURS__MINI__NEO-V2_color=KD4&to=37#viewtype=grid-view-small&sz=192&to=37&start=1
[25/12/18 18:13:56][DEBUG]URL:https://www.berluti.com/ja-jp/to-ujuru-mini-neo-sukurittoreza-totobaggu/TOUJOURS_MINI_NEO-V2.html?dwvar_TOUJOURS__MINI__NEO-V2_color=G27&to=38#viewtype=grid-view-small&sz=192&to=38&start=1
[25/12/18 18:13:56][DEBUG]URL:https://www.berluti.com/ja-jp/to-ujuru-mini-neo-sukurittoreza-totobaggu/TOUJOURS_MINI_NEO-V2.html?dwvar_TOUJOURS__MINI__NEO-V2_color=G11&to=39#viewtype=grid-view-small&sz=192&to=39&start=1
[25/12/18 18:13:56][DEBUG]URL:https://www.berluti.com/ja-jp/to-ujuru-mini-sukurittoreza-totobaggu/TOUJOURS_MINI_NEO_BE_RR-V2.html?dwvar_TOUJOURS__MINI__NEO__BE__RR-V2_color=R79&to=40#viewtype=grid-view-small&sz=192&to=40&start=1
[25/12/18 18:13:56][DEBUG]URL:https://www.berluti.com/ja-jp/to-ujuru-mini-sukurittoreza-totobaggu/TOUJOURS_MINI_NEO_GRADIANT-V2.html?dwvar_TOUJOURS__MINI__NEO__GRADIANT-V2_color=B07&to=41#viewtype=grid-view-small&sz=192&to=41&start=1
[25/12/18 18:13:56][DEBUG]URL:https://www.berluti.com/ja-jp/to-ujuru-mini-sukurittoreza-totobaggu/TOUJOURS_MINI_NEO_GRADIANT-V2.html?dwvar_TOUJOURS__MINI__NEO__GRADIANT-V2_color=KH6&to=42#viewtype=grid-view-small&sz=192&to=42&start=1
[25/12/18 18:13:56][DEBUG]URL:https://www.berluti.com/ja-jp/to-ujuru-gariba-sukurittoreza-messenja/TOUJOURS_GULLIVER_NEO-V2.html?dwvar_TOUJOURS__GULLIVER__NEO-V2_color=KD4&to=43#viewtype=grid-view-small&sz=192&to=43&start=1
[25/12/18 18:13:56][DEBUG]URL:https://www.berluti.com/ja-jp/to-ujuru-gariba-sukurittoreza-messenja/TOUJOURS_GULLIVER_NEO-V2.html?dwvar_TOUJOURS__GULLIVER__NEO-V2_color=G27&to=44#viewtype=grid-view-small&sz=192&to=44&start=1
[25/12/18 18:13:56][DEBUG]URL:https://www.berluti.com/ja-jp/to-ujuru-gariba-sukurittoreza-messenja/TOUJOURS_GULLIVER_NEO-V2.html?dwvar_TOUJOURS__GULLIVER__NEO-V2_color=M10&to=45#viewtype=grid-view-small&sz=192&to=45&start=1
[25/12/18 18:13:56][DEBUG]URL:https://www.berluti.com/ja-jp/to-ujuru-gariba-sukurittoreza-messenja/TOUJOURS_GULLIVER_NEO-V2.html?dwvar_TOUJOURS__GULLIVER__NEO-V2_color=G11&to=46#viewtype=grid-view-small&sz=192&to=46&start=1
[25/12/18 18:13:56][DEBUG]URL:https://www.berluti.com/ja-jp/to-ujuru-gariba-sukurittoreza-messenja/TOUJOURS_GULLIVER_NEO-V2.html?dwvar_TOUJOURS__GULLIVER__NEO-V2_color=MQ4&to=47#viewtype=grid-view-small&sz=192&to=47&start=1
[25/12/18 18:13:56][DEBUG]URL:https://www.berluti.com/ja-jp/to-ujuru-gariba-guradianto-sukurittoreza-messenja/TOUJOURS_GULLIVER_NEO_GRADIANT-V2.html?dwvar_TOUJOURS__GULLIVER__NEO__GRADIANT-V2_color=R78&to=48#viewtype=grid-view-small&sz=192&to=48&start=1
[25/12/18 18:13:56][DEBUG]URL:https://www.berluti.com/ja-jp/to-ujuru-nano-sukurittoreza-pochi/TOUJOURS_NANO-JOUR-V2.html?dwvar_TOUJOURS__NANO-JOUR-V2_color=M10&to=49#viewtype=grid-view-small&sz=192&to=49&start=1
[25/12/18 18:13:56][DEBUG]URL:https://www.berluti.com/ja-jp/fomyura-1003-sukurittopochi/FORMULA_1003_NEO-JOUR-V2.html?dwvar_FORMULA__1003__NEO-JOUR-V2_color=ML6&to=50#viewtype=grid-view-small&sz=192&to=50&start=1
[25/12/18 18:13:56][DEBUG]URL:https://www.berluti.com/ja-jp/anjuru-mini-reza-burifukesu/1_JOUR_MINI-V81.html?dwvar_1__JOUR__MINI-V81_color=MM5&to=51#viewtype=grid-view-small&sz=192&to=51&start=1
[25/12/18 18:13:56][DEBUG]URL:https://www.berluti.com/ja-jp/anjuru-poketto-reza-burifukesu/1_JOUR_NEO_POCKET-V1.html?dwvar_1__JOUR__NEO__POCKET-V1_color=MR5&to=52#viewtype=grid-view-small&sz=192&to=52&start=1
[25/12/18 18:13:56][DEBUG]URL:https://www.berluti.com/ja-jp/anjuru-rezaburifukesu/1_JOUR_NEO-V1.html?dwvar_1__JOUR__NEO-V1_color=ML6&to=53#viewtype=grid-view-small&sz=192&to=53&start=1
[25/12/18 18:13:56][DEBUG]URL:https://www.berluti.com/ja-jp/do-ujuru-reza-burifukesu/2_JOURS_NEO-V1.html?dwvar_2__JOURS__NEO-V1_color=ML6&to=54#viewtype=grid-view-small&sz=192&to=54&start=1
[25/12/18 18:13:56][DEBUG]URL:https://www.berluti.com/ja-jp/do-ujuru-reza-burifukesu/2_JOURS_NEO-V1.html?dwvar_2__JOURS__NEO-V1_color=K02&to=55#viewtype=grid-view-small&sz=192&to=55&start=1
[25/12/18 18:13:56][DEBUG]URL:https://www.berluti.com/ja-jp/torowanyui-reza-burifukesu/3_NUITS_NEO-V1.html?dwvar_3__NUITS__NEO-V1_color=ML6&to=56#viewtype=grid-view-small&sz=192&to=56&start=1
[25/12/18 18:13:56][DEBUG]URL:https://www.berluti.com/ja-jp/do-ujuru-sukurittoreza-burifukesu/2_JOURS_NEO-V2.html?dwvar_2__JOURS__NEO-V2_color=ML6&to=57#viewtype=grid-view-small&sz=192&to=57&start=1
[25/12/18 18:13:56][DEBUG]URL:https://www.berluti.com/ja-jp/f088vu-enetsu-ia-kafurezaburifukesu/F088_IV-V3.html?dwvar_F088__IV-V3_color=ML6&to=58#viewtype=grid-view-small&sz=192&to=58&start=1
[25/12/18 18:13:56][DEBUG]URL:https://www.berluti.com/ja-jp/anjuru-mini-guradianto-sukurittoreza-burifukesu/1_JOUR_MINI_NEO_GRADIANT-V2.html?dwvar_1__JOUR__MINI__NEO__GRADIANT-V2_color=KH6&to=59#viewtype=grid-view-small&sz=192&to=59&start=1
[25/12/18 18:13:56][DEBUG]URL:https://www.berluti.com/ja-jp/anjuru-sukurittoreza-burifukesu/1_JOUR_NEO-V2.html?dwvar_1__JOUR__NEO-V2_color=K02&to=60#viewtype=grid-view-small&sz=192&to=60&start=1
[25/12/18 18:13:56][DEBUG]URL:https://www.berluti.com/ja-jp/anjuru-sukurittoreza-burifukesu/1_JOUR_NEO-V2.html?dwvar_1__JOUR__NEO-V2_color=ML6&to=61#viewtype=grid-view-small&sz=192&to=61&start=1
[25/12/18 18:13:56][DEBUG]URL:https://www.berluti.com/ja-jp/anjuru-sukurittoreza-burifukesu/1_JOUR_NEO-V2.html?dwvar_1__JOUR__NEO-V2_color=G11&to=62#viewtype=grid-view-small&sz=192&to=62&start=1
[25/12/18 18:13:56][DEBUG]URL:https://www.berluti.com/ja-jp/anjuru-sumoru-sukurittoreza-burifukesu/1_JOUR_MINI_NEO-V2.html?dwvar_1__JOUR__MINI__NEO-V2_color=K02&to=63#viewtype=grid-view-small&sz=192&to=63&start=1
[25/12/18 18:13:56][DEBUG]URL:https://www.berluti.com/ja-jp/anjuru-sumoru-sukurittoreza-burifukesu/1_JOUR_MINI_NEO-V2.html?dwvar_1__JOUR__MINI__NEO-V2_color=ML6&to=64#viewtype=grid-view-small&sz=192&to=64&start=1
[25/12/18 18:13:56][DEBUG]URL:https://www.berluti.com/ja-jp/anjuru-gariba-sukurittoreza-burifukesu/1_JOUR_GULLIVER_NEO-V2.html?dwvar_1__JOUR__GULLIVER__NEO-V2_color=ML6&to=65#viewtype=grid-view-small&sz=192&to=65&start=1
[25/12/18 18:13:56][DEBUG]URL:https://www.berluti.com/ja-jp/anjuru-gariba-sukurittoreza-burifukesu/1_JOUR_GULLIVER_NEO-V2.html?dwvar_1__JOUR__GULLIVER__NEO-V2_color=KD4&to=66#viewtype=grid-view-small&sz=192&to=66&start=1
[25/12/18 18:13:56][DEBUG]URL:https://www.berluti.com/ja-jp/anjuru-gariba-sukurittoreza-burifukesu/1_JOUR_GULLIVER_NEO-V2.html?dwvar_1__JOUR__GULLIVER__NEO-V2_color=G11&to=67#viewtype=grid-view-small&sz=192&to=67&start=1
[25/12/18 18:13:56][DEBUG]URL:https://www.berluti.com/ja-jp/anjuru-nano-sukurittoreza-pochi/1_JOUR__NANO_NEO-JOUR-V2.html?dwvar_1__JOUR____NANO__NEO-JOUR-V2_color=ML6&to=68#viewtype=grid-view-small&sz=192&to=68&start=1
[25/12/18 18:13:56][DEBUG]URL:https://www.berluti.com/ja-jp/anjuru-sukurittoreza-burifukesu/1_JOUR_NEO_BE_RR-V2.html?dwvar_1__JOUR__NEO__BE__RR-V2_color=MH2&to=69#viewtype=grid-view-small&sz=192&to=69&start=1
[25/12/18 18:13:56][DEBUG]URL:https://www.berluti.com/ja-jp/terushio-reza-arigetareza-pochi/TERSIO_NEO_BE_RR-BE_RAPIECE_REPRISE-VC.html?dwvar_TERSIO__NEO__BE__RR-BE__RAPIECE__REPRISE-VC_color=MH2&to=70#viewtype=grid-view-small&sz=192&to=70&start=1
[25/12/18 18:13:56][DEBUG]URL:https://www.berluti.com/ja-jp/emio-kafu-arigetareza-burifukesu/E_MIO_NEO_BE_RR-VC.html?dwvar_E__MIO__NEO__BE__RR-VC_color=R79&to=71#viewtype=grid-view-small&sz=192&to=71&start=1
[25/12/18 18:13:56][DEBUG]URL:https://www.berluti.com/ja-jp/nino-gm-sukurittoreza-kuratchi/NINO_GM_NEO_BE_RR-V2.html?dwvar_NINO__GM__NEO__BE__RR-V2_color=R79&to=72#viewtype=grid-view-small&sz=192&to=72&start=1
[25/12/18 18:13:56][DEBUG]URL:https://www.berluti.com/ja-jp/anjuru-mini-kafu-arigetareza-burifukesu/1_JOUR_MINI_NEO_BE_RR-VC.html?dwvar_1__JOUR__MINI__NEO__BE__RR-VC_color=K08&to=73#viewtype=grid-view-small&sz=192&to=73&start=1
[25/12/18 18:13:56][DEBUG]URL:https://www.berluti.com/ja-jp/terushio-sukurittoreza-pochi/TERSIO_NEO_BE_RR-BE_RAPIECE_REPRISE-V2.html?dwvar_TERSIO__NEO__BE__RR-BE__RAPIECE__REPRISE-V2_color=K08&to=74#viewtype=grid-view-small&sz=192&to=74&start=1
[25/12/18 18:13:56][DEBUG]URL:https://www.berluti.com/ja-jp/obasaizu-toto-reza-totobaggu/OVERSIZE_TOTE-V81.html?dwvar_OVERSIZE__TOTE-V81_color=MM5&to=75#viewtype=grid-view-small&sz=192&to=75&start=1
[25/12/18 18:13:56][DEBUG]URL:https://www.berluti.com/ja-jp/emio-sukurittoreza-messenja/E_MIO_MESSENGER-V2.html?dwvar_E__MIO__MESSENGER-V2_color=MR5&to=76#viewtype=grid-view-small&sz=192&to=76&start=1
[25/12/18 18:13:56][DEBUG]URL:https://www.berluti.com/ja-jp/emio-sukurittoreza-messenja/E_MIO_MESSENGER-V2.html?dwvar_E__MIO__MESSENGER-V2_color=KD1&to=77#viewtype=grid-view-small&sz=192&to=77&start=1
[25/12/18 18:13:56][DEBUG]URL:https://www.berluti.com/ja-jp/to-ujuru-sofuto-jippu-hobo-reza-messenja/ZIPPED_HOBO-V3.html?dwvar_ZIPPED__HOBO-V3_color=MQ4&to=78#viewtype=grid-view-small&sz=192&to=78&start=1
[25/12/18 18:13:56][DEBUG]URL:https://www.berluti.com/ja-jp/purumiejuru-kabasukurittoreza-totobaggu/PREMIER_JOUR_CABAS-V2.html?dwvar_PREMIER__JOUR__CABAS-V2_color=MA1&to=79#viewtype=grid-view-small&sz=192&to=79&start=1
[25/12/18 18:13:56][DEBUG]URL:https://www.berluti.com/ja-jp/purumiejuru-sukurittoreza-bakkupakku/PREMIER_JOUR_NEO-V2.html?dwvar_PREMIER__JOUR__NEO-V2_color=MR5&to=80#viewtype=grid-view-small&sz=192&to=80&start=1
[25/12/18 18:13:56][DEBUG]URL:https://www.berluti.com/ja-jp/purumiejuru-gariba-sukurittoreza-messenja/PREMIER_JOUR_GULLIVER-V2.html?dwvar_PREMIER__JOUR__GULLIVER-V2_color=Y23&to=81#viewtype=grid-view-small&sz=192&to=81&start=1
[25/12/18 18:13:56][DEBUG]URL:https://www.berluti.com/ja-jp/purumiejuru-gariba-sukurittoreza-messenja/PREMIER_JOUR_GULLIVER-V2.html?dwvar_PREMIER__JOUR__GULLIVER-V2_color=G11&to=82#viewtype=grid-view-small&sz=192&to=82&start=1
[25/12/18 18:13:56][DEBUG]URL:https://www.berluti.com/ja-jp/purumiejuru-gariba-sukurittoreza-messenja/PREMIER_JOUR_GULLIVER-V2.html?dwvar_PREMIER__JOUR__GULLIVER-V2_color=G02&to=83#viewtype=grid-view-small&sz=192&to=83&start=1
[25/12/18 18:13:56][DEBUG]URL:https://www.berluti.com/ja-jp/purumiejuru-gariba-sukurittoreza-messenja/PREMIER_JOUR_GULLIVER-V2.html?dwvar_PREMIER__JOUR__GULLIVER-V2_color=KD4&to=84#viewtype=grid-view-small&sz=192&to=84&start=1
[25/12/18 18:13:56][DEBUG]URL:https://www.berluti.com/ja-jp/puremia-juru-sukuritto-reza-bakkupakku/PREMIER_JOUR-V2.html?dwvar_PREMIER__JOUR-V2_color=K02&to=85#viewtype=grid-view-small&sz=192&to=85&start=1
[25/12/18 18:13:56][DEBUG]URL:https://www.berluti.com/ja-jp/jurunarie-torio-sukurittoreza-messenja/JOURNALIER_TRIO-V82.html?dwvar_JOURNALIER__TRIO-V82_color=MM5&to=86#viewtype=grid-view-small&sz=192&to=86&start=1
[25/12/18 18:13:56][DEBUG]URL:https://www.berluti.com/ja-jp/jurunarie-reza-messenja/JOURNALIER-V3.html?dwvar_JOURNALIER-V3_color=MQ4&to=87#viewtype=grid-view-small&sz=192&to=87&start=1
[25/12/18 18:13:56][DEBUG]URL:https://www.berluti.com/ja-jp/jurunarie-sukurittoreza-messenja/JOURNALIER-V82.html?dwvar_JOURNALIER-V82_color=ME8&to=88#viewtype=grid-view-small&sz=192&to=88&start=1
[25/12/18 18:13:56][DEBUG]URL:https://www.berluti.com/ja-jp/jurunarie-reza-messenja/JOURNALIER-V1.html?dwvar_JOURNALIER-V1_color=R78&to=90#viewtype=grid-view-small&sz=192&to=90&start=1
[25/12/18 18:13:56][DEBUG]URL:https://www.berluti.com/ja-jp/terushio-sukurittoreza-pochi/TERSIO_NEO-JOUR_SOFTY-V82.html?dwvar_TERSIO__NEO-JOUR__SOFTY-V82_color=B02&to=91#viewtype=grid-view-small&sz=192&to=91&start=1
[25/12/18 18:13:56][DEBUG]URL:https://www.berluti.com/ja-jp/rozuuddo-sukurittoreza-pochi/ROSEWOOD_NEO-JOUR-V2.html?dwvar_ROSEWOOD__NEO-JOUR-V2_color=ML6&to=92#viewtype=grid-view-small&sz=192&to=92&start=1
[25/12/18 18:13:56][DEBUG]URL:https://www.berluti.com/ja-jp/terushio-reza-oruinwan/TERSIO_NEO-JOUR-V2.html?dwvar_TERSIO__NEO-JOUR-V2_color=K02&to=93#viewtype=grid-view-small&sz=192&to=93&start=1
[25/12/18 18:13:56][DEBUG]URL:https://www.berluti.com/ja-jp/terushio-reza-oruinwan/TERSIO_NEO-JOUR-V2.html?dwvar_TERSIO__NEO-JOUR-V2_color=G11&to=94#viewtype=grid-view-small&sz=192&to=94&start=1
[25/12/18 18:13:56][DEBUG]URL:https://www.berluti.com/ja-jp/nino-gm-sukurittosuwaipureza-kuratchi/NINO_GM_NEO_GRADIANT-V2.html?dwvar_NINO__GM__NEO__GRADIANT-V2_color=R78&to=95#viewtype=grid-view-small&sz=192&to=95&start=1
[25/12/18 18:13:56][DEBUG]URL:https://www.berluti.com/ja-jp/nino-gm-sukurittosuwaipureza-kuratchi/NINO_GM_NEO_GRADIANT-V2.html?dwvar_NINO__GM__NEO__GRADIANT-V2_color=B07&to=96#viewtype=grid-view-small&sz=192&to=96&start=1
[25/12/18 18:13:56][DEBUG]URL:https://www.berluti.com/ja-jp/nino-tgm-sukurittoreza-kuratchi/NINO_TGM_NEO-V2.html?dwvar_NINO__TGM__NEO-V2_color=ML6&to=97#viewtype=grid-view-small&sz=192&to=97&start=1
[25/12/18 18:13:56][DEBUG]URL:https://www.berluti.com/ja-jp/nino-tgm-sukurittoreza-kuratchi/NINO_TGM_NEO-V2.html?dwvar_NINO__TGM__NEO-V2_color=K02&to=98#viewtype=grid-view-small&sz=192&to=98&start=1
[25/12/18 18:13:56][DEBUG]URL:https://www.berluti.com/ja-jp/aibi-sukurittosuwaipu-reza-toiretaripochi/IVY-JOUR-V2.html?dwvar_IVY-JOUR-V2_color=G27&to=99#viewtype=grid-view-small&sz=192&to=99&start=1
[25/12/18 18:13:56][DEBUG]URL:https://www.berluti.com/ja-jp/wakingudei-sukurittoreza-bakkupakku/WORKING_DAY-V2.html?dwvar_WORKING__DAY-V2_color=ML6&to=100#viewtype=grid-view-small&sz=192&to=100&start=1
[25/12/18 18:13:56][DEBUG]URL:https://www.berluti.com/ja-jp/wakingudei-sukurittoreza-bakkupakku/WORKING_DAY-V2.html?dwvar_WORKING__DAY-V2_color=G27&to=101#viewtype=grid-view-small&sz=192&to=101&start=1
[25/12/18 18:13:56][DEBUG]URL:https://www.berluti.com/ja-jp/taimuofu-sukurittoreza-bakkupakku/TIME_OFF_NEO-V82.html?dwvar_TIME__OFF__NEO-V82_color=B02&to=102#viewtype=grid-view-small&sz=192&to=102&start=1
[25/12/18 18:13:56][DEBUG]URL:https://www.berluti.com/ja-jp/shadou-kashimiya-suringubaggu/B5820_SLINGBAG-Z65.html?dwvar_B5820__SLINGBAG-Z65_color=K58&to=103#viewtype=grid-view-small&sz=192&to=103&start=1
[25/12/18 18:13:56][DEBUG]URL:https://www.berluti.com/ja-jp/shadou-kashimiya-bamubaggu/B5820_BUMBAG-Z65.html?dwvar_B5820__BUMBAG-Z65_color=K58&to=104#viewtype=grid-view-small&sz=192&to=104&start=1
[25/12/18 18:13:56][DEBUG]URL:https://www.berluti.com/ja-jp/shadou-kashimiya-bakkupakku/B5820_BACKPACK-Z65.html?dwvar_B5820__BACKPACK-Z65_color=K58&to=105#viewtype=grid-view-small&sz=192&to=105&start=1
[25/12/18 18:13:56][DEBUG]URL:https://www.berluti.com/ja-jp/burusu-towaru-marubufu-messenja/BOURSE-T19.html?dwvar_BOURSE-T19_color=MO5&to=106#viewtype=grid-view-small&sz=192&to=106&start=1
[25/12/18 18:13:56][DEBUG]URL:https://www.berluti.com/ja-jp/jurunarie-towaru-marubufu-messenja/JOURNALIER-T19.html?dwvar_JOURNALIER-T19_color=MO5&to=107#viewtype=grid-view-small&sz=192&to=107&start=1
[25/12/18 18:13:56][DEBUG]URL:https://www.berluti.com/ja-jp/ete-yui-do-u-vu-oyaju-towaru-marubufu-toraberupochi/ETUI_DE_VOYAGE-TOILE_MARBEUF-T19.html?dwvar_ETUI__DE__VOYAGE-TOILE__MARBEUF-T19_color=MO5&to=108#viewtype=grid-view-small&sz=192&to=108&start=1
[25/12/18 18:13:56][DEBUG]URL:https://www.berluti.com/ja-jp/myuzetto-towaru-marubufu-messenja/MUSETTE-T19.html?dwvar_MUSETTE-T19_color=MO5&to=109#viewtype=grid-view-small&sz=192&to=109&start=1
[25/12/18 18:13:56][DEBUG]URL:https://www.berluti.com/ja-jp/karutaburu-towaru-marubufu-bakkupakku/CARTABLE-T19.html?dwvar_CARTABLE-T19_color=MO5&to=110#viewtype=grid-view-small&sz=192&to=110&start=1
[25/12/18 18:13:56][DEBUG]URL:https://www.berluti.com/ja-jp/kaba-do-u-vu-oyaju-towaru-marubufu-totobaggu/CABAS_DE_VOYAGE-T19.html?dwvar_CABAS__DE__VOYAGE-T19_color=MO5&to=111#viewtype=grid-view-small&sz=192&to=111&start=1
[25/12/18 18:13:56][DEBUG]URL:https://www.berluti.com/ja-jp/sakku-a-do-towaru-marubufu-bakkupakku/SAC_A_DOS-T19.html?dwvar_SAC__A__DOS-T19_color=MO5&to=112#viewtype=grid-view-small&sz=192&to=112&start=1
[25/12/18 18:13:56][DEBUG]URL:https://www.berluti.com/ja-jp/baryushon-towaru-marubufu-toraberubaggu/BALUCHON-T19.html?dwvar_BALUCHON-T19_color=MO5&to=113#viewtype=grid-view-small&sz=192&to=113&start=1
[25/12/18 18:13:56][DEBUG]URL:https://www.berluti.com/ja-jp/vu-iajjo-towaru-marubufu-toraberubaggu/VIAGGIO-T19.html?dwvar_VIAGGIO-T19_color=MO5&to=114#viewtype=grid-view-small&sz=192&to=114&start=1
[25/12/18 18:13:56][DEBUG]URL:https://www.berluti.com/ja-jp/bagaju-towaru-marubufu-toraberubaggu/BAGAGE-T19.html?dwvar_BAGAGE-T19_color=MO5&to=115#viewtype=grid-view-small&sz=192&to=115&start=1
[25/12/18 18:13:56][DEBUG]URL:https://www.berluti.com/ja-jp/fomyura-1005-towaru-marubufu-roringusutsukesu/FORMULA_1005_NEO-T19.html?dwvar_FORMULA__1005__NEO-T19_color=MO5&to=116#viewtype=grid-view-small&sz=192&to=116&start=1
[25/12/18 18:13:56][DEBUG]URL:https://www.berluti.com/ja-jp/juruofu-midiamu-reza-toraberubaggu/JOUR_OFF_MM_NEO-V1.html?dwvar_JOUR__OFF__MM__NEO-V1_color=K02&to=117#viewtype=grid-view-small&sz=192&to=117&start=1
[25/12/18 18:13:56][DEBUG]URL:https://www.berluti.com/ja-jp/juruofu-raji-reza-toraberubaggu/JOUR_OFF_GM_NEO-V1.html?dwvar_JOUR__OFF__GM__NEO-V1_color=ML6&to=118#viewtype=grid-view-small&sz=192&to=118&start=1
[25/12/18 18:13:56][DEBUG]URL:https://www.berluti.com/ja-jp/juruofu-midiamu-sukurittoreza-toraberubaggu/JOUR_OFF_MM_NEO-V2.html?dwvar_JOUR__OFF__MM__NEO-V2_color=ML6&to=119#viewtype=grid-view-small&sz=192&to=119&start=1
[25/12/18 18:13:56][DEBUG]URL:https://www.berluti.com/ja-jp/fomyura-1005-sukurittoreza-roringusutsukesu/FORMULA_1005_NEO-V2.html?dwvar_FORMULA__1005__NEO-V2_color=ML6&to=120#viewtype=grid-view-small&sz=192&to=120&start=1
[25/12/18 18:13:56][DEBUG]URL:https://www.berluti.com/ja-jp/fomyura-1005-sukurittoreza-roringusutsukesu/FORMULA_1005_NEO-V2.html?dwvar_FORMULA__1005__NEO-V2_color=K02&to=121#viewtype=grid-view-small&sz=192&to=121&start=1
[25/12/18 18:13:56][DEBUG]URL:https://www.berluti.com/ja-jp/fomyura-1005-sukurittoreza-roringusutsukesu/FORMULA_1005_NEO-V2.html?dwvar_FORMULA__1005__NEO-V2_color=G11&to=122#viewtype=grid-view-small&sz=192&to=122&start=1
[25/12/18 18:13:56][DEBUG]URL:https://www.berluti.com/ja-jp/fomyura-1005-sukurittoreza-roringusutsukesu/FORMULA_1005_NEO-V82.html?dwvar_FORMULA__1005__NEO-V82_color=MM5&to=123#viewtype=grid-view-small&sz=192&to=123&start=1
[25/12/18 18:13:56][DEBUG]URL:https://www.berluti.com/ja-jp/reitoawa-sukurittoreza-shoppa/LATE_HOUR_SHOPPER_NEO-V82.html?dwvar_LATE__HOUR__SHOPPER__NEO-V82_color=K02&to=124#viewtype=grid-view-small&sz=192&to=124&start=1
[25/12/18 18:13:56][DEBUG]URL:https://www.berluti.com/ja-jp/bvu-oryuto-kurowaze-reza-toraberubaggu/CROISEE-CE.html?dwvar_CROISEE-CE_color=MJ1&to=125#viewtype=grid-view-small&sz=192&to=125&start=1
[25/12/18 18:13:56][DEBUG]URL:https://www.berluti.com/ja-jp/nino-gm-sukurittoreza-kuratchi/NINO_GM_NEO-V2.html?dwvar_NINO__GM__NEO-V2_color=K02&to=126#viewtype=grid-view-small&sz=192&to=126&start=1
[25/12/18 18:13:56][DEBUG]URL:https://www.berluti.com/ja-jp/nino-gm-sukurittoreza-kuratchi/NINO_GM_NEO-V2.html?dwvar_NINO__GM__NEO-V2_color=ML6&to=127#viewtype=grid-view-small&sz=192&to=127&start=1
[25/12/18 18:13:56][DEBUG]URL:https://www.berluti.com/ja-jp/nino-gm-sukurittoreza-kuratchi/NINO_GM_NEO-V2.html?dwvar_NINO__GM__NEO-V2_color=KE4&to=128#viewtype=grid-view-small&sz=192&to=128&start=1
[25/12/18 18:13:56][DEBUG]URL:https://www.berluti.com/ja-jp/nino-gm-sukurittoreza-kuratchi/NINO_GM_NEO-V2.html?dwvar_NINO__GM__NEO-V2_color=J10&to=129#viewtype=grid-view-small&sz=192&to=129&start=1
[25/12/18 18:13:56][DEBUG]URL:https://www.berluti.com/ja-jp/nino-gm-sukurittoreza-kuratchi/NINO_GM_NEO-V2.html?dwvar_NINO__GM__NEO-V2_color=KE5&to=130#viewtype=grid-view-small&sz=192&to=130&start=1
[25/12/18 18:13:56][DEBUG]URL:https://www.berluti.com/ja-jp/nino-gm-sukurittoreza-kuratchi/NINO_GM_NEO-V2.html?dwvar_NINO__GM__NEO-V2_color=J12&to=131#viewtype=grid-view-small&sz=192&to=131&start=1
[25/12/18 18:13:56][DEBUG]URL:https://www.berluti.com/ja-jp/nino-gm-sukurittoreza-kuratchi/NINO_GM_NEO-V2.html?dwvar_NINO__GM__NEO-V2_color=G02&to=132#viewtype=grid-view-small&sz=192&to=132&start=1
[25/12/18 18:13:56][DEBUG]URL:https://www.berluti.com/ja-jp/nino-gm-sukurittoreza-kuratchi/NINO_GM_NEO-V2.html?dwvar_NINO__GM__NEO-V2_color=KM7&to=133#viewtype=grid-view-small&sz=192&to=133&start=1
[25/12/18 18:13:56][DEBUG]URL:https://www.berluti.com/ja-jp/to-ujuru-sofuto-jippu-hobo-reza-messenja/ZIPPED_HOBO-V3.html?dwvar_ZIPPED__HOBO-V3_color=MH2&to=134#viewtype=grid-view-small&sz=192&to=134&start=1
[25/12/18 18:13:56][DEBUG]URL:https://www.berluti.com/ja-jp/to-ujuru-xs-towaru-marubufu-totobaggu/TOUJOURS_XS-T19.html?dwvar_TOUJOURS__XS-T19_color=MO5&to=135#viewtype=grid-view-small&sz=192&to=135&start=1
[25/12/18 18:13:56][DEBUG]URL:https://www.berluti.com/ja-jp/anjuru-mini-guradianto-sukurittoreza-burifukesu/1_JOUR_MINI_NEO_GRADIANT-V2.html?dwvar_1__JOUR__MINI__NEO__GRADIANT-V2_color=R78&to=136#viewtype=grid-view-small&sz=192&to=136&start=1
[25/12/18 18:13:56][DEBUG]URL:https://www.berluti.com/ja-jp/to-ujuru-xs-sukurittoreza-totobaggu/TOUJOURS_XS_BE_RR-V2.html?dwvar_TOUJOURS__XS__BE__RR-V2_color=G77&to=137#viewtype=grid-view-small&sz=192&to=137&start=1
[25/12/18 18:13:56][DEBUG]URL:https://www.berluti.com/ja-jp/raida-sukurittoreza-berutobaggu/RIDER-V82.html?dwvar_RIDER-V82_color=K02&to=138#viewtype=grid-view-small&sz=192&to=138&start=1
[25/12/18 18:13:56][DEBUG]URL:https://www.berluti.com/ja-jp/to-ujuruxs-guradianto-sukurittoreza-totobaggu/TOUJOURS_XS_GRADIANT-V2.html?dwvar_TOUJOURS__XS__GRADIANT-V2_color=R78&to=139#viewtype=grid-view-small&sz=192&to=139&start=1
[25/12/18 18:13:56][DEBUG]URL:https://www.berluti.com/ja-jp/jurunarie-sukurittoreza-messenja/JOURNALIER-V82.html?dwvar_JOURNALIER-V82_color=G01&to=140#viewtype=grid-view-small&sz=192&to=140&start=1
[25/12/18 18:13:56][DEBUG]URL:https://www.berluti.com/ja-jp/tersio-arigetarezaoruinwan-berurutti/TERSIO-ALLIGATOR-E2.html?dwvar_TERSIO-ALLIGATOR-E2_color=M04&to=143#viewtype=grid-view-small&sz=192&to=143&start=1
[25/12/18 18:13:56][DEBUG]URL:https://www.berluti.com/ja-jp/terushio-reza-oruinwan/TERSIO_NEO-JOUR-V2.html?dwvar_TERSIO__NEO-JOUR-V2_color=MR5&to=144#viewtype=grid-view-small&sz=192&to=144&start=1
[25/12/18 18:13:56][DEBUG]URL:https://www.berluti.com/ja-jp/itauba-guradianto-sukurittoreza-rongu-jippuu-oretto/ITAUBA_NEO2_GRADIANT-JOUR-V2.html?dwvar_ITAUBA__NEO2__GRADIANT-JOUR-V2_color=Y23&to=1#viewtype=grid-view-small&sz=192&to=1&start=1
[25/12/18 18:13:56][DEBUG]URL:https://www.berluti.com/ja-jp/makore-koin-sukurittoreza-u-oretto/MAKORE_COIN-JOUR-V2.html?dwvar_MAKORE__COIN-JOUR-V2_color=K02&to=2#viewtype=grid-view-small&sz=192&to=2&start=1
[25/12/18 18:13:56][DEBUG]URL:https://www.berluti.com/ja-jp/itauba-arigeta-rezajippu-zhang-cai-bu-berurutti/ITAUBA-ALLIGATOR-E2.html?dwvar_ITAUBA-ALLIGATOR-E2_color=B01&to=3#viewtype=grid-view-small&sz=192&to=3&start=1
[25/12/18 18:13:56][DEBUG]URL:https://www.berluti.com/ja-jp/itauba-arigeta-rezajippu-zhang-cai-bu-berurutti/ITAUBA-ALLIGATOR-E2.html?dwvar_ITAUBA-ALLIGATOR-E2_color=M04&to=4#viewtype=grid-view-small&sz=192&to=4&start=1
[25/12/18 18:13:56][DEBUG]URL:https://www.berluti.com/ja-jp/itauba-towaru-marubufu-rongu-jippuu-oretto/ITAUBA_NEO-TOILE_MARBEUF-T19.html?dwvar_ITAUBA__NEO-TOILE__MARBEUF-T19_color=MO5&to=5#viewtype=grid-view-small&sz=192&to=5&start=1
[25/12/18 18:13:56][DEBUG]URL:https://www.berluti.com/ja-jp/itauba-sukurittoreza-rongu-jippuu-oretto/ITAUBA_NEO2-JOUR_SOFTY-V82.html?dwvar_ITAUBA__NEO2-JOUR__SOFTY-V82_color=B02&to=6#viewtype=grid-view-small&sz=192&to=6&start=1
[25/12/18 18:13:56][DEBUG]URL:https://www.berluti.com/ja-jp/itauba-sukurittoreza-rongu-jippuu-oretto/ITAUBA_NEO2-JOUR-V2.html?dwvar_ITAUBA__NEO2-JOUR-V2_color=K02&to=7#viewtype=grid-view-small&sz=192&to=7&start=1
[25/12/18 18:13:56][DEBUG]URL:https://www.berluti.com/ja-jp/itauba-sukurittoreza-rongu-jippuu-oretto/ITAUBA_NEO2-JOUR-V2.html?dwvar_ITAUBA__NEO2-JOUR-V2_color=ML6&to=8#viewtype=grid-view-small&sz=192&to=8&start=1
[25/12/18 18:13:56][DEBUG]URL:https://www.berluti.com/ja-jp/koa-makishi-sukurittoreza-rongu-jippu-kadohoruda/KOA_MAXI_NEO-JOUR-V2.html?dwvar_KOA__MAXI__NEO-JOUR-V2_color=K02&to=9#viewtype=grid-view-small&sz=192&to=9&start=1
[25/12/18 18:13:56][DEBUG]URL:https://www.berluti.com/ja-jp/koa-makishi-sukurittoreza-rongu-jippu-kadohoruda/KOA_MAXI_NEO-JOUR-V2.html?dwvar_KOA__MAXI__NEO-JOUR-V2_color=ML6&to=10#viewtype=grid-view-small&sz=192&to=10&start=1
[25/12/18 18:13:56][DEBUG]URL:https://www.berluti.com/ja-jp/koa-makishi-sukurittoreza-rongu-jippu-kadohoruda/KOA_MAXI_NEO2-JOUR-V2.html?dwvar_KOA__MAXI__NEO2-JOUR-V2_color=Y23&to=11#viewtype=grid-view-small&sz=192&to=11&start=1
[25/12/18 18:13:56][DEBUG]URL:https://www.berluti.com/ja-jp/koa-makishi-sukurittoreza-rongu-jippu-kadohoruda/KOA_MAXI_NEO2-JOUR_SOFTY-V82.html?dwvar_KOA__MAXI__NEO2-JOUR__SOFTY-V82_color=B02&to=12#viewtype=grid-view-small&sz=192&to=12&start=1
[25/12/18 18:13:56][DEBUG]URL:https://www.berluti.com/ja-jp/rozuuddo-sukurittoreza-pochi/ROSEWOOD_NEO-JOUR-V2.html?dwvar_ROSEWOOD__NEO-JOUR-V2_color=BJ3&to=13#viewtype=grid-view-small&sz=192&to=13&start=1
[25/12/18 18:13:56][DEBUG]URL:https://www.berluti.com/ja-jp/rozuuddo-sukurittoreza-pochi/ROSEWOOD_NEO-JOUR-V2.html?dwvar_ROSEWOOD__NEO-JOUR-V2_color=ML6&to=14#viewtype=grid-view-small&sz=192&to=14&start=1
[25/12/18 18:13:56][DEBUG]URL:https://www.berluti.com/ja-jp/orijinsukuritto-rezakoinpasu/ORIGINE_NEO-JOUR-V2.html?dwvar_ORIGINE__NEO-JOUR-V2_color=K02&to=15#viewtype=grid-view-small&sz=192&to=15&start=1
[25/12/18 18:13:56][DEBUG]URL:https://www.berluti.com/ja-jp/orijinsukuritto-rezakoinpasu/ORIGINE_NEO-JOUR-V2.html?dwvar_ORIGINE__NEO-JOUR-V2_color=Y23&to=16#viewtype=grid-view-small&sz=192&to=16&start=1
[25/12/18 18:13:56][DEBUG]URL:https://www.berluti.com/ja-jp/makorearigetarezakonpakuto-cai-bu/MAKORE-ALLIGATOR-E2.html?dwvar_MAKORE-ALLIGATOR-E2_color=B01&to=17#viewtype=grid-view-small&sz=192&to=17&start=1
[25/12/18 18:13:56][DEBUG]URL:https://www.berluti.com/ja-jp/makorearigetarezakonpakuto-cai-bu/MAKORE-ALLIGATOR-E2.html?dwvar_MAKORE-ALLIGATOR-E2_color=M04&to=18#viewtype=grid-view-small&sz=192&to=18&start=1
[25/12/18 18:13:56][DEBUG]URL:https://www.berluti.com/ja-jp/tersio-arigetarezaoruinwan-berurutti/TERSIO-ALLIGATOR-E2.html?dwvar_TERSIO-ALLIGATOR-E2_color=M04&to=19#viewtype=grid-view-small&sz=192&to=19&start=1
[25/12/18 18:13:56][DEBUG]URL:https://www.berluti.com/ja-jp/makore-surimu-guradianto-sukurittoreza-konpakutou-oretto/MAKORE_SLIM_NEO_GRADIANT-JOUR-V2.html?dwvar_MAKORE__SLIM__NEO__GRADIANT-JOUR-V2_color=BJ3&to=20#viewtype=grid-view-small&sz=192&to=20&start=1
[25/12/18 18:13:56][DEBUG]URL:https://www.berluti.com/ja-jp/makore-surimu-guradianto-sukurittoreza-konpakutou-oretto/MAKORE_SLIM_NEO_GRADIANT-JOUR-V2.html?dwvar_MAKORE__SLIM__NEO__GRADIANT-JOUR-V2_color=RA1&to=21#viewtype=grid-view-small&sz=192&to=21&start=1
[25/12/18 18:13:56][DEBUG]URL:https://www.berluti.com/ja-jp/badi-reza-ronguu-oretto/BADI_LUTI-JOUR-V1.html?dwvar_BADI__LUTI-JOUR-V1_color=MR5&to=22#viewtype=grid-view-small&sz=192&to=22&start=1
[25/12/18 18:13:56][DEBUG]URL:https://www.berluti.com/ja-jp/makore-reza-konpakutou-oretto/MAKORE_NEO_LUTI-JOUR-V1.html?dwvar_MAKORE__NEO__LUTI-JOUR-V1_color=MR5&to=23#viewtype=grid-view-small&sz=192&to=23&start=1
[25/12/18 18:13:56][DEBUG]URL:https://www.berluti.com/ja-jp/makore-reza-konpakutou-oretto/MAKORE_NEO_LUTI-JOUR-V1.html?dwvar_MAKORE__NEO__LUTI-JOUR-V1_color=KD1&to=24#viewtype=grid-view-small&sz=192&to=24&start=1
[25/12/18 18:13:56][DEBUG]URL:https://www.berluti.com/ja-jp/jagua-reza-kadohoruda/JAGUA_NEO_LUTI-JOUR-V1.html?dwvar_JAGUA__NEO__LUTI-JOUR-V1_color=MR5&to=25#viewtype=grid-view-small&sz=192&to=25&start=1
[25/12/18 18:13:56][DEBUG]URL:https://www.berluti.com/ja-jp/makore-sukurittosuwaipureza-u-oretto/MAKORE_NEO_GRADIANT-JOUR-V2.html?dwvar_MAKORE__NEO__GRADIANT-JOUR-V2_color=R78&to=26#viewtype=grid-view-small&sz=192&to=26&start=1
[25/12/18 18:13:56][DEBUG]URL:https://www.berluti.com/ja-jp/makore-sukurittoreza-konpakutou-oretto/MAKORE_NEO-JOUR_SOFTY-V82.html?dwvar_MAKORE__NEO-JOUR__SOFTY-V82_color=B02&to=27#viewtype=grid-view-small&sz=192&to=27&start=1
[25/12/18 18:13:56][DEBUG]URL:https://www.berluti.com/ja-jp/inbuia-sukurittoreza-kadohoruda/IMBUIA_NEO-JOUR_SOFTY-V82.html?dwvar_IMBUIA__NEO-JOUR__SOFTY-V82_color=B02&to=28#viewtype=grid-view-small&sz=192&to=28&start=1
[25/12/18 18:13:56][DEBUG]URL:https://www.berluti.com/ja-jp/akaju-sukurittoreza-konpakutou-oretto/ACAJOU_NEO-JOUR_SOFTY-V82.html?dwvar_ACAJOU__NEO-JOUR__SOFTY-V82_color=B02&to=29#viewtype=grid-view-small&sz=192&to=29&start=1
[25/12/18 18:13:56][DEBUG]URL:https://www.berluti.com/ja-jp/santaru-sukuritto-reza-ronguu-oretto/SANTAL_NEO-JOUR_SOFTY-V82.html?dwvar_SANTAL__NEO-JOUR__SOFTY-V82_color=B02&to=30#viewtype=grid-view-small&sz=192&to=30&start=1
[25/12/18 18:13:56][DEBUG]URL:https://www.berluti.com/ja-jp/banbu-sukurittoreza-kadohoruda/BAMBOU_NEO-JOUR_SOFTY-V82.html?dwvar_BAMBOU__NEO-JOUR__SOFTY-V82_color=B02&to=31#viewtype=grid-view-small&sz=192&to=31&start=1
[25/12/18 18:13:56][DEBUG]URL:https://www.berluti.com/ja-jp/esukeru-sukurittosuwaipureza-pasupotohoruda/ESCALE_NEO-JOUR-V2.html?dwvar_ESCALE__NEO-JOUR-V2_color=ML6&to=32#viewtype=grid-view-small&sz=192&to=32&start=1
[25/12/18 18:13:56][DEBUG]URL:https://www.berluti.com/ja-jp/esukaru-guradianto-sukurittoreza-pasupotohoruda/ESCALE_NEO_GRADIANT-JOUR-V2.html?dwvar_ESCALE__NEO__GRADIANT-JOUR-V2_color=BJ3&to=33#viewtype=grid-view-small&sz=192&to=33&start=1
[25/12/18 18:13:56][DEBUG]URL:https://www.berluti.com/ja-jp/bambouarigetarezakadohoruda/BAMBOU-ALLIGATOR-E2.html?dwvar_BAMBOU-ALLIGATOR-E2_color=M03&to=34#viewtype=grid-view-small&sz=192&to=34&start=1
[25/12/18 18:13:56][DEBUG]URL:https://www.berluti.com/ja-jp/santaru-sukurittoreza-jippuronguu-oretto/SANTAL_NEO-JOUR-V2.html?dwvar_SANTAL__NEO-JOUR-V2_color=K02&to=35#viewtype=grid-view-small&sz=192&to=35&start=1
[25/12/18 18:13:56][DEBUG]URL:https://www.berluti.com/ja-jp/santaru-sukurittoreza-jippuronguu-oretto/SANTAL_NEO-JOUR-V2.html?dwvar_SANTAL__NEO-JOUR-V2_color=ML6&to=36#viewtype=grid-view-small&sz=192&to=36&start=1
[25/12/18 18:13:56][DEBUG]URL:https://www.berluti.com/ja-jp/tiriwa-tiriwa-rezaoruinwan/TIRIWA_NEO-JOUR-V2.html?dwvar_TIRIWA__NEO-JOUR-V2_color=ML6&to=37#viewtype=grid-view-small&sz=192&to=37&start=1
[25/12/18 18:13:56][DEBUG]URL:https://www.berluti.com/ja-jp/terushio-reza-oruinwan/TERSIO_NEO-JOUR-V2.html?dwvar_TERSIO__NEO-JOUR-V2_color=K02&to=38#viewtype=grid-view-small&sz=192&to=38&start=1
[25/12/18 18:13:56][DEBUG]URL:https://www.berluti.com/ja-jp/terushio-reza-oruinwan/TERSIO_NEO-JOUR-V2.html?dwvar_TERSIO__NEO-JOUR-V2_color=G11&to=39#viewtype=grid-view-small&sz=192&to=39&start=1
[25/12/18 18:13:56][DEBUG]URL:https://www.berluti.com/ja-jp/makore-sukurittoreza-konpakutou-oretto/MAKORE_NEO_BE_RR-BE_RAPIECE_REPRISE-V2.html?dwvar_MAKORE__NEO__BE__RR-BE__RAPIECE__REPRISE-V2_color=R79&to=40#viewtype=grid-view-small&sz=192&to=40&start=1
[25/12/18 18:13:56][DEBUG]URL:https://www.berluti.com/ja-jp/jagua-sukurittoreza-kadohoruda/JAGUA_NEO-JOUR_TANGRAM-V88.html?dwvar_JAGUA__NEO-JOUR__TANGRAM-V88_color=MQ8&to=41#viewtype=grid-view-small&sz=192&to=41&start=1
[25/12/18 18:13:56][DEBUG]URL:https://www.berluti.com/ja-jp/banbu-sukurittoreza-kadohoruda/BAMBOU_NEO-JOUR_TANGRAM-V88.html?dwvar_BAMBOU__NEO-JOUR__TANGRAM-V88_color=MQ8&to=42#viewtype=grid-view-small&sz=192&to=42&start=1
[25/12/18 18:13:56][DEBUG]URL:https://www.berluti.com/ja-jp/inbuia-sukurittoreza-kadohoruda/IMBUIA_NEO-JOUR_TANGRAM-V88.html?dwvar_IMBUIA__NEO-JOUR__TANGRAM-V88_color=MQ8&to=43#viewtype=grid-view-small&sz=192&to=43&start=1
[25/12/18 18:13:56][DEBUG]URL:https://www.berluti.com/ja-jp/tari-sukurittoreza-rongujippuu-oretto/TALI_NEO-JOUR_TANGRAM-V87.html?dwvar_TALI__NEO-JOUR__TANGRAM-V87_color=G89&to=44#viewtype=grid-view-small&sz=192&to=44&start=1
[25/12/18 18:13:56][DEBUG]URL:https://www.berluti.com/ja-jp/makore-sukurittoreza-konpakutou-oretto/MAKORE_NEO-JOUR_TANGRAM-V87.html?dwvar_MAKORE__NEO-JOUR__TANGRAM-V87_color=G89&to=45#viewtype=grid-view-small&sz=192&to=45&start=1
[25/12/18 18:13:56][DEBUG]URL:https://www.berluti.com/ja-jp/itauba-sukuea-guradianto-sukurittoreza-u-oretto/ITAUBA_SQUARE_NEO_GRADIANT-JOUR-V2.html?dwvar_ITAUBA__SQUARE__NEO__GRADIANT-JOUR-V2_color=MR5&to=46#viewtype=grid-view-small&sz=192&to=46&start=1
[25/12/18 18:13:56][DEBUG]URL:https://www.berluti.com/ja-jp/wapa-guradianto-sukurittoreza-koinpasu/WAPA_NEO_GRADIANT-JOUR-V2.html?dwvar_WAPA__NEO__GRADIANT-JOUR-V2_color=BJ3&to=47#viewtype=grid-view-small&sz=192&to=47&start=1
[25/12/18 18:13:56][DEBUG]URL:https://www.berluti.com/ja-jp/wapa-guradianto-sukurittoreza-koinpasu/WAPA_NEO_GRADIANT-JOUR-V2.html?dwvar_WAPA__NEO__GRADIANT-JOUR-V2_color=RA1&to=48#viewtype=grid-view-small&sz=192&to=48&start=1
[25/12/18 18:13:56][DEBUG]URL:https://www.berluti.com/ja-jp/wapa-sukurittoreza-jippu-fukikoinpasu/WAPA_NEO-JOUR-V2.html?dwvar_WAPA__NEO-JOUR-V2_color=K02&to=49#viewtype=grid-view-small&sz=192&to=49&start=1
[25/12/18 18:13:56][DEBUG]URL:https://www.berluti.com/ja-jp/wapa-sukurittoreza-jippu-fukikoinpasu/WAPA_NEO-JOUR-V2.html?dwvar_WAPA__NEO-JOUR-V2_color=ML6&to=50#viewtype=grid-view-small&sz=192&to=50&start=1
[25/12/18 18:13:56][DEBUG]URL:https://www.berluti.com/ja-jp/wapa-sukurittoreza-jippu-fukikoinpasu/WAPA_NEO-JOUR-V2.html?dwvar_WAPA__NEO-JOUR-V2_color=KE4&to=51#viewtype=grid-view-small&sz=192&to=51&start=1
[25/12/18 18:13:56][DEBUG]URL:https://www.berluti.com/ja-jp/wapa-sukurittoreza-jippu-fukikoinpasu/WAPA_NEO-JOUR-V2.html?dwvar_WAPA__NEO-JOUR-V2_color=G11&to=52#viewtype=grid-view-small&sz=192&to=52&start=1
[25/12/18 18:13:56][DEBUG]URL:https://www.berluti.com/ja-jp/wapa-sukurittoreza-jippu-fukikoinpasu/WAPA_NEO-JOUR-V2.html?dwvar_WAPA__NEO-JOUR-V2_color=KE5&to=53#viewtype=grid-view-small&sz=192&to=53&start=1
[25/12/18 18:13:56][DEBUG]URL:https://www.berluti.com/ja-jp/wapa-sukurittoreza-jippu-fukikoinpasu/WAPA_NEO-JOUR-V2.html?dwvar_WAPA__NEO-JOUR-V2_color=J10&to=54#viewtype=grid-view-small&sz=192&to=54&start=1
[25/12/18 18:13:56][DEBUG]URL:https://www.berluti.com/ja-jp/wapa-sukurittoreza-jippu-fukikoinpasu/WAPA_NEO-JOUR-V2.html?dwvar_WAPA__NEO-JOUR-V2_color=J12&to=55#viewtype=grid-view-small&sz=192&to=55&start=1
[25/12/18 18:13:56][DEBUG]URL:https://www.berluti.com/ja-jp/sukurittoreza-iphone-15-proforio/IPHONE_15_PRO_FOLIO-SCRITTO-V2.html?dwvar_IPHONE__15__PRO__FOLIO-SCRITTO-V2_color=B07&to=56#viewtype=grid-view-small&sz=192&to=56&start=1
[25/12/18 18:13:56][DEBUG]URL:https://www.berluti.com/ja-jp/sukurittoreza-iphone-15-proforio/IPHONE_15_PRO_FOLIO-SCRITTO-V2.html?dwvar_IPHONE__15__PRO__FOLIO-SCRITTO-V2_color=MH2&to=57#viewtype=grid-view-small&sz=192&to=57&start=1
[25/12/18 18:13:56][DEBUG]URL:https://www.berluti.com/ja-jp/sukurittoreza-iphone-15-pro-maxforio/IPHONE_15_PRO_MAX_FOLIO-SCRITTO-V2.html?dwvar_IPHONE__15__PRO__MAX__FOLIO-SCRITTO-V2_color=B07&to=58#viewtype=grid-view-small&sz=192&to=58&start=1
[25/12/18 18:13:56][DEBUG]URL:https://www.berluti.com/ja-jp/sukurittoreza-iphone-16-pro-maxforio/IPHONE_16_PRO_MAX_FOLIO-SCRITTO-V2.html?dwvar_IPHONE__16__PRO__MAX__FOLIO-SCRITTO-V2_color=KD4&to=59#viewtype=grid-view-small&sz=192&to=59&start=1
[25/12/18 18:13:56][DEBUG]URL:https://www.berluti.com/ja-jp/sukurittoreza-iphone-16-prokesu/IPHONE_16_PRO_CASE-SCRITTO-V2.html?dwvar_IPHONE__16__PRO__CASE-SCRITTO-V2_color=KD4&to=60#viewtype=grid-view-small&sz=192&to=60&start=1
[25/12/18 18:13:56][DEBUG]URL:https://www.berluti.com/ja-jp/sukurittoreza-iphone-16-pro-maxkesu/IPHONE_16_PRO_MAX_CASE-SCRITTO-V2.html?dwvar_IPHONE__16__PRO__MAX__CASE-SCRITTO-V2_color=KD4&to=61#viewtype=grid-view-small&sz=192&to=61&start=1
[25/12/18 18:13:56][DEBUG]URL:https://www.berluti.com/ja-jp/sukurittoreza-iphone-15-pro-maxkesu/IPHONE_15_PRO_MAX_CASE-SCRITTO-V2.html?dwvar_IPHONE__15__PRO__MAX__CASE-SCRITTO-V2_color=B07&to=62#viewtype=grid-view-small&sz=192&to=62&start=1
[25/12/18 18:13:56][DEBUG]URL:https://www.berluti.com/ja-jp/sukurittoreza-iphone-16-proforio/IPHONE_16_PRO_FOLIO-SCRITTO-V2.html?dwvar_IPHONE__16__PRO__FOLIO-SCRITTO-V2_color=KD4&to=63#viewtype=grid-view-small&sz=192&to=63&start=1
[25/12/18 18:13:56][DEBUG]URL:https://www.berluti.com/ja-jp/sukurittoreza-iphone-15-prokesu/IPHONE_15_PRO_CASE-SCRITTO-V2.html?dwvar_IPHONE__15__PRO__CASE-SCRITTO-V2_color=MH2&to=64#viewtype=grid-view-small&sz=192&to=64&start=1
[25/12/18 18:13:56][DEBUG]URL:https://www.berluti.com/ja-jp/sukurittoreza-iphone-15-prokesu/IPHONE_15_PRO_CASE-SCRITTO-V2.html?dwvar_IPHONE__15__PRO__CASE-SCRITTO-V2_color=B07&to=65#viewtype=grid-view-small&sz=192&to=65&start=1
[25/12/18 18:13:56][DEBUG]URL:https://www.berluti.com/ja-jp/sukurittoreza-iphone-16-prokesu/IPHONE_16_PRO_CASE-SCRITTO-V82.html?dwvar_IPHONE__16__PRO__CASE-SCRITTO-V82_color=B02&to=66#viewtype=grid-view-small&sz=192&to=66&start=1
[25/12/18 18:13:56][DEBUG]URL:https://www.berluti.com/ja-jp/sukurittoreza-iphone-16-proforio/IPHONE_16_PRO_FOLIO-SCRITTO-V82.html?dwvar_IPHONE__16__PRO__FOLIO-SCRITTO-V82_color=B02&to=67#viewtype=grid-view-small&sz=192&to=67&start=1
[25/12/18 18:13:56][DEBUG]URL:https://www.berluti.com/ja-jp/itauba-waido-guradianto-sukurittoreza-rongu-jippuu-oretto/ITAUBA_WIDE_NEO_GRADIANT-JOUR-V2.html?dwvar_ITAUBA__WIDE__NEO__GRADIANT-JOUR-V2_color=B07&to=68#viewtype=grid-view-small&sz=192&to=68&start=1
[25/12/18 18:13:56][DEBUG]URL:https://www.berluti.com/ja-jp/itauba-waido-guradianto-sukurittoreza-rongu-jippuu-oretto/ITAUBA_WIDE_NEO_GRADIANT-JOUR-V2.html?dwvar_ITAUBA__WIDE__NEO__GRADIANT-JOUR-V2_color=KH6&to=69#viewtype=grid-view-small&sz=192&to=69&start=1
[25/12/18 18:13:56][DEBUG]URL:https://www.berluti.com/ja-jp/koa-rojikku-sukurittoreza-jippu-kadohoruda/KOA_LOGIC_NEO-JOUR-V2.html?dwvar_KOA__LOGIC__NEO-JOUR-V2_color=ML6&to=70#viewtype=grid-view-small&sz=192&to=70&start=1
[25/12/18 18:13:56][DEBUG]URL:https://www.berluti.com/ja-jp/koto-sukurittoreza-jippu-kihoruda/KOTO_NEO-JOUR-V2.html?dwvar_KOTO__NEO-JOUR-V2_color=K02&to=71#viewtype=grid-view-small&sz=192&to=71&start=1
[25/12/18 18:13:56][DEBUG]URL:https://www.berluti.com/ja-jp/tari-sukurittoreza-rongujippuu-oretto/TALI_NEO-JOUR-V2.html?dwvar_TALI__NEO-JOUR-V2_color=K02&to=72#viewtype=grid-view-small&sz=192&to=72&start=1
[25/12/18 18:13:56][DEBUG]URL:https://www.berluti.com/ja-jp/tari-sukurittoreza-rongujippuu-oretto/TALI_NEO-JOUR-V2.html?dwvar_TALI__NEO-JOUR-V2_color=KE4&to=73#viewtype=grid-view-small&sz=192&to=73&start=1
[25/12/18 18:13:56][DEBUG]URL:https://www.berluti.com/ja-jp/tari-sukurittoreza-rongujippuu-oretto/TALI_NEO-JOUR-V2.html?dwvar_TALI__NEO-JOUR-V2_color=KE5&to=74#viewtype=grid-view-small&sz=192&to=74&start=1
[25/12/18 18:13:56][DEBUG]URL:https://www.berluti.com/ja-jp/makore-sukurittoreza-konpakutou-oretto/MAKORE_NEO-JOUR-V2.html?dwvar_MAKORE__NEO-JOUR-V2_color=K02&to=77#viewtype=grid-view-small&sz=192&to=77&start=1
[25/12/18 18:13:56][DEBUG]URL:https://www.berluti.com/ja-jp/makore-sukurittoreza-konpakutou-oretto/MAKORE_NEO-JOUR-V2.html?dwvar_MAKORE__NEO-JOUR-V2_color=ML6&to=78#viewtype=grid-view-small&sz=192&to=78&start=1
[25/12/18 18:13:56][DEBUG]URL:https://www.berluti.com/ja-jp/makore-sukurittoreza-konpakutou-oretto/MAKORE_NEO-JOUR-V2.html?dwvar_MAKORE__NEO-JOUR-V2_color=G11&to=79#viewtype=grid-view-small&sz=192&to=79&start=1
[25/12/18 18:13:56][DEBUG]URL:https://www.berluti.com/ja-jp/akaju-sukurittoreza-u-oretto/ACAJOU_NEO-JOUR-V2.html?dwvar_ACAJOU__NEO-JOUR-V2_color=ML6&to=80#viewtype=grid-view-small&sz=192&to=80&start=1
[25/12/18 18:13:56][DEBUG]URL:https://www.berluti.com/ja-jp/itauba-sukuea-sukurittoreza-jippuu-oretto/ITAUBA_SQUARE_NEO-JOUR-V2.html?dwvar_ITAUBA__SQUARE__NEO-JOUR-V2_color=K02&to=81#viewtype=grid-view-small&sz=192&to=81&start=1
[25/12/18 18:13:56][DEBUG]URL:https://www.berluti.com/ja-jp/aibi-sukurittosuwaipu-reza-toiretaripochi/IVY-JOUR-V2.html?dwvar_IVY-JOUR-V2_color=G27&to=82#viewtype=grid-view-small&sz=192&to=82&start=1
[25/12/18 18:13:56][DEBUG]URL:https://www.berluti.com/ja-jp/badi-towaru-marubufu-ronguu-oretto/BADI-TOILE_MARBEUF-T19.html?dwvar_BADI-TOILE__MARBEUF-T19_color=MO5&to=83#viewtype=grid-view-small&sz=192&to=83&start=1
[25/12/18 18:13:56][DEBUG]URL:https://www.berluti.com/ja-jp/inbuia-guradianto-sukurittoreza-kadohoruda/IMBUIA_NEO_GRADIANT-JOUR-V2.html?dwvar_IMBUIA__NEO__GRADIANT-JOUR-V2_color=RA1&to=84#viewtype=grid-view-small&sz=192&to=84&start=1
[25/12/18 18:13:56][DEBUG]URL:https://www.berluti.com/ja-jp/inbuia-towaru-marubufu-kadohoruda/IMBUIA_NEO-TOILE_MARBEUF-T19.html?dwvar_IMBUIA__NEO-TOILE__MARBEUF-T19_color=MO5&to=85#viewtype=grid-view-small&sz=192&to=85&start=1
[25/12/18 18:13:56][DEBUG]URL:https://www.berluti.com/ja-jp/buna-sukurittoreza-kadohoruda/BUNA-JOUR-V2.html?dwvar_BUNA-JOUR-V2_color=ML6&to=86#viewtype=grid-view-small&sz=192&to=86&start=1
[25/12/18 18:13:56][DEBUG]URL:https://www.berluti.com/ja-jp/makore-surimu-reza-konpakutou-oretto/MAKORE_SLIM_NEO-JOUR-V1.html?dwvar_MAKORE__SLIM__NEO-JOUR-V1_color=ML6&to=87#viewtype=grid-view-small&sz=192&to=87&start=1
[25/12/18 18:13:56][DEBUG]URL:https://www.berluti.com/ja-jp/jagua-towaru-marubufu-kadohoruda/JAGUA_NEO-TOILE_MARBEUF-T19.html?dwvar_JAGUA__NEO-TOILE__MARBEUF-T19_color=MO5&to=88#viewtype=grid-view-small&sz=192&to=88&start=1
[25/12/18 18:13:56][DEBUG]URL:https://www.berluti.com/ja-jp/banbu-towaru-marubufu-kadohoruda/BAMBOU_NEO-TOILE_MARBEUF-T19.html?dwvar_BAMBOU__NEO-TOILE__MARBEUF-T19_color=MO5&to=89#viewtype=grid-view-small&sz=192&to=89&start=1
[25/12/18 18:13:56][DEBUG]URL:https://www.berluti.com/ja-jp/akaju-towaru-marubufu-u-oretto/ACAJOU_NEO-TOILE_MARBEUF-T19.html?dwvar_ACAJOU__NEO-TOILE__MARBEUF-T19_color=MO5&to=90#viewtype=grid-view-small&sz=192&to=90&start=1
[25/12/18 18:13:56][DEBUG]URL:https://www.berluti.com/ja-jp/santaru-guradianto-sukurittoreza-ronguu-oretto/SANTAL_NEO_GRADIANT-JOUR-V2.html?dwvar_SANTAL__NEO__GRADIANT-JOUR-V2_color=R78&to=91#viewtype=grid-view-small&sz=192&to=91&start=1
[25/12/18 18:13:56][DEBUG]URL:https://www.berluti.com/ja-jp/esupasu-sukurittoreza-ronguu-oretto/ESPACE_NEO-JOUR-V2.html?dwvar_ESPACE__NEO-JOUR-V2_color=ML6&to=92#viewtype=grid-view-small&sz=192&to=92&start=1
[25/12/18 18:13:56][DEBUG]URL:https://www.berluti.com/ja-jp/esupasu-sukurittoreza-ronguu-oretto/ESPACE_NEO-JOUR-V2.html?dwvar_ESPACE__NEO-JOUR-V2_color=K02&to=93#viewtype=grid-view-small&sz=192&to=93&start=1
[25/12/18 18:13:56][DEBUG]URL:https://www.berluti.com/ja-jp/esupasu-guradianto-sukurittoreza-ronguu-oretto/ESPACE_NEO_GRADIANT-JOUR-V2.html?dwvar_ESPACE__NEO__GRADIANT-JOUR-V2_color=B07&to=94#viewtype=grid-view-small&sz=192&to=94&start=1
[25/12/18 18:13:56][DEBUG]URL:https://www.berluti.com/ja-jp/jagua-reza-poketto-oganaiza/JAGUA_NEO-JOUR-V1.html?dwvar_JAGUA__NEO-JOUR-V1_color=ML6&to=95#viewtype=grid-view-small&sz=192&to=95&start=1
[25/12/18 18:13:56][DEBUG]URL:https://www.berluti.com/ja-jp/jagua-reza-poketto-oganaiza/JAGUA_NEO-JOUR-V1.html?dwvar_JAGUA__NEO-JOUR-V1_color=F06&to=96#viewtype=grid-view-small&sz=192&to=96&start=1
[25/12/18 18:13:56][DEBUG]URL:https://www.berluti.com/ja-jp/jagua-sukurittoreza-kadohoruda/JAGUA_NEO-JOUR-V2.html?dwvar_JAGUA__NEO-JOUR-V2_color=K02&to=97#viewtype=grid-view-small&sz=192&to=97&start=1
[25/12/18 18:13:56][DEBUG]URL:https://www.berluti.com/ja-jp/jagua-sukurittoreza-kadohoruda/JAGUA_NEO-JOUR-V2.html?dwvar_JAGUA__NEO-JOUR-V2_color=ML6&to=98#viewtype=grid-view-small&sz=192&to=98&start=1
[25/12/18 18:13:56][DEBUG]URL:https://www.berluti.com/ja-jp/itauba-waido-sukurittoreza/ITAUBA_WIDE_NEO-JOUR-V2.html?dwvar_ITAUBA__WIDE__NEO-JOUR-V2_color=BJ3&to=99#viewtype=grid-view-small&sz=192&to=99&start=1
[25/12/18 18:13:56][DEBUG]URL:https://www.berluti.com/ja-jp/itauba-waido-sukurittoreza/ITAUBA_WIDE_NEO-JOUR-V2.html?dwvar_ITAUBA__WIDE__NEO-JOUR-V2_color=ML6&to=100#viewtype=grid-view-small&sz=192&to=100&start=1
[25/12/18 18:13:56][DEBUG]URL:https://www.berluti.com/ja-jp/banbu-tetorisu-sukurittoreza-kadohoruda/BAMBOU_TETRIS_NEO-JOUR-V2.html?dwvar_BAMBOU__TETRIS__NEO-JOUR-V2_color=K02&to=101#viewtype=grid-view-small&sz=192&to=101&start=1
[25/12/18 18:13:56][DEBUG]URL:https://www.berluti.com/ja-jp/banbu-tetorisu-sukurittoreza-kadohoruda/BAMBOU_TETRIS_NEO-JOUR-V2.html?dwvar_BAMBOU__TETRIS__NEO-JOUR-V2_color=BJ3&to=102#viewtype=grid-view-small&sz=192&to=102&start=1
[25/12/18 18:13:56][DEBUG]URL:https://www.berluti.com/ja-jp/banbu-neo-sukurittosuwaipurezakadohoruda/BAMBOU_NEO-JOUR-V2.html?dwvar_BAMBOU__NEO-JOUR-V2_color=K02&to=103#viewtype=grid-view-small&sz=192&to=103&start=1
[25/12/18 18:13:56][DEBUG]URL:https://www.berluti.com/ja-jp/banbu-neo-sukurittosuwaipurezakadohoruda/BAMBOU_NEO-JOUR-V2.html?dwvar_BAMBOU__NEO-JOUR-V2_color=ML6&to=104#viewtype=grid-view-small&sz=192&to=104&start=1
[25/12/18 18:13:56][DEBUG]URL:https://www.berluti.com/ja-jp/banbu-neo-sukurittosuwaipurezakadohoruda/BAMBOU_NEO-JOUR-V2.html?dwvar_BAMBOU__NEO-JOUR-V2_color=G02&to=105#viewtype=grid-view-small&sz=192&to=105&start=1
[25/12/18 18:13:56][DEBUG]URL:https://www.berluti.com/ja-jp/banbu-neo-sukurittosuwaipurezakadohoruda/BAMBOU_NEO-JOUR-V2.html?dwvar_BAMBOU__NEO-JOUR-V2_color=R78&to=106#viewtype=grid-view-small&sz=192&to=106&start=1
[25/12/18 18:13:56][DEBUG]URL:https://www.berluti.com/ja-jp/inbuia-sukurittoreza-kadohoruda/IMBUIA_NEO-JOUR-V2.html?dwvar_IMBUIA__NEO-JOUR-V2_color=K02&to=107#viewtype=grid-view-small&sz=192&to=107&start=1
[25/12/18 18:13:56][DEBUG]URL:https://www.berluti.com/ja-jp/inbuia-sukurittoreza-kadohoruda/IMBUIA_NEO-JOUR-V2.html?dwvar_IMBUIA__NEO-JOUR-V2_color=ML6&to=108#viewtype=grid-view-small&sz=192&to=108&start=1
[25/12/18 18:13:56][DEBUG]URL:https://www.berluti.com/ja-jp/figyua-sukurittoreza-konpakutou-oretto/FIGURE_NEO-JOUR-V2.html?dwvar_FIGURE__NEO-JOUR-V2_color=K02&to=109#viewtype=grid-view-small&sz=192&to=109&start=1
[25/12/18 18:13:56][DEBUG]URL:https://www.berluti.com/ja-jp/figyua-sukurittoreza-konpakutou-oretto/FIGURE_NEO-JOUR-V2.html?dwvar_FIGURE__NEO-JOUR-V2_color=ML6&to=110#viewtype=grid-view-small&sz=192&to=110&start=1
[25/12/18 18:13:56][DEBUG]URL:https://www.berluti.com/ja-jp/esukaru-towaru-marubufu-pasupotohoruda/ESCALE_NEO-TOILE_MARBEUF-T19.html?dwvar_ESCALE__NEO-TOILE__MARBEUF-T19_color=MO5&to=111#viewtype=grid-view-small&sz=192&to=111&start=1
[25/12/18 18:13:56][DEBUG]URL:https://www.berluti.com/ja-jp/makore-2in1-sukurittoreza-u-oretto/MAKORE_2IN1_NEO-JOUR-V2.html?dwvar_MAKORE__2IN1__NEO-JOUR-V2_color=ML6&to=112#viewtype=grid-view-small&sz=192&to=112&start=1
[25/12/18 18:13:56][DEBUG]URL:https://www.berluti.com/ja-jp/juru-sukurittoreza-manekurippu/MC004-V2.html?dwvar_MC004-V2_color=ML6&to=113#viewtype=grid-view-small&sz=192&to=113&start=1
[25/12/18 18:13:56][DEBUG]URL:https://www.berluti.com/ja-jp/vu-enechia-appuru-u-otchi-buresuretto/APPLE_WATCH_BRACELET-VENEZIA-V2.html?dwvar_APPLE__WATCH__BRACELET-VENEZIA-V2_color=M10&to=114#viewtype=grid-view-small&sz=192&to=114&start=1
[25/12/18 18:13:56][DEBUG]URL:https://www.berluti.com/ja-jp/vu-enechia-appuru-u-otchi-buresuretto/APPLE_WATCH_BRACELET-VENEZIA-V2.html?dwvar_APPLE__WATCH__BRACELET-VENEZIA-V2_color=MH2&to=115#viewtype=grid-view-small&sz=192&to=115&start=1
[25/12/18 18:13:56][DEBUG]URL:https://www.berluti.com/ja-jp/inbuia-guradianto-sukurittoreza-kadohoruda/IMBUIA_NEO_GRADIANT-JOUR-V2.html?dwvar_IMBUIA__NEO__GRADIANT-JOUR-V2_color=Y23&to=116#viewtype=grid-view-small&sz=192&to=116&start=1
[25/12/18 18:13:56][DEBUG]URL:https://www.berluti.com/ja-jp/makore-towaru-marubufu-u-oretto/MAKORE_NEO-TOILE_MARBEUF-T19.html?dwvar_MAKORE__NEO-TOILE__MARBEUF-T19_color=MO5&to=117#viewtype=grid-view-small&sz=192&to=117&start=1
[25/12/18 18:13:56][DEBUG]URL:https://www.berluti.com/ja-jp/itauba-neo-sukuritto-reza-rongu-jippu-fuki-u-oretto/ITAUBA_NEO-JOUR-V2.html?dwvar_ITAUBA__NEO-JOUR-V2_color=KE4&to=118#viewtype=grid-view-small&sz=192&to=118&start=1
[25/12/18 18:13:56][DEBUG]URL:https://www.berluti.com/ja-jp/buna-sukurittoreza-kadohoruda/BUNA-JOUR-V29.html?dwvar_BUNA-JOUR-V29_color=K02&to=119#viewtype=grid-view-small&sz=192&to=119&start=1
[25/12/18 18:13:56][DEBUG]URL:https://www.berluti.com/ja-jp/itauba-neo-sukuritto-reza-rongu-jippu-fuki-u-oretto/ITAUBA_NEO-JOUR-V2.html?dwvar_ITAUBA__NEO-JOUR-V2_color=J10&to=120#viewtype=grid-view-small&sz=192&to=120&start=1
[25/12/18 18:13:56][DEBUG]URL:https://www.berluti.com/ja-jp/wapa-guradianto-sukurittoreza-koinpasu/WAPA_NEO_GRADIANT-JOUR_GRADIANT-VX.html?dwvar_WAPA__NEO__GRADIANT-JOUR__GRADIANT-VX_color=MS3&to=121#viewtype=grid-view-small&sz=192&to=121&start=1
[25/12/18 18:13:56][DEBUG]URL:https://www.berluti.com/ja-jp/itauba-waido-guradianto-sukurittoreza-jippupochi/ITAUBA_WIDE_GRADIANT-JOUR_GRADIANT-VX.html?dwvar_ITAUBA__WIDE__GRADIANT-JOUR__GRADIANT-VX_color=K66&to=122#viewtype=grid-view-small&sz=192&to=122&start=1
[25/12/18 18:13:56][DEBUG]URL:https://www.berluti.com/ja-jp/itauba-neo-sukuritto-reza-rongu-jippu-fuki-u-oretto/ITAUBA_NEO-JOUR-V2.html?dwvar_ITAUBA__NEO-JOUR-V2_color=KM7&to=123#viewtype=grid-view-small&sz=192&to=123&start=1
[25/12/18 18:13:56][DEBUG]URL:https://www.berluti.com/ja-jp/santaru-sukurittoreza-jippuronguu-oretto/SANTAL_NEO-JOUR-V2.html?dwvar_SANTAL__NEO-JOUR-V2_color=J10&to=124#viewtype=grid-view-small&sz=192&to=124&start=1
[25/12/18 18:13:56][DEBUG]URL:https://www.berluti.com/ja-jp/esupasu-sukurittoreza-ronguu-oretto/ESPACE_NEO-JOUR-V2.html?dwvar_ESPACE__NEO-JOUR-V2_color=BJ3&to=125#viewtype=grid-view-small&sz=192&to=125&start=1
[25/12/18 18:13:56][DEBUG]URL:https://www.berluti.com/ja-jp/itauba-neo-sukuritto-reza-rongu-jippu-fuki-u-oretto/ITAUBA_NEO-JOUR-V2.html?dwvar_ITAUBA__NEO-JOUR-V2_color=KE5&to=126#viewtype=grid-view-small&sz=192&to=126&start=1
[25/12/18 18:13:56][DEBUG]URL:https://www.berluti.com/ja-jp/itauba-neo-sukuritto-reza-rongu-jippu-fuki-u-oretto/ITAUBA_NEO-JOUR-V2.html?dwvar_ITAUBA__NEO-JOUR-V2_color=J12&to=127#viewtype=grid-view-small&sz=192&to=127&start=1
[25/12/18 18:13:56][DEBUG]URL:https://www.berluti.com/ja-jp/itauba-neo-sukuritto-reza-rongu-jippu-fuki-u-oretto/ITAUBA_NEO-JOUR-V2.html?dwvar_ITAUBA__NEO-JOUR-V2_color=J20&to=128#viewtype=grid-view-small&sz=192&to=128&start=1
[25/12/18 18:13:56][DEBUG]URL:https://www.berluti.com/ja-jp/figyua-sukurittoreza-konpakutou-oretto/FIGURE_NEO-JOUR-V2.html?dwvar_FIGURE__NEO-JOUR-V2_color=KM7&to=129#viewtype=grid-view-small&sz=192&to=129&start=1
[25/12/18 18:13:56][DEBUG]URL:https://www.berluti.com/ja-jp/inbuia-sukurittoreza-kadohoruda/IMBUIA_NEO-JOUR-V2.html?dwvar_IMBUIA__NEO-JOUR-V2_color=J10&to=130#viewtype=grid-view-small&sz=192&to=130&start=1
[25/12/18 18:13:56][DEBUG]URL:https://www.berluti.com/ja-jp/santaru-sukurittoreza-jippuronguu-oretto/SANTAL_NEO-JOUR-V2.html?dwvar_SANTAL__NEO-JOUR-V2_color=KE4&to=131#viewtype=grid-view-small&sz=192&to=131&start=1
[25/12/18 18:13:56][DEBUG]URL:https://www.berluti.com/ja-jp/terushio-reza-oruinwan/TERSIO_NEO-JOUR-V2.html?dwvar_TERSIO__NEO-JOUR-V2_color=MR5&to=132#viewtype=grid-view-small&sz=192&to=132&start=1
[25/12/18 18:13:56][DEBUG]URL:https://www.berluti.com/ja-jp/inbuia-sukurittoreza-kadohoruda/IMBUIA_NEO-JOUR-V2.html?dwvar_IMBUIA__NEO-JOUR-V2_color=KE4&to=133#viewtype=grid-view-small&sz=192&to=133&start=1
[25/12/18 18:13:56][DEBUG]URL:https://www.berluti.com/ja-jp/inbuia-sukurittoreza-kadohoruda/IMBUIA_NEO-JOUR-V2.html?dwvar_IMBUIA__NEO-JOUR-V2_color=KE5&to=134#viewtype=grid-view-small&sz=192&to=134&start=1
[25/12/18 18:13:56][DEBUG]URL:https://www.berluti.com/ja-jp/santaru-sukurittoreza-jippuronguu-oretto/SANTAL_NEO-JOUR-V2.html?dwvar_SANTAL__NEO-JOUR-V2_color=KE5&to=135#viewtype=grid-view-small&sz=192&to=135&start=1
[25/12/18 18:13:56][DEBUG]URL:https://www.berluti.com/ja-jp/figyua-sukurittoreza-konpakutou-oretto/FIGURE_NEO-JOUR-V2.html?dwvar_FIGURE__NEO-JOUR-V2_color=KE5&to=136#viewtype=grid-view-small&sz=192&to=136&start=1
[25/12/18 18:13:56][DEBUG]URL:https://www.berluti.com/ja-jp/vu-enechia-appuru-u-otchi-buresuretto/APPLE_WATCH_BRACELET-VENEZIA-V2.html?dwvar_APPLE__WATCH__BRACELET-VENEZIA-V2_color=B07&to=137#viewtype=grid-view-small&sz=192&to=137&start=1
[25/12/18 18:13:56][DEBUG]URL:https://www.berluti.com/ja-jp/ete-yui-do-u-vu-oyaju-towaru-marubufu-toraberupochi/ETUI_DE_VOYAGE-TOILE_MARBEUF-T19.html?dwvar_ETUI__DE__VOYAGE-TOILE__MARBEUF-T19_color=MO5&to=138#viewtype=grid-view-small&sz=192&to=138&start=1
[25/12/18 18:13:56][DEBUG]URL:https://www.berluti.com/ja-jp/figyua-sukurittoreza-konpakutou-oretto/FIGURE_NEO-JOUR-V2.html?dwvar_FIGURE__NEO-JOUR-V2_color=KE4&to=139#viewtype=grid-view-small&sz=192&to=139&start=1
[25/12/18 18:13:56][DEBUG]URL:https://www.berluti.com/ja-jp/itauba-waido-sukurittoreza/ITAUBA_WIDE_NEO-JOUR-V2.html?dwvar_ITAUBA__WIDE__NEO-JOUR-V2_color=J10&to=140#viewtype=grid-view-small&sz=192&to=140&start=1
[25/12/18 18:13:56][DEBUG]URL:https://www.berluti.com/ja-jp/itauba-waido-sukurittoreza/ITAUBA_WIDE_NEO-JOUR-V2.html?dwvar_ITAUBA__WIDE__NEO-JOUR-V2_color=J12&to=141#viewtype=grid-view-small&sz=192&to=141&start=1
[25/12/18 18:13:56][DEBUG]URL:https://www.berluti.com/ja-jp/notobukkurefirua-5/REFILL_NOTEBOOK_A5_II.html?dwvar_REFILL__NOTEBOOK__A5__II_color=K01&to=142#viewtype=grid-view-small&sz=192&to=142&start=1
[25/12/18 18:13:56][DEBUG]URL:https://www.berluti.com/ja-jp/inbuia-sukurittoreza-kadohoruda/IMBUIA_NEO-JOUR-V2.html?dwvar_IMBUIA__NEO-JOUR-V2_color=J12&to=143#viewtype=grid-view-small&sz=192&to=143&start=1
[25/12/18 18:13:56][DEBUG]URL:https://www.berluti.com/ja-jp/figyua-sukurittoreza-konpakutou-oretto/FIGURE_NEO-JOUR-V2.html?dwvar_FIGURE__NEO-JOUR-V2_color=J10&to=144#viewtype=grid-view-small&sz=192&to=144&start=1
[25/12/18 18:13:56][DEBUG]URL:https://www.berluti.com/ja-jp/sukurittoreza-airpods-prokesu/AIRPODS_PRO_CASE-SCRITTO-V2.html?dwvar_AIRPODS__PRO__CASE-SCRITTO-V2_color=G27&to=145#viewtype=grid-view-small&sz=192&to=145&start=1
[25/12/18 18:13:56][DEBUG]URL:https://www.berluti.com/ja-jp/sukurittoreza-1ben-yongu-otchikesu/WATCH_CASE_1_NEO-SCRITTO-V2.html?dwvar_WATCH__CASE__1__NEO-SCRITTO-V2_color=ML6&to=146#viewtype=grid-view-small&sz=192&to=146&start=1
[25/12/18 18:13:56][DEBUG]URL:https://www.berluti.com/ja-jp/sukurittoreza-3ben-yongu-otchikesu/WATCH_CASE_3_NEO-SCRITTO_SWIPE-V2.html?dwvar_WATCH__CASE__3__NEO-SCRITTO__SWIPE-V2_color=ML6&to=147#viewtype=grid-view-small&sz=192&to=147&start=1
[25/12/18 18:13:56][DEBUG]URL:https://www.berluti.com/ja-jp/sukuritto-reza-2-shiga-kesu/CIGAR_CASE_2_NEO-V2.html?dwvar_CIGAR__CASE__2__NEO-V2_color=ML6&to=148#viewtype=grid-view-small&sz=192&to=148&start=1
[25/12/18 18:13:56][DEBUG]URL:https://www.berluti.com/ja-jp/sukuritto-reza-4-shiga-kesu/CIGAR_CASE_4_NEO-V2.html?dwvar_CIGAR__CASE__4__NEO-V2_color=BJ3&to=149#viewtype=grid-view-small&sz=192&to=149&start=1
[25/12/18 18:13:56][DEBUG]URL:https://www.berluti.com/ja-jp/banbu-neo-sukurittosuwaipurezakadohoruda/BAMBOU_NEO-JOUR-V2.html?dwvar_BAMBOU__NEO-JOUR-V2_color=F06&to=150#viewtype=grid-view-small&sz=192&to=150&start=1
[25/12/18 18:13:56][DEBUG]URL:https://www.berluti.com/ja-jp/santaru-sukurittoreza-jippuronguu-oretto/SANTAL_NEO-JOUR-V2.html?dwvar_SANTAL__NEO-JOUR-V2_color=J12&to=151#viewtype=grid-view-small&sz=192&to=151&start=1
[25/12/18 18:13:56][DEBUG]URL:https://www.berluti.com/ja-jp/sukuritto-reza-2-shiga-kesu/CIGAR_CASE_2_NEO-V2.html?dwvar_CIGAR__CASE__2__NEO-V2_color=F06&to=152#viewtype=grid-view-small&sz=192&to=152&start=1
[25/12/18 18:13:56][DEBUG]URL:https://www.berluti.com/ja-jp/sukurittoreza-3ben-yongu-otchikesu/WATCH_CASE_3_NEO-SCRITTO_SWIPE-V2.html?dwvar_WATCH__CASE__3__NEO-SCRITTO__SWIPE-V2_color=BJ3&to=153#viewtype=grid-view-small&sz=192&to=153&start=1
[25/12/18 18:13:56][DEBUG]URL:https://www.berluti.com/ja-jp/sukuritto-reza-2-shiga-kesu/CIGAR_CASE_2_NEO-V2.html?dwvar_CIGAR__CASE__2__NEO-V2_color=MQ4&to=154#viewtype=grid-view-small&sz=192&to=154&start=1
[25/12/18 18:13:56][DEBUG]URL:https://www.berluti.com/ja-jp/sukurittoreza-3ben-yongu-otchikesu/WATCH_CASE_3_NEO-SCRITTO_SWIPE-V2.html?dwvar_WATCH__CASE__3__NEO-SCRITTO__SWIPE-V2_color=B07&to=155#viewtype=grid-view-small&sz=192&to=155&start=1
[25/12/18 18:13:56][DEBUG]URL:https://www.berluti.com/ja-jp/sukurittoreza-1ben-yongu-otchikesu/WATCH_CASE_1_NEO-SCRITTO-V2.html?dwvar_WATCH__CASE__1__NEO-SCRITTO-V2_color=G02&to=156#viewtype=grid-view-small&sz=192&to=156&start=1
[25/12/18 18:13:56][DEBUG]URL:https://www.berluti.com/ja-jp/sukurittoreza-1ben-yongu-otchikesu/WATCH_CASE_1_NEO-SCRITTO-V2.html?dwvar_WATCH__CASE__1__NEO-SCRITTO-V2_color=F06&to=157#viewtype=grid-view-small&sz=192&to=157&start=1
[25/12/18 18:13:56][DEBUG]URL:https://www.berluti.com/ja-jp/figyua-sukurittoreza-konpakutou-oretto/FIGURE_NEO-JOUR-V2.html?dwvar_FIGURE__NEO-JOUR-V2_color=J12&to=158#viewtype=grid-view-small&sz=192&to=158&start=1
[25/12/18 18:13:56][DEBUG]URL:https://www.berluti.com/ja-jp/sukurittoreza-1ben-yongu-otchikesu/WATCH_CASE_1_NEO-SCRITTO-V2.html?dwvar_WATCH__CASE__1__NEO-SCRITTO-V2_color=G11&to=159#viewtype=grid-view-small&sz=192&to=159&start=1
[25/12/18 18:13:56][DEBUG]URL:https://www.berluti.com/ja-jp/sukurittoreza-3ben-yongu-otchikesu/WATCH_CASE_3_NEO-SCRITTO_SWIPE-V2.html?dwvar_WATCH__CASE__3__NEO-SCRITTO__SWIPE-V2_color=MQ4&to=160#viewtype=grid-view-small&sz=192&to=160&start=1
[25/12/18 18:13:56][DEBUG]URL:https://www.berluti.com/ja-jp/itauba-sukuea-guradianto-sukurittoreza-konpakutou-oretto/ITAUBA_SQUARE_NEO_GRADIANT-JOUR_GRADIANT-VX3.html?dwvar_ITAUBA__SQUARE__NEO__GRADIANT-JOUR__GRADIANT-VX3_color=G94&to=161#viewtype=grid-view-small&sz=192&to=161&start=1
[25/12/18 18:13:56][DEBUG]URL:https://www.berluti.com/ja-jp/figyua-koin-sukurittoreza-u-oretto/FIGURE_COIN-JOUR-V29.html?dwvar_FIGURE__COIN-JOUR-V29_color=K02&to=162#viewtype=grid-view-small&sz=192&to=162&start=1
[25/12/18 18:13:56][DEBUG]URL:https://www.berluti.com/ja-jp/engravedvu-enetsu-ia-kafureza4shigakesu/CIGAR_CASE_4-V2.html?dwvar_CIGAR__CASE__4-V2_color=M04&to=181#viewtype=grid-view-small&sz=192&to=181&start=1
[25/12/18 18:13:56][DEBUG]URL:https://www.berluti.com/ja-jp/andi-fon-pochi-reza-messenja/ANDY_PHONE_POUCH-V1.html?dwvar_ANDY__PHONE__POUCH-V1_color=ML6&to=1#prefn1=product_online_sales&prefv1=true&viewtype=grid-view-small&sz=48&to=1&start=1
[25/12/18 18:13:56][DEBUG]URL:https://www.berluti.com/ja-jp/andi-kurosubodi-reza-messenja/ANDY_CROSSBODY-V1.html?dwvar_ANDY__CROSSBODY-V1_color=ML6&to=2#prefn1=product_online_sales&prefv1=true&viewtype=grid-view-small&sz=48&to=2&start=1
[25/12/18 18:13:56][DEBUG]URL:https://www.berluti.com/ja-jp/andi-messenja-rezaburifukesu/ANDY_MESSENGER-V1.html?dwvar_ANDY__MESSENGER-V1_color=ML6&to=3#prefn1=product_online_sales&prefv1=true&viewtype=grid-view-small&sz=48&to=3&start=1
[25/12/18 18:13:56][DEBUG]URL:https://www.berluti.com/ja-jp/moningu-on-sutorappu-reza-messenja/MORNING_ON_STRAP-V81.html?dwvar_MORNING__ON__STRAP-V81_color=MM5&to=4#prefn1=product_online_sales&prefv1=true&viewtype=grid-view-small&sz=48&to=4&start=1
[25/12/18 18:13:56][DEBUG]URL:https://www.berluti.com/ja-jp/to-ujuru-sofuto-jippu-hobo-xs-sukurittoreza-messenja/ZIPPED_HOBO_XS-V41.html?dwvar_ZIPPED__HOBO__XS-V41_color=MA1&to=5#prefn1=product_online_sales&prefv1=true&viewtype=grid-view-small&sz=48&to=5&start=1
[25/12/18 18:13:56][DEBUG]URL:https://www.berluti.com/ja-jp/to-ujuru-sofuto-jippu-hobo-xs-sukurittoreza-messenja/ZIPPED_HOBO_XS-V82.html?dwvar_ZIPPED__HOBO__XS-V82_color=MM5&to=6#prefn1=product_online_sales&prefv1=true&viewtype=grid-view-small&sz=48&to=6&start=1
[25/12/18 18:13:56][DEBUG]URL:https://www.berluti.com/ja-jp/to-ujuru-sofuto-jippu-hobo-xs-reza-messenja/ZIPPED_HOBO_XS-V3.html?dwvar_ZIPPED__HOBO__XS-V3_color=F06&to=7#prefn1=product_online_sales&prefv1=true&viewtype=grid-view-small&sz=48&to=7&start=1
[25/12/18 18:13:56][DEBUG]URL:https://www.berluti.com/ja-jp/to-ujuru-sofuto-jippu-hobo-sukurittoreza-messenja/ZIPPED_HOBO-V82.html?dwvar_ZIPPED__HOBO-V82_color=MM5&to=8#prefn1=product_online_sales&prefv1=true&viewtype=grid-view-small&sz=48&to=8&start=1
[25/12/18 18:13:56][DEBUG]URL:https://www.berluti.com/ja-jp/to-ujuru-sofuto-jippu-hobo-reza-messenja/ZIPPED_HOBO-V3.html?dwvar_ZIPPED__HOBO-V3_color=MH2&to=9#prefn1=product_online_sales&prefv1=true&viewtype=grid-view-small&sz=48&to=9&start=1
[25/12/18 18:13:56][DEBUG]URL:https://www.berluti.com/ja-jp/to-ujuru-sofuto-jippu-hobo-reza-messenja/ZIPPED_HOBO-V3.html?dwvar_ZIPPED__HOBO-V3_color=MQ4&to=10#prefn1=product_online_sales&prefv1=true&viewtype=grid-view-small&sz=48&to=10&start=1
[25/12/18 18:13:56][DEBUG]URL:https://www.berluti.com/ja-jp/shadou-kashimiya-bamubaggu/B5820_BUMBAG-Z65.html?dwvar_B5820__BUMBAG-Z65_color=K58&to=11#prefn1=product_online_sales&prefv1=true&viewtype=grid-view-small&sz=48&to=11&start=1
[25/12/18 18:13:56][DEBUG]URL:https://www.berluti.com/ja-jp/jurunarie-xs-reza-messenja/JOURNALIER_XS-CE0.html?dwvar_JOURNALIER__XS-CE0_color=K62&to=12#prefn1=product_online_sales&prefv1=true&viewtype=grid-view-small&sz=48&to=12&start=1
[25/12/18 18:13:56][DEBUG]URL:https://www.berluti.com/ja-jp/jurunarie-xs-reza-messenja/JOURNALIER_XS-CE0.html?dwvar_JOURNALIER__XS-CE0_color=MC5&to=13#prefn1=product_online_sales&prefv1=true&viewtype=grid-view-small&sz=48&to=13&start=1
[25/12/18 18:13:56][DEBUG]URL:https://www.berluti.com/ja-jp/jurunarie-torio-sukurittoreza-messenja/JOURNALIER_TRIO-V82.html?dwvar_JOURNALIER__TRIO-V82_color=MM5&to=14#prefn1=product_online_sales&prefv1=true&viewtype=grid-view-small&sz=48&to=14&start=1
[25/12/18 18:13:56][DEBUG]URL:https://www.berluti.com/ja-jp/jurunarie-reza-messenja/JOURNALIER-V1.html?dwvar_JOURNALIER-V1_color=R78&to=15#prefn1=product_online_sales&prefv1=true&viewtype=grid-view-small&sz=48&to=15&start=1
[25/12/18 18:13:56][DEBUG]URL:https://www.berluti.com/ja-jp/emio-sukurittoreza-messenja/E_MIO_MESSENGER-V2.html?dwvar_E__MIO__MESSENGER-V2_color=KD1&to=16#prefn1=product_online_sales&prefv1=true&viewtype=grid-view-small&sz=48&to=16&start=1
[25/12/18 18:13:56][DEBUG]URL:https://www.berluti.com/ja-jp/emio-sukurittoreza-messenja/E_MIO_MESSENGER-V2.html?dwvar_E__MIO__MESSENGER-V2_color=MR5&to=17#prefn1=product_online_sales&prefv1=true&viewtype=grid-view-small&sz=48&to=17&start=1
[25/12/18 18:13:56][DEBUG]URL:https://www.berluti.com/ja-jp/anjuru-gariba-sukurittoreza-burifukesu/1_JOUR_GULLIVER_NEO-V2.html?dwvar_1__JOUR__GULLIVER__NEO-V2_color=ML6&to=18#prefn1=product_online_sales&prefv1=true&viewtype=grid-view-small&sz=48&to=18&start=1
[25/12/18 18:13:56][DEBUG]URL:https://www.berluti.com/ja-jp/anjuru-gariba-sukurittoreza-burifukesu/1_JOUR_GULLIVER_NEO-V2.html?dwvar_1__JOUR__GULLIVER__NEO-V2_color=KD4&to=19#prefn1=product_online_sales&prefv1=true&viewtype=grid-view-small&sz=48&to=19&start=1
[25/12/18 18:13:56][DEBUG]URL:https://www.berluti.com/ja-jp/anjuru-gariba-sukurittoreza-burifukesu/1_JOUR_GULLIVER_NEO-V2.html?dwvar_1__JOUR__GULLIVER__NEO-V2_color=G11&to=20#prefn1=product_online_sales&prefv1=true&viewtype=grid-view-small&sz=48&to=20&start=1
[25/12/18 18:13:56][DEBUG]URL:https://www.berluti.com/ja-jp/to-ujuru-gariba-guradianto-sukurittoreza-messenja/TOUJOURS_GULLIVER_NEO_GRADIANT-V2.html?dwvar_TOUJOURS__GULLIVER__NEO__GRADIANT-V2_color=R78&to=21#prefn1=product_online_sales&prefv1=true&viewtype=grid-view-small&sz=48&to=21&start=1
[25/12/18 18:13:56][DEBUG]URL:https://www.berluti.com/ja-jp/to-ujuru-gariba-sukurittoreza-messenja/TOUJOURS_GULLIVER_NEO-V2.html?dwvar_TOUJOURS__GULLIVER__NEO-V2_color=KD4&to=22#prefn1=product_online_sales&prefv1=true&viewtype=grid-view-small&sz=48&to=22&start=1
[25/12/18 18:13:56][DEBUG]URL:https://www.berluti.com/ja-jp/to-ujuru-gariba-sukurittoreza-messenja/TOUJOURS_GULLIVER_NEO-V2.html?dwvar_TOUJOURS__GULLIVER__NEO-V2_color=G27&to=23#prefn1=product_online_sales&prefv1=true&viewtype=grid-view-small&sz=48&to=23&start=1
[25/12/18 18:13:56][DEBUG]URL:https://www.berluti.com/ja-jp/to-ujuru-gariba-sukurittoreza-messenja/TOUJOURS_GULLIVER_NEO-V2.html?dwvar_TOUJOURS__GULLIVER__NEO-V2_color=M10&to=24#prefn1=product_online_sales&prefv1=true&viewtype=grid-view-small&sz=48&to=24&start=1
[25/12/18 18:13:56][DEBUG]URL:https://www.berluti.com/ja-jp/to-ujuru-gariba-sukurittoreza-messenja/TOUJOURS_GULLIVER_NEO-V2.html?dwvar_TOUJOURS__GULLIVER__NEO-V2_color=G11&to=25#prefn1=product_online_sales&prefv1=true&viewtype=grid-view-small&sz=48&to=25&start=1
[25/12/18 18:13:56][DEBUG]URL:https://www.berluti.com/ja-jp/to-ujuru-gariba-sukurittoreza-messenja/TOUJOURS_GULLIVER_NEO-V2.html?dwvar_TOUJOURS__GULLIVER__NEO-V2_color=MQ4&to=26#prefn1=product_online_sales&prefv1=true&viewtype=grid-view-small&sz=48&to=26&start=1
[25/12/18 18:13:56][DEBUG]URL:https://www.berluti.com/ja-jp/anjuru-nano-sukurittoreza-pochi/1_JOUR__NANO_NEO-JOUR-V2.html?dwvar_1__JOUR____NANO__NEO-JOUR-V2_color=ML6&to=27#prefn1=product_online_sales&prefv1=true&viewtype=grid-view-small&sz=48&to=27&start=1
[25/12/18 18:13:56][DEBUG]URL:https://www.berluti.com/ja-jp/myuzetto-towaru-marubufu-messenja/MUSETTE-T19.html?dwvar_MUSETTE-T19_color=MO5&to=28#prefn1=product_online_sales&prefv1=true&viewtype=grid-view-small&sz=48&to=28&start=1
[25/12/18 18:13:56][DEBUG]URL:https://www.berluti.com/ja-jp/jurunarie-towaru-marubufu-messenja/JOURNALIER-T19.html?dwvar_JOURNALIER-T19_color=MO5&to=29#prefn1=product_online_sales&prefv1=true&viewtype=grid-view-small&sz=48&to=29&start=1
[25/12/18 18:13:56][DEBUG]URL:https://www.berluti.com/ja-jp/ruti-25-reza-messenja/LUTI_25-V1.html?dwvar_LUTI__25-V1_color=MR5&to=30#prefn1=product_online_sales&prefv1=true&viewtype=grid-view-small&sz=48&to=30&start=1
[25/12/18 18:13:56][DEBUG]URL:https://www.berluti.com/ja-jp/purumiejuru-kabasukurittoreza-totobaggu/PREMIER_JOUR_CABAS-V2.html?dwvar_PREMIER__JOUR__CABAS-V2_color=KD4&to=31#prefn1=product_online_sales&prefv1=true&viewtype=grid-view-small&sz=48&to=31&start=1
[25/12/18 18:13:56][DEBUG]URL:https://www.berluti.com/ja-jp/purumiejuru-kabasukurittoreza-totobaggu/PREMIER_JOUR_CABAS-V2.html?dwvar_PREMIER__JOUR__CABAS-V2_color=MA1&to=32#prefn1=product_online_sales&prefv1=true&viewtype=grid-view-small&sz=48&to=32&start=1
[25/12/18 18:13:56][DEBUG]URL:https://www.berluti.com/ja-jp/purumiejuru-gariba-sukurittoreza-messenja/PREMIER_JOUR_GULLIVER-V2.html?dwvar_PREMIER__JOUR__GULLIVER-V2_color=G11&to=33#prefn1=product_online_sales&prefv1=true&viewtype=grid-view-small&sz=48&to=33&start=1
[25/12/18 18:13:56][DEBUG]URL:https://www.berluti.com/ja-jp/purumiejuru-gariba-sukurittoreza-messenja/PREMIER_JOUR_GULLIVER-V2.html?dwvar_PREMIER__JOUR__GULLIVER-V2_color=G02&to=34#prefn1=product_online_sales&prefv1=true&viewtype=grid-view-small&sz=48&to=34&start=1
[25/12/18 18:13:56][DEBUG]URL:https://www.berluti.com/ja-jp/purumiejuru-gariba-sukurittoreza-messenja/PREMIER_JOUR_GULLIVER-V2.html?dwvar_PREMIER__JOUR__GULLIVER-V2_color=Y23&to=35#prefn1=product_online_sales&prefv1=true&viewtype=grid-view-small&sz=48&to=35&start=1
[25/12/18 18:13:56][DEBUG]URL:https://www.berluti.com/ja-jp/raida-sukurittoreza-berutobaggu/RIDER-V82.html?dwvar_RIDER-V82_color=K02&to=36#prefn1=product_online_sales&prefv1=true&viewtype=grid-view-small&sz=48&to=36&start=1
[25/12/18 18:13:56][DEBUG]URL:https://www.berluti.com/ja-jp/jurunarie-sukurittoreza-messenja/JOURNALIER-V82.html?dwvar_JOURNALIER-V82_color=MM5&to=37#prefn1=product_online_sales&prefv1=true&viewtype=grid-view-small&sz=48&to=37&start=1
[25/12/18 18:13:56][DEBUG]URL:https://www.berluti.com/ja-jp/terushio-reza-oruinwan/TERSIO_NEO-JOUR-V2.html?dwvar_TERSIO__NEO-JOUR-V2_color=K02&to=1#prefn1=product_online_sales&prefv1=true&viewtype=grid-view-small&sz=36&to=1&start=1
[25/12/18 18:13:56][DEBUG]URL:https://www.berluti.com/ja-jp/terushio-reza-oruinwan/TERSIO_NEO-JOUR-V2.html?dwvar_TERSIO__NEO-JOUR-V2_color=G11&to=2#prefn1=product_online_sales&prefv1=true&viewtype=grid-view-small&sz=36&to=2&start=1
[25/12/18 18:13:56][DEBUG]URL:https://www.berluti.com/ja-jp/terushio-reza-oruinwan/TERSIO_NEO-JOUR-V2.html?dwvar_TERSIO__NEO-JOUR-V2_color=MR5&to=3#prefn1=product_online_sales&prefv1=true&viewtype=grid-view-small&sz=36&to=3&start=1
[25/12/18 18:13:56][DEBUG]URL:https://www.berluti.com/ja-jp/terushio-sukurittoreza-pochi/TERSIO_NEO-JOUR_SOFTY-V82.html?dwvar_TERSIO__NEO-JOUR__SOFTY-V82_color=B02&to=4#prefn1=product_online_sales&prefv1=true&viewtype=grid-view-small&sz=36&to=4&start=1
[25/12/18 18:13:56][DEBUG]URL:https://www.berluti.com/ja-jp/rozuuddo-sukurittoreza-pochi/ROSEWOOD_NEO-JOUR-V2.html?dwvar_ROSEWOOD__NEO-JOUR-V2_color=ML6&to=5#prefn1=product_online_sales&prefv1=true&viewtype=grid-view-small&sz=36&to=5&start=1
[25/12/18 18:13:56][DEBUG]URL:https://www.berluti.com/ja-jp/rozuuddo-sukurittoreza-pochi/ROSEWOOD_NEO-JOUR-V2.html?dwvar_ROSEWOOD__NEO-JOUR-V2_color=BJ3&to=6#prefn1=product_online_sales&prefv1=true&viewtype=grid-view-small&sz=36&to=6&start=1
[25/12/18 18:13:56][DEBUG]URL:https://www.berluti.com/ja-jp/moningu-sukurittoreza-toiretaripochi/MORNING-JOUR_TANGRAM-V87.html?dwvar_MORNING-JOUR__TANGRAM-V87_color=G89&to=7#prefn1=product_online_sales&prefv1=true&viewtype=grid-view-small&sz=36&to=7&start=1
[25/12/18 18:13:56][DEBUG]URL:https://www.berluti.com/ja-jp/terushio-sukurittoreza-pochi/TERSIO_NEO_BE_RR-BE_RAPIECE_REPRISE-V2.html?dwvar_TERSIO__NEO__BE__RR-BE__RAPIECE__REPRISE-V2_color=K08&to=8#prefn1=product_online_sales&prefv1=true&viewtype=grid-view-small&sz=36&to=8&start=1
[25/12/18 18:13:56][DEBUG]URL:https://www.berluti.com/ja-jp/terushio-reza-arigetareza-pochi/TERSIO_NEO_BE_RR-BE_RAPIECE_REPRISE-VC.html?dwvar_TERSIO__NEO__BE__RR-BE__RAPIECE__REPRISE-VC_color=MH2&to=9#prefn1=product_online_sales&prefv1=true&viewtype=grid-view-small&sz=36&to=9&start=1
[25/12/18 18:13:56][DEBUG]URL:https://www.berluti.com/ja-jp/nino-gm-sukurittoreza-kuratchi/NINO_GM_NEO_BE_RR-V2.html?dwvar_NINO__GM__NEO__BE__RR-V2_color=R79&to=10#prefn1=product_online_sales&prefv1=true&viewtype=grid-view-small&sz=36&to=10&start=1
[25/12/18 18:13:56][DEBUG]URL:https://www.berluti.com/ja-jp/aibi-sukurittosuwaipu-reza-toiretaripochi/IVY-JOUR-V2.html?dwvar_IVY-JOUR-V2_color=G27&to=11#prefn1=product_online_sales&prefv1=true&viewtype=grid-view-small&sz=36&to=11&start=1
[25/12/18 18:13:56][DEBUG]URL:https://www.berluti.com/ja-jp/nino-tgm-sukurittoreza-kuratchi/NINO_TGM_NEO-V2.html?dwvar_NINO__TGM__NEO-V2_color=ML6&to=12#prefn1=product_online_sales&prefv1=true&viewtype=grid-view-small&sz=36&to=12&start=1
[25/12/18 18:13:56][DEBUG]URL:https://www.berluti.com/ja-jp/nino-tgm-sukurittoreza-kuratchi/NINO_TGM_NEO-V2.html?dwvar_NINO__TGM__NEO-V2_color=K02&to=13#prefn1=product_online_sales&prefv1=true&viewtype=grid-view-small&sz=36&to=13&start=1
[25/12/18 18:13:56][DEBUG]URL:https://www.berluti.com/ja-jp/nino-gm-sukurittosuwaipureza-kuratchi/NINO_GM_NEO_GRADIANT-V2.html?dwvar_NINO__GM__NEO__GRADIANT-V2_color=R78&to=14#prefn1=product_online_sales&prefv1=true&viewtype=grid-view-small&sz=36&to=14&start=1
[25/12/18 18:13:56][DEBUG]URL:https://www.berluti.com/ja-jp/nino-gm-sukurittoreza-kuratchi/NINO_GM_NEO-V2.html?dwvar_NINO__GM__NEO-V2_color=K02&to=15#prefn1=product_online_sales&prefv1=true&viewtype=grid-view-small&sz=36&to=15&start=1
[25/12/18 18:13:56][DEBUG]URL:https://www.berluti.com/ja-jp/nino-gm-sukurittoreza-kuratchi/NINO_GM_NEO-V2.html?dwvar_NINO__GM__NEO-V2_color=ML6&to=16#prefn1=product_online_sales&prefv1=true&viewtype=grid-view-small&sz=36&to=16&start=1
[25/12/18 18:13:56][DEBUG]URL:https://www.berluti.com/ja-jp/nino-gm-sukurittoreza-kuratchi/NINO_GM_NEO-V2.html?dwvar_NINO__GM__NEO-V2_color=KE4&to=17#prefn1=product_online_sales&prefv1=true&viewtype=grid-view-small&sz=36&to=17&start=1
[25/12/18 18:13:56][DEBUG]URL:https://www.berluti.com/ja-jp/nino-gm-sukurittoreza-kuratchi/NINO_GM_NEO-V2.html?dwvar_NINO__GM__NEO-V2_color=J10&to=18#prefn1=product_online_sales&prefv1=true&viewtype=grid-view-small&sz=36&to=18&start=1
[25/12/18 18:13:56][DEBUG]URL:https://www.berluti.com/ja-jp/nino-gm-sukurittoreza-kuratchi/NINO_GM_NEO-V2.html?dwvar_NINO__GM__NEO-V2_color=KE5&to=19#prefn1=product_online_sales&prefv1=true&viewtype=grid-view-small&sz=36&to=19&start=1
[25/12/18 18:13:56][DEBUG]URL:https://www.berluti.com/ja-jp/nino-gm-sukurittoreza-kuratchi/NINO_GM_NEO-V2.html?dwvar_NINO__GM__NEO-V2_color=J12&to=20#prefn1=product_online_sales&prefv1=true&viewtype=grid-view-small&sz=36&to=20&start=1
[25/12/18 18:13:56][DEBUG]URL:https://www.berluti.com/ja-jp/nino-gm-sukurittoreza-kuratchi/NINO_GM_NEO-V2.html?dwvar_NINO__GM__NEO-V2_color=G02&to=21#prefn1=product_online_sales&prefv1=true&viewtype=grid-view-small&sz=36&to=21&start=1
[25/12/18 18:13:56][DEBUG]URL:https://www.berluti.com/ja-jp/nino-gm-sukurittoreza-kuratchi/NINO_GM_NEO-V2.html?dwvar_NINO__GM__NEO-V2_color=KM7&to=22#prefn1=product_online_sales&prefv1=true&viewtype=grid-view-small&sz=36&to=22&start=1
[25/12/18 18:13:56][DEBUG]URL:https://www.berluti.com/ja-jp/to-ujuru-nano-sukurittoreza-pochi/TOUJOURS_NANO-JOUR-V2.html?dwvar_TOUJOURS__NANO-JOUR-V2_color=M10&to=23#prefn1=product_online_sales&prefv1=true&viewtype=grid-view-small&sz=36&to=23&start=1
[25/12/18 18:13:56][DEBUG]URL:https://www.berluti.com/ja-jp/anjuru-nano-sukurittoreza-pochi/1_JOUR__NANO_NEO-JOUR-V2.html?dwvar_1__JOUR____NANO__NEO-JOUR-V2_color=ML6&to=24#prefn1=product_online_sales&prefv1=true&viewtype=grid-view-small&sz=36&to=24&start=1
[25/12/18 18:13:56][DEBUG]URL:https://www.berluti.com/ja-jp/anjuru-gariba-sukurittoreza-burifukesu/1_JOUR_GULLIVER_NEO-V2.html?dwvar_1__JOUR__GULLIVER__NEO-V2_color=ML6&to=25#prefn1=product_online_sales&prefv1=true&viewtype=grid-view-small&sz=36&to=25&start=1
[25/12/18 18:13:56][DEBUG]URL:https://www.berluti.com/ja-jp/anjuru-gariba-sukurittoreza-burifukesu/1_JOUR_GULLIVER_NEO-V2.html?dwvar_1__JOUR__GULLIVER__NEO-V2_color=KD4&to=26#prefn1=product_online_sales&prefv1=true&viewtype=grid-view-small&sz=36&to=26&start=1
[25/12/18 18:13:56][DEBUG]URL:https://www.berluti.com/ja-jp/anjuru-gariba-sukurittoreza-burifukesu/1_JOUR_GULLIVER_NEO-V2.html?dwvar_1__JOUR__GULLIVER__NEO-V2_color=G11&to=27#prefn1=product_online_sales&prefv1=true&viewtype=grid-view-small&sz=36&to=27&start=1
[25/12/18 18:13:56][DEBUG]URL:https://www.berluti.com/ja-jp/tersio-arigetarezaoruinwan-berurutti/TERSIO-ALLIGATOR-E2.html?dwvar_TERSIO-ALLIGATOR-E2_color=M04&to=28#prefn1=product_online_sales&prefv1=true&viewtype=grid-view-small&sz=36&to=28&start=1
[25/12/18 18:13:56][DEBUG]URL:https://www.berluti.com/ja-jp/ete-yui-do-u-vu-oyaju-towaru-marubufu-toraberupochi/ETUI_DE_VOYAGE-TOILE_MARBEUF-T19.html?dwvar_ETUI__DE__VOYAGE-TOILE__MARBEUF-T19_color=MO5&to=29#prefn1=product_online_sales&prefv1=true&viewtype=grid-view-small&sz=36&to=29&start=1
[25/12/18 18:13:56][DEBUG]URL:https://www.berluti.com/ja-jp/itauba-waido-guradianto-sukurittoreza-jippupochi/ITAUBA_WIDE_GRADIANT-JOUR_GRADIANT-VX.html?dwvar_ITAUBA__WIDE__GRADIANT-JOUR__GRADIANT-VX_color=K66&to=30#prefn1=product_online_sales&prefv1=true&viewtype=grid-view-small&sz=36&to=30&start=1
[25/12/18 18:13:56][DEBUG]URL:https://www.berluti.com/ja-jp/fomyura-1003-sukurittopochi/FORMULA_1003_NEO-JOUR-V2.html?dwvar_FORMULA__1003__NEO-JOUR-V2_color=ML6&to=31#prefn1=product_online_sales&prefv1=true&viewtype=grid-view-small&sz=36&to=31&start=1
[25/12/18 18:13:56][DEBUG]URL:https://www.berluti.com/ja-jp/to-ujuru-xs-sukurittoreza-totobaggu/TOUJOURS_XS-V2.html?dwvar_TOUJOURS__XS-V2_color=K02&to=1#prefn1=product_online_sales&prefv1=true&viewtype=grid-view-small&sz=36&to=1&start=1
[25/12/18 18:13:56][DEBUG]URL:https://www.berluti.com/ja-jp/to-ujuru-xs-sukurittoreza-totobaggu/TOUJOURS_XS-V2.html?dwvar_TOUJOURS__XS-V2_color=Y23&to=2#prefn1=product_online_sales&prefv1=true&viewtype=grid-view-small&sz=36&to=2&start=1
[25/12/18 18:13:56][DEBUG]URL:https://www.berluti.com/ja-jp/to-ujuru-xs-sukurittoreza-totobaggu/TOUJOURS_XS-V2.html?dwvar_TOUJOURS__XS-V2_color=KM7&to=3#prefn1=product_online_sales&prefv1=true&viewtype=grid-view-small&sz=36&to=3&start=1
[25/12/18 18:13:56][DEBUG]URL:https://www.berluti.com/ja-jp/obasaizu-toto-suponji-sukuritto-toto/OVERSIZE_TOTE-ZB.html?dwvar_OVERSIZE__TOTE-ZB_color=BJ5&to=4#prefn1=product_online_sales&prefv1=true&viewtype=grid-view-small&sz=36&to=4&start=1
[25/12/18 18:13:56][DEBUG]URL:https://www.berluti.com/ja-jp/purumiejuru-kabasukurittoreza-totobaggu/PREMIER_JOUR_CABAS-V2.html?dwvar_PREMIER__JOUR__CABAS-V2_color=KD4&to=5#prefn1=product_online_sales&prefv1=true&viewtype=grid-view-small&sz=36&to=5&start=1
[25/12/18 18:13:56][DEBUG]URL:https://www.berluti.com/ja-jp/purumiejuru-kabasukurittoreza-totobaggu/PREMIER_JOUR_CABAS-V2.html?dwvar_PREMIER__JOUR__CABAS-V2_color=MA1&to=6#prefn1=product_online_sales&prefv1=true&viewtype=grid-view-small&sz=36&to=6&start=1
[25/12/18 18:13:56][DEBUG]URL:https://www.berluti.com/ja-jp/to-ujuru-xs-poketto-sukurittoreza-totobaggu/TOUJOURS_XS_POCKET-V2.html?dwvar_TOUJOURS__XS__POCKET-V2_color=MR5&to=7#prefn1=product_online_sales&prefv1=true&viewtype=grid-view-small&sz=36&to=7&start=1
[25/12/18 18:13:56][DEBUG]URL:https://www.berluti.com/ja-jp/rutti-38-rezabaggu/LUTI_38-V1.html?dwvar_LUTI__38-V1_color=ML6&to=8#prefn1=product_online_sales&prefv1=true&viewtype=grid-view-small&sz=36&to=8&start=1
[25/12/18 18:13:56][DEBUG]URL:https://www.berluti.com/ja-jp/rutti-38-rezabaggu/LUTI_38-V1.html?dwvar_LUTI__38-V1_color=K02&to=9#prefn1=product_online_sales&prefv1=true&viewtype=grid-view-small&sz=36&to=9&start=1
[25/12/18 18:13:56][DEBUG]URL:https://www.berluti.com/ja-jp/to-ujuru-sukurittoreza-totobaggu/TOUJOURS_NEO-V2.html?dwvar_TOUJOURS__NEO-V2_color=K02&to=10#prefn1=product_online_sales&prefv1=true&viewtype=grid-view-small&sz=36&to=10&start=1
[25/12/18 18:13:56][DEBUG]URL:https://www.berluti.com/ja-jp/to-ujuru-sukurittoreza-totobaggu/TOUJOURS_NEO-V2.html?dwvar_TOUJOURS__NEO-V2_color=KE4&to=11#prefn1=product_online_sales&prefv1=true&viewtype=grid-view-small&sz=36&to=11&start=1
[25/12/18 18:13:56][DEBUG]URL:https://www.berluti.com/ja-jp/to-ujuru-sukurittoreza-totobaggu/TOUJOURS_NEO-V2.html?dwvar_TOUJOURS__NEO-V2_color=KE5&to=12#prefn1=product_online_sales&prefv1=true&viewtype=grid-view-small&sz=36&to=12&start=1
[25/12/18 18:13:56][DEBUG]URL:https://www.berluti.com/ja-jp/to-ujuru-sukurittoreza-totobaggu/TOUJOURS_NEO-V2.html?dwvar_TOUJOURS__NEO-V2_color=KM7&to=13#prefn1=product_online_sales&prefv1=true&viewtype=grid-view-small&sz=36&to=13&start=1
[25/12/18 18:13:56][DEBUG]URL:https://www.berluti.com/ja-jp/to-ujuru-mini-neo-sukurittoreza-totobaggu/TOUJOURS_MINI_NEO-V2.html?dwvar_TOUJOURS__MINI__NEO-V2_color=KD4&to=14#prefn1=product_online_sales&prefv1=true&viewtype=grid-view-small&sz=36&to=14&start=1
[25/12/18 18:13:56][DEBUG]URL:https://www.berluti.com/ja-jp/to-ujuru-mini-sukurittoreza-totobaggu/TOUJOURS_MINI_NEO_GRADIANT-V2.html?dwvar_TOUJOURS__MINI__NEO__GRADIANT-V2_color=B07&to=15#prefn1=product_online_sales&prefv1=true&viewtype=grid-view-small&sz=36&to=15&start=1
[25/12/18 18:13:56][DEBUG]URL:https://www.berluti.com/ja-jp/to-ujuru-xs-towaru-marubufu-totobaggu/TOUJOURS_XS-T19.html?dwvar_TOUJOURS__XS-T19_color=MO5&to=16#prefn1=product_online_sales&prefv1=true&viewtype=grid-view-small&sz=36&to=16&start=1
[25/12/18 18:13:56][DEBUG]URL:https://www.berluti.com/ja-jp/to-ujuru-gariba-sukurittoreza-messenja/TOUJOURS_GULLIVER_NEO-V2.html?dwvar_TOUJOURS__GULLIVER__NEO-V2_color=KD4&to=17#prefn1=product_online_sales&prefv1=true&viewtype=grid-view-small&sz=36&to=17&start=1
[25/12/18 18:13:56][DEBUG]URL:https://www.berluti.com/ja-jp/to-ujuru-gariba-sukurittoreza-messenja/TOUJOURS_GULLIVER_NEO-V2.html?dwvar_TOUJOURS__GULLIVER__NEO-V2_color=G27&to=18#prefn1=product_online_sales&prefv1=true&viewtype=grid-view-small&sz=36&to=18&start=1
[25/12/18 18:13:56][DEBUG]URL:https://www.berluti.com/ja-jp/to-ujuru-gariba-sukurittoreza-messenja/TOUJOURS_GULLIVER_NEO-V2.html?dwvar_TOUJOURS__GULLIVER__NEO-V2_color=M10&to=19#prefn1=product_online_sales&prefv1=true&viewtype=grid-view-small&sz=36&to=19&start=1
[25/12/18 18:13:56][DEBUG]URL:https://www.berluti.com/ja-jp/to-ujuru-gariba-sukurittoreza-messenja/TOUJOURS_GULLIVER_NEO-V2.html?dwvar_TOUJOURS__GULLIVER__NEO-V2_color=G11&to=20#prefn1=product_online_sales&prefv1=true&viewtype=grid-view-small&sz=36&to=20&start=1
[25/12/18 18:13:56][DEBUG]URL:https://www.berluti.com/ja-jp/to-ujuru-gariba-sukurittoreza-messenja/TOUJOURS_GULLIVER_NEO-V2.html?dwvar_TOUJOURS__GULLIVER__NEO-V2_color=MQ4&to=21#prefn1=product_online_sales&prefv1=true&viewtype=grid-view-small&sz=36&to=21&start=1
[25/12/18 18:13:56][DEBUG]URL:https://www.berluti.com/ja-jp/reitoawa-sukurittoreza-shoppa/LATE_HOUR_SHOPPER_NEO-V82.html?dwvar_LATE__HOUR__SHOPPER__NEO-V82_color=K02&to=22#prefn1=product_online_sales&prefv1=true&viewtype=grid-view-small&sz=36&to=22&start=1
[25/12/18 18:13:56][DEBUG]URL:https://www.berluti.com/ja-jp/bvu-oryuto-kurowaze-reza-toraberubaggu/CROISEE-CE.html?dwvar_CROISEE-CE_color=MJ1&to=23#prefn1=product_online_sales&prefv1=true&viewtype=grid-view-small&sz=36&to=23&start=1
[25/12/18 18:13:56][DEBUG]URL:https://www.berluti.com/ja-jp/kaba-do-u-vu-oyaju-towaru-marubufu-totobaggu/CABAS_DE_VOYAGE-T19.html?dwvar_CABAS__DE__VOYAGE-T19_color=MO5&to=24#prefn1=product_online_sales&prefv1=true&viewtype=grid-view-small&sz=36&to=24&start=1
[25/12/18 18:13:56][DEBUG]URL:https://www.berluti.com/ja-jp/to-ujuru-sukurittoreza-totobaggu-xs/TOUJOURS_XS-VX3.html?dwvar_TOUJOURS__XS-VX3_color=G94&to=25#prefn1=product_online_sales&prefv1=true&viewtype=grid-view-small&sz=36&to=25&start=1
[25/12/18 18:13:56][DEBUG]URL:None
[25/12/18 18:13:58][DEBUG]scraper constructed 1
[25/12/18 18:13:58][DEBUG]scrape BERLUTI start
[25/12/18 18:14:05][DEBUG]open done OK
[25/12/18 18:14:05][DEBUG]https://www.berluti.com/ja-jp/makore-sukurittoreza-konpakutou-oretto/MAKORE_NEO-JOUR_TANGRAM-V87.html?dwvar_MAKORE__NEO-JOUR__TANGRAM-V87_color=G89&to=1#prefn1=product_online_sales&prefv1=true&viewtype=grid-view-small&sz=144&to=1&start=1 139700
[25/12/18 18:14:35][DEBUG]scrape BERLUTI start
[25/12/18 18:14:38][DEBUG]open done OK
[25/12/18 18:14:40][DEBUG]https://www.berluti.com/ja-jp/makore-reza-konpakutou-oretto/MAKORE_NEO_LUTI-JOUR-V1.html?dwvar_MAKORE__NEO__LUTI-JOUR-V1_color=KD1&to=2#prefn1=product_online_sales&prefv1=true&viewtype=grid-view-small&sz=144&to=2&start=1 202400
[25/12/18 18:14:42][DEBUG]scrape BERLUTI start
[25/12/18 18:14:44][DEBUG]open done OK
[25/12/18 18:14:46][DEBUG]https://www.berluti.com/ja-jp/badi-reza-ronguu-oretto/BADI_LUTI-JOUR-V1.html?dwvar_BADI__LUTI-JOUR-V1_color=KD1&to=3#prefn1=product_online_sales&prefv1=true&viewtype=grid-view-small&sz=144&to=3&start=1 276100
[25/12/18 18:14:48][DEBUG]scrape BERLUTI start
[25/12/18 18:14:50][DEBUG]open done OK
[25/12/18 18:14:54][DEBUG]https://www.berluti.com/ja-jp/jagua-reza-kadohoruda/JAGUA_NEO_LUTI-JOUR-V1.html?dwvar_JAGUA__NEO__LUTI-JOUR-V1_color=KD1&to=4#prefn1=product_online_sales&prefv1=true&viewtype=grid-view-small&sz=144&to=4&start=1 NOTFOUND
[25/12/18 18:14:57][DEBUG]scrape BERLUTI start
[25/12/18 18:14:58][DEBUG]open done OK
[25/12/18 18:15:02][DEBUG]https://www.berluti.com/ja-jp/itauba-sukurittoreza-rongu-jippuu-oretto/ITAUBA_NEO_BE_RR-BE_RAPIECE_REPRISE-V2.html?dwvar_ITAUBA__NEO__BE__RR-BE__RAPIECE__REPRISE-V2_color=G77&to=5#prefn1=product_online_sales&prefv1=true&viewtype=grid-view-small&sz=144&to=5&start=1 NOTFOUND
[25/12/18 18:15:04][DEBUG]scrape BERLUTI start
[25/12/18 18:15:06][DEBUG]open done OK
[25/12/18 18:15:10][DEBUG]https://www.berluti.com/ja-jp/itauba-neo-sukuritto-reza-rongu-jippu-fuki-u-oretto/ITAUBA_NEO-JOUR-V2.html?dwvar_ITAUBA__NEO-JOUR-V2_color=K02&to=6#prefn1=product_online_sales&prefv1=true&viewtype=grid-view-small&sz=144&to=6&start=1 NOTFOUND
[25/12/18 18:15:12][DEBUG]scrape BERLUTI start
[25/12/18 18:15:13][DEBUG]open done OK
[25/12/18 18:15:17][DEBUG]https://www.berluti.com/ja-jp/itauba-neo-sukuritto-reza-rongu-jippu-fuki-u-oretto/ITAUBA_NEO-JOUR-V2.html?dwvar_ITAUBA__NEO-JOUR-V2_color=ML6&to=7#prefn1=product_online_sales&prefv1=true&viewtype=grid-view-small&sz=144&to=7&start=1 NOTFOUND
[25/12/18 18:15:20][DEBUG]scrape BERLUTI start
[25/12/18 18:15:21][DEBUG]open done OK
[25/12/18 18:15:25][DEBUG]https://www.berluti.com/ja-jp/itauba-neo-sukuritto-reza-rongu-jippu-fuki-u-oretto/ITAUBA_NEO-JOUR-V2.html?dwvar_ITAUBA__NEO-JOUR-V2_color=R77&to=8#prefn1=product_online_sales&prefv1=true&viewtype=grid-view-small&sz=144&to=8&start=1 NOTFOUND
[25/12/18 18:15:27][DEBUG]scrape BERLUTI start
[25/12/18 18:15:30][DEBUG]open done OK
[25/12/18 18:15:34][DEBUG]https://www.berluti.com/ja-jp/itauba-sukurittosuwaipureza-rongujippuu-oretto/ITAUBA_NEO_GRADIANT-JOUR-V2.html?dwvar_ITAUBA__NEO__GRADIANT-JOUR-V2_color=RA1&to=9#prefn1=product_online_sales&prefv1=true&viewtype=grid-view-small&sz=144&to=9&start=1 NOTFOUND
[25/12/18 18:15:36][DEBUG]scrape BERLUTI start
[25/12/18 18:15:38][DEBUG]open done OK
[25/12/18 18:15:42][DEBUG]https://www.berluti.com/ja-jp/itauba-towaru-marubufu-rongu-jippuu-oretto/ITAUBA_NEO-TOILE_MARBEUF-T19.html?dwvar_ITAUBA__NEO-TOILE__MARBEUF-T19_color=MO5&to=10#prefn1=product_online_sales&prefv1=true&viewtype=grid-view-small&sz=144&to=10&start=1 NOTFOUND
[25/12/18 18:15:44][DEBUG]scrape BERLUTI start
[25/12/18 18:15:46][DEBUG]open done OK
[25/12/18 18:15:48][DEBUG]https://www.berluti.com/ja-jp/itauba-arigeta-rezajippu-zhang-cai-bu-berurutti/ITAUBA-ALLIGATOR-E2.html?dwvar_ITAUBA-ALLIGATOR-E2_color=B01&to=11#prefn1=product_online_sales&prefv1=true&viewtype=grid-view-small&sz=144&to=11&start=1 885500
[25/12/18 18:15:50][DEBUG]scrape BERLUTI start
[25/12/18 18:15:52][DEBUG]open done OK
[25/12/18 18:15:54][DEBUG]https://www.berluti.com/ja-jp/itauba-arigeta-rezajippu-zhang-cai-bu-berurutti/ITAUBA-ALLIGATOR-E2.html?dwvar_ITAUBA-ALLIGATOR-E2_color=M04&to=12#prefn1=product_online_sales&prefv1=true&viewtype=grid-view-small&sz=144&to=12&start=1 885500
[25/12/18 18:15:56][DEBUG]scrape BERLUTI start
[25/12/18 18:15:58][DEBUG]open done OK
[25/12/18 18:16:02][DEBUG]https://www.berluti.com/ja-jp/badi-towaru-marubufu-ronguu-oretto/BADI-TOILE_MARBEUF-T19.html?dwvar_BADI-TOILE__MARBEUF-T19_color=MO5&to=13#prefn1=product_online_sales&prefv1=true&viewtype=grid-view-small&sz=144&to=13&start=1 NOTFOUND
[25/12/18 18:16:04][DEBUG]scrape BERLUTI start
[25/12/18 18:16:04][DEBUG]open done ERR_NAME_NOT_RESOLVED
[25/12/18 18:16:04][DEBUG]scrape BERLUTI start
[25/12/18 18:16:07][DEBUG]open done OK
[25/12/18 18:16:09][DEBUG]https://www.berluti.com/ja-jp/santaru-sukurittoreza-jippuronguu-oretto/SANTAL_NEO-JOUR-V2.html?dwvar_SANTAL__NEO-JOUR-V2_color=ML6&to=15#prefn1=product_online_sales&prefv1=true&viewtype=grid-view-small&sz=144&to=15&start=1 174900
[25/12/18 18:16:11][DEBUG]scrape BERLUTI start
[25/12/18 18:16:12][DEBUG]open done OK
[25/12/18 18:16:14][DEBUG]https://www.berluti.com/ja-jp/santaru-sukurittoreza-jippuronguu-oretto/SANTAL_NEO-JOUR-V2.html?dwvar_SANTAL__NEO-JOUR-V2_color=K02&to=16#prefn1=product_online_sales&prefv1=true&viewtype=grid-view-small&sz=144&to=16&start=1 174900
[25/12/18 18:16:17][DEBUG]scrape BERLUTI start
[25/12/18 18:16:19][DEBUG]open done OK
[25/12/18 18:16:23][DEBUG]https://www.berluti.com/ja-jp/itauba-waido-sukurittoreza/ITAUBA_WIDE_NEO-JOUR-V2.html?dwvar_ITAUBA__WIDE__NEO-JOUR-V2_color=R77&to=17#prefn1=product_online_sales&prefv1=true&viewtype=grid-view-small&sz=144&to=17&start=1 NOTFOUND
[25/12/18 18:16:25][DEBUG]scrape BERLUTI start
[25/12/18 18:16:29][DEBUG]open done OK
[25/12/18 18:16:33][DEBUG]https://www.berluti.com/ja-jp/itauba-waido-sukurittoreza/ITAUBA_WIDE_NEO-JOUR-V2.html?dwvar_ITAUBA__WIDE__NEO-JOUR-V2_color=ML6&to=18#prefn1=product_online_sales&prefv1=true&viewtype=grid-view-small&sz=144&to=18&start=1 NOTFOUND
[25/12/18 18:16:35][DEBUG]scrape BERLUTI start
[25/12/18 18:16:37][DEBUG]open done OK
[25/12/18 18:16:41][DEBUG]https://www.berluti.com/ja-jp/itauba-waido-guradianto-sukurittoreza-rongu-jippuu-oretto/ITAUBA_WIDE_NEO_GRADIANT-JOUR-V2.html?dwvar_ITAUBA__WIDE__NEO__GRADIANT-JOUR-V2_color=B07&to=19#prefn1=product_online_sales&prefv1=true&viewtype=grid-view-small&sz=144&to=19&start=1 NOTFOUND
[25/12/18 18:16:43][DEBUG]scrape BERLUTI start
[25/12/18 18:16:45][DEBUG]open done OK
[25/12/18 18:16:49][DEBUG]https://www.berluti.com/ja-jp/itauba-waido-guradianto-sukurittoreza-rongu-jippuu-oretto/ITAUBA_WIDE_NEO_GRADIANT-JOUR-V2.html?dwvar_ITAUBA__WIDE__NEO__GRADIANT-JOUR-V2_color=KH6&to=20#prefn1=product_online_sales&prefv1=true&viewtype=grid-view-small&sz=144&to=20&start=1 NOTFOUND
[25/12/18 18:16:52][DEBUG]scrape BERLUTI start
[25/12/18 18:16:53][DEBUG]open done OK
[25/12/18 18:16:55][DEBUG]https://www.berluti.com/ja-jp/esupasu-sukurittoreza-ronguu-oretto/ESPACE_NEO-JOUR-V2.html?dwvar_ESPACE__NEO-JOUR-V2_color=ML6&to=21#prefn1=product_online_sales&prefv1=true&viewtype=grid-view-small&sz=144&to=21&start=1 174900
[25/12/18 18:16:58][DEBUG]scrape BERLUTI start
[25/12/18 18:17:00][DEBUG]open done OK
[25/12/18 18:17:02][DEBUG]https://www.berluti.com/ja-jp/esupasu-sukurittoreza-ronguu-oretto/ESPACE_NEO-JOUR-V2.html?dwvar_ESPACE__NEO-JOUR-V2_color=K02&to=22#prefn1=product_online_sales&prefv1=true&viewtype=grid-view-small&sz=144&to=22&start=1 174900
[25/12/18 18:17:04][DEBUG]scrape BERLUTI start
[25/12/18 18:17:06][DEBUG]open done OK
[25/12/18 18:17:08][DEBUG]https://www.berluti.com/ja-jp/esupasu-guradianto-sukurittoreza-ronguu-oretto/ESPACE_NEO_GRADIANT-JOUR-V2.html?dwvar_ESPACE__NEO__GRADIANT-JOUR-V2_color=B07&to=23#prefn1=product_online_sales&prefv1=true&viewtype=grid-view-small&sz=144&to=23&start=1 191400
[25/12/18 18:17:10][DEBUG]scrape BERLUTI start
[25/12/18 18:17:12][DEBUG]open done OK
[25/12/18 18:17:16][DEBUG]https://www.berluti.com/ja-jp/makore-sukurittoreza-konpakutou-oretto/MAKORE_NEO_BE_RR-BE_RAPIECE_REPRISE-V2.html?dwvar_MAKORE__NEO__BE__RR-BE__RAPIECE__REPRISE-V2_color=R79&to=24#prefn1=product_online_sales&prefv1=true&viewtype=grid-view-small&sz=144&to=24&start=1 NOTFOUND
[25/12/18 18:17:18][DEBUG]scrape BERLUTI start
[25/12/18 18:17:20][DEBUG]open done OK
[25/12/18 18:17:24][DEBUG]https://www.berluti.com/ja-jp/inbuia-sukurittoreza-kadohoruda/IMBUIA_NEO_BE_RR-BE_RAPIECE_REPRISE-V2.html?dwvar_IMBUIA__NEO__BE__RR-BE__RAPIECE__REPRISE-V2_color=MH2&to=25#prefn1=product_online_sales&prefv1=true&viewtype=grid-view-small&sz=144&to=25&start=1 NOTFOUND
[25/12/18 18:17:26][DEBUG]scrape BERLUTI start
[25/12/18 18:17:28][DEBUG]open done OK
[25/12/18 18:17:32][DEBUG]https://www.berluti.com/ja-jp/makore-reza-arigetareza-konpakutou-oretto/MAKORE_NEO_BE_RR-BE_RAPIECE_REPRISE-VC.html?dwvar_MAKORE__NEO__BE__RR-BE__RAPIECE__REPRISE-VC_color=MH2&to=26#prefn1=product_online_sales&prefv1=true&viewtype=grid-view-small&sz=144&to=26&start=1 NOTFOUND
[25/12/18 18:17:34][DEBUG]scrape BERLUTI start
[25/12/18 18:17:36][DEBUG]open done OK
[25/12/18 18:17:38][DEBUG]https://www.berluti.com/ja-jp/tari-sukurittoreza-rongujippuu-oretto/TALI_NEO-JOUR_TANGRAM-V87.html?dwvar_TALI__NEO-JOUR__TANGRAM-V87_color=G89&to=27#prefn1=product_online_sales&prefv1=true&viewtype=grid-view-small&sz=144&to=27&start=1 361900
[25/12/18 18:17:44][DEBUG]scrape BERLUTI start
[25/12/18 18:17:46][DEBUG]open done OK
[25/12/18 18:17:48][DEBUG]https://www.berluti.com/ja-jp/inbuia-sukurittoreza-kadohoruda/IMBUIA_NEO-JOUR_TANGRAM-V88.html?dwvar_IMBUIA__NEO-JOUR__TANGRAM-V88_color=MQ8&to=28#prefn1=product_online_sales&prefv1=true&viewtype=grid-view-small&sz=144&to=28&start=1 104500
[25/12/18 18:17:50][DEBUG]scrape BERLUTI start
[25/12/18 18:17:53][DEBUG]open done OK
[25/12/18 18:17:55][DEBUG]https://www.berluti.com/ja-jp/banbu-sukurittoreza-kadohoruda/BAMBOU_NEO-JOUR_TANGRAM-V88.html?dwvar_BAMBOU__NEO-JOUR__TANGRAM-V88_color=MQ8&to=29#prefn1=product_online_sales&prefv1=true&viewtype=grid-view-small&sz=144&to=29&start=1 69300
[25/12/18 18:17:58][DEBUG]scrape BERLUTI start
[25/12/18 18:18:03][DEBUG]open done OK
[25/12/18 18:18:07][DEBUG]https://www.berluti.com/ja-jp/jagua-sukurittoreza-kadohoruda/JAGUA_NEO-JOUR_TANGRAM-V88.html?dwvar_JAGUA__NEO-JOUR__TANGRAM-V88_color=MQ8&to=30#prefn1=product_online_sales&prefv1=true&viewtype=grid-view-small&sz=144&to=30&start=1 NOTFOUND
[25/12/18 18:18:09][DEBUG]scrape BERLUTI start
[25/12/18 18:18:11][DEBUG]open done OK
[25/12/18 18:18:13][DEBUG]https://www.berluti.com/ja-jp/makore-sukurittosuwaipureza-u-oretto/MAKORE_NEO_GRADIANT-JOUR-V2.html?dwvar_MAKORE__NEO__GRADIANT-JOUR-V2_color=B07&to=31#prefn1=product_online_sales&prefv1=true&viewtype=grid-view-small&sz=144&to=31&start=1 145200
[25/12/18 18:18:15][DEBUG]scrape BERLUTI start
[25/12/18 18:18:17][DEBUG]open done OK
[25/12/18 18:18:19][DEBUG]https://www.berluti.com/ja-jp/makore-sukurittosuwaipureza-u-oretto/MAKORE_NEO_GRADIANT-JOUR-V2.html?dwvar_MAKORE__NEO__GRADIANT-JOUR-V2_color=R78&to=32#prefn1=product_online_sales&prefv1=true&viewtype=grid-view-small&sz=144&to=32&start=1 145200
[25/12/18 18:18:21][DEBUG]scrape BERLUTI start
[25/12/18 18:18:23][DEBUG]open done OK
[25/12/18 18:18:25][DEBUG]https://www.berluti.com/ja-jp/tersio-arigetarezaoruinwan-berurutti/TERSIO-ALLIGATOR-E2.html?dwvar_TERSIO-ALLIGATOR-E2_color=M04&to=33#prefn1=product_online_sales&prefv1=true&viewtype=grid-view-small&sz=144&to=33&start=1 1331000
[25/12/18 18:18:27][DEBUG]scrape BERLUTI start
[25/12/18 18:18:29][DEBUG]open done OK
[25/12/18 18:18:33][DEBUG]https://www.berluti.com/ja-jp/akaju-towaru-marubufu-u-oretto/ACAJOU_NEO-TOILE_MARBEUF-T19.html?dwvar_ACAJOU__NEO-TOILE__MARBEUF-T19_color=MO5&to=34#prefn1=product_online_sales&prefv1=true&viewtype=grid-view-small&sz=144&to=34&start=1 NOTFOUND
[25/12/18 18:18:35][DEBUG]scrape BERLUTI start
[25/12/18 18:18:38][DEBUG]open done OK
[25/12/18 18:18:40][DEBUG]https://www.berluti.com/ja-jp/tari-sukurittoreza-rongujippuu-oretto/TALI_NEO-JOUR-V2.html?dwvar_TALI__NEO-JOUR-V2_color=K02&to=35#prefn1=product_online_sales&prefv1=true&viewtype=grid-view-small&sz=144&to=35&start=1 342100
[25/12/18 18:18:42][DEBUG]scrape BERLUTI start
[25/12/18 18:18:44][DEBUG]open done OK
[25/12/18 18:18:46][DEBUG]https://www.berluti.com/ja-jp/terushio-reza-oruinwan/TERSIO_NEO-JOUR-V2.html?dwvar_TERSIO__NEO-JOUR-V2_color=K02&to=36#prefn1=product_online_sales&prefv1=true&viewtype=grid-view-small&sz=144&to=36&start=1 324500
[25/12/18 18:18:48][DEBUG]scrape BERLUTI start
[25/12/18 18:18:50][DEBUG]open done OK
[25/12/18 18:18:52][DEBUG]https://www.berluti.com/ja-jp/terushio-reza-oruinwan/TERSIO_NEO-JOUR-V2.html?dwvar_TERSIO__NEO-JOUR-V2_color=G11&to=37#prefn1=product_online_sales&prefv1=true&viewtype=grid-view-small&sz=144&to=37&start=1 324500
[25/12/18 18:18:54][DEBUG]scrape BERLUTI start
[25/12/18 18:18:56][DEBUG]open done OK
[25/12/18 18:18:58][DEBUG]https://www.berluti.com/ja-jp/aibi-sukurittosuwaipu-reza-toiretaripochi/IVY-JOUR-V2.html?dwvar_IVY-JOUR-V2_color=G27&to=38#prefn1=product_online_sales&prefv1=true&viewtype=grid-view-small&sz=144&to=38&start=1 191400
[25/12/18 18:19:00][DEBUG]scrape BERLUTI start
[25/12/18 18:19:02][DEBUG]open done OK
[25/12/18 18:19:04][DEBUG]https://www.berluti.com/ja-jp/tiriwa-tiriwa-rezaoruinwan/TIRIWA_NEO-JOUR-V2.html?dwvar_TIRIWA__NEO-JOUR-V2_color=ML6&to=39#prefn1=product_online_sales&prefv1=true&viewtype=grid-view-small&sz=144&to=39&start=1 282700
[25/12/18 18:19:06][DEBUG]scrape BERLUTI start
[25/12/18 18:19:08][DEBUG]open done OK
[25/12/18 18:19:12][DEBUG]https://www.berluti.com/ja-jp/koa-makishi-sukurittoreza-rongu-jippu-kadohoruda/KOA_MAXI_NEO-JOUR-V2.html?dwvar_KOA__MAXI__NEO-JOUR-V2_color=K02&to=40#prefn1=product_online_sales&prefv1=true&viewtype=grid-view-small&sz=144&to=40&start=1 NOTFOUND
[25/12/18 18:19:14][DEBUG]scrape BERLUTI start
[25/12/18 18:19:18][DEBUG]open done OK
[25/12/18 18:19:22][DEBUG]https://www.berluti.com/ja-jp/koa-makishi-sukurittoreza-rongu-jippu-kadohoruda/KOA_MAXI_NEO-JOUR-V2.html?dwvar_KOA__MAXI__NEO-JOUR-V2_color=ML6&to=41#prefn1=product_online_sales&prefv1=true&viewtype=grid-view-small&sz=144&to=41&start=1 NOTFOUND
[25/12/18 18:19:24][DEBUG]scrape BERLUTI start
[25/12/18 18:19:26][DEBUG]open done OK
[25/12/18 18:19:28][DEBUG]https://www.berluti.com/ja-jp/makorearigetarezakonpakuto-cai-bu/MAKORE-ALLIGATOR-E2.html?dwvar_MAKORE-ALLIGATOR-E2_color=B01&to=42#prefn1=product_online_sales&prefv1=true&viewtype=grid-view-small&sz=144&to=42&start=1 561000
[25/12/18 18:19:30][DEBUG]scrape BERLUTI start
[25/12/18 18:19:32][DEBUG]open done OK
[25/12/18 18:19:34][DEBUG]https://www.berluti.com/ja-jp/makorearigetarezakonpakuto-cai-bu/MAKORE-ALLIGATOR-E2.html?dwvar_MAKORE-ALLIGATOR-E2_color=M04&to=43#prefn1=product_online_sales&prefv1=true&viewtype=grid-view-small&sz=144&to=43&start=1 561000
[25/12/18 18:19:36][DEBUG]scrape BERLUTI start
[25/12/18 18:19:37][DEBUG]open done OK
[25/12/18 18:19:39][DEBUG]https://www.berluti.com/ja-jp/makore-surimu-reza-konpakutou-oretto/MAKORE_SLIM_NEO-JOUR-V1.html?dwvar_MAKORE__SLIM__NEO-JOUR-V1_color=ML6&to=44#prefn1=product_online_sales&prefv1=true&viewtype=grid-view-small&sz=144&to=44&start=1 123200
[25/12/18 18:19:42][DEBUG]scrape BERLUTI start
[25/12/18 18:19:43][DEBUG]open done OK
[25/12/18 18:19:45][DEBUG]https://www.berluti.com/ja-jp/makore-sukurittoreza-konpakutou-oretto/MAKORE_NEO-JOUR_SOFTY-V82.html?dwvar_MAKORE__NEO-JOUR__SOFTY-V82_color=B02&to=45#prefn1=product_online_sales&prefv1=true&viewtype=grid-view-small&sz=144&to=45&start=1 127600
[25/12/18 18:19:48][DEBUG]scrape BERLUTI start
[25/12/18 18:19:49][DEBUG]open done OK
[25/12/18 18:19:51][DEBUG]https://www.berluti.com/ja-jp/makore-sukurittoreza-konpakutou-oretto/MAKORE_NEO-JOUR-V2.html?dwvar_MAKORE__NEO-JOUR-V2_color=K02&to=46#prefn1=product_online_sales&prefv1=true&viewtype=grid-view-small&sz=144&to=46&start=1 127600
[25/12/18 18:19:54][DEBUG]scrape BERLUTI start
[25/12/18 18:19:56][DEBUG]open done OK
[25/12/18 18:19:58][DEBUG]https://www.berluti.com/ja-jp/makore-sukurittoreza-konpakutou-oretto/MAKORE_NEO-JOUR-V2.html?dwvar_MAKORE__NEO-JOUR-V2_color=ML6&to=47#prefn1=product_online_sales&prefv1=true&viewtype=grid-view-small&sz=144&to=47&start=1 127600
[25/12/18 18:20:00][DEBUG]scrape BERLUTI start
[25/12/18 18:20:02][DEBUG]open done OK
[25/12/18 18:20:04][DEBUG]https://www.berluti.com/ja-jp/makore-sukurittoreza-konpakutou-oretto/MAKORE_NEO-JOUR-V2.html?dwvar_MAKORE__NEO-JOUR-V2_color=G11&to=48#prefn1=product_online_sales&prefv1=true&viewtype=grid-view-small&sz=144&to=48&start=1 127600
[25/12/18 18:20:06][DEBUG]scrape BERLUTI start
[25/12/18 18:20:08][DEBUG]open done OK
[25/12/18 18:20:10][DEBUG]https://www.berluti.com/ja-jp/makore-koin-sukurittoreza-u-oretto/MAKORE_COIN-JOUR-V2.html?dwvar_MAKORE__COIN-JOUR-V2_color=ML6&to=49#prefn1=product_online_sales&prefv1=true&viewtype=grid-view-small&sz=144&to=49&start=1 134200
[25/12/18 18:20:12][DEBUG]scrape BERLUTI start
[25/12/18 18:20:14][DEBUG]open done OK
[25/12/18 18:20:16][DEBUG]https://www.berluti.com/ja-jp/makore-surimu-guradianto-sukurittoreza-konpakutou-oretto/MAKORE_SLIM_NEO_GRADIANT-JOUR-V2.html?dwvar_MAKORE__SLIM__NEO__GRADIANT-JOUR-V2_color=RA1&to=50#prefn1=product_online_sales&prefv1=true&viewtype=grid-view-small&sz=144&to=50&start=1 133100
[25/12/18 18:20:22][DEBUG]scrape BERLUTI start
[25/12/18 18:20:24][DEBUG]open done OK
[25/12/18 18:20:28][DEBUG]https://www.berluti.com/ja-jp/makore-surimu-sukurittoreza-u-oretto/MAKORE_SLIM_NEO-JOUR-V2.html?dwvar_MAKORE__SLIM__NEO-JOUR-V2_color=BF6&to=51#prefn1=product_online_sales&prefv1=true&viewtype=grid-view-small&sz=144&to=51&start=1 NOTFOUND
[25/12/18 18:20:30][DEBUG]scrape BERLUTI start
[25/12/18 18:20:32][DEBUG]open done OK
[25/12/18 18:20:36][DEBUG]https://www.berluti.com/ja-jp/makore-surimu-sukurittoreza-u-oretto/MAKORE_SLIM_NEO-JOUR-V2.html?dwvar_MAKORE__SLIM__NEO-JOUR-V2_color=R77&to=52#prefn1=product_online_sales&prefv1=true&viewtype=grid-view-small&sz=144&to=52&start=1 NOTFOUND
[25/12/18 18:20:38][DEBUG]scrape BERLUTI start
[25/12/18 18:20:40][DEBUG]open done OK
[25/12/18 18:20:44][DEBUG]https://www.berluti.com/ja-jp/makore-sukurittoreza-u-oretto/MAKORE_NEO-JOUR-V85.html?dwvar_MAKORE__NEO-JOUR-V85_color=R35&to=53#prefn1=product_online_sales&prefv1=true&viewtype=grid-view-small&sz=144&to=53&start=1 NOTFOUND
[25/12/18 18:20:46][DEBUG]scrape BERLUTI start
[25/12/18 18:20:48][DEBUG]open done OK
[25/12/18 18:20:50][DEBUG]https://www.berluti.com/ja-jp/makore-2in1-sukurittoreza-u-oretto/MAKORE_2IN1_NEO-JOUR-V2.html?dwvar_MAKORE__2IN1__NEO-JOUR-V2_color=ML6&to=54#prefn1=product_online_sales&prefv1=true&viewtype=grid-view-small&sz=144&to=54&start=1 161700
[25/12/18 18:20:52][DEBUG]scrape BERLUTI start
[25/12/18 18:20:54][DEBUG]open done OK
[25/12/18 18:20:58][DEBUG]https://www.berluti.com/ja-jp/makore-towaru-marubufu-u-oretto/MAKORE_NEO-TOILE_MARBEUF-T19.html?dwvar_MAKORE__NEO-TOILE__MARBEUF-T19_color=MO5&to=55#prefn1=product_online_sales&prefv1=true&viewtype=grid-view-small&sz=144&to=55&start=1 NOTFOUND
[25/12/18 18:21:00][DEBUG]scrape BERLUTI start
[25/12/18 18:21:02][DEBUG]open done OK
[25/12/18 18:21:04][DEBUG]https://www.berluti.com/ja-jp/orijin-sukurittoreza-koinpasu/ORIGINE_NEO-JOUR-V2.html?dwvar_ORIGINE__NEO-JOUR-V2_color=K02&to=56#prefn1=product_online_sales&prefv1=true&viewtype=grid-view-small&sz=144&to=56&start=1 68200
[25/12/18 18:21:06][DEBUG]scrape BERLUTI start
[25/12/18 18:21:09][DEBUG]open done OK
[25/12/18 18:21:13][DEBUG]https://www.berluti.com/ja-jp/figyua-koin-sukurittoreza-u-oretto/FIGURE_COIN-JOUR-V2.html?dwvar_FIGURE__COIN-JOUR-V2_color=ML6&to=57#prefn1=product_online_sales&prefv1=true&viewtype=grid-view-small&sz=144&to=57&start=1 NOTFOUND
[25/12/18 18:21:15][DEBUG]scrape BERLUTI start
[25/12/18 18:21:17][DEBUG]open done OK
[25/12/18 18:21:19][DEBUG]https://www.berluti.com/ja-jp/figyua-sukurittoreza-konpakutou-oretto/FIGURE_NEO-JOUR-V2.html?dwvar_FIGURE__NEO-JOUR-V2_color=K02&to=58#prefn1=product_online_sales&prefv1=true&viewtype=grid-view-small&sz=144&to=58&start=1 124300
[25/12/18 18:21:21][DEBUG]scrape BERLUTI start
[25/12/18 18:21:23][DEBUG]open done OK
[25/12/18 18:21:25][DEBUG]https://www.berluti.com/ja-jp/figyua-sukurittoreza-konpakutou-oretto/FIGURE_NEO-JOUR-V2.html?dwvar_FIGURE__NEO-JOUR-V2_color=ML6&to=59#prefn1=product_online_sales&prefv1=true&viewtype=grid-view-small&sz=144&to=59&start=1 124300
[25/12/18 18:21:27][DEBUG]scrape BERLUTI start
[25/12/18 18:21:28][DEBUG]open done OK
[25/12/18 18:21:30][DEBUG]https://www.berluti.com/ja-jp/akaju-sukurittoreza-konpakutou-oretto/ACAJOU_NEO-JOUR_SOFTY-V82.html?dwvar_ACAJOU__NEO-JOUR__SOFTY-V82_color=B02&to=60#prefn1=product_online_sales&prefv1=true&viewtype=grid-view-small&sz=144&to=60&start=1 136400
[25/12/18 18:21:33][DEBUG]scrape BERLUTI start
[25/12/18 18:21:34][DEBUG]open done OK
[25/12/18 18:21:36][DEBUG]https://www.berluti.com/ja-jp/akaju-sukurittoreza-u-oretto/ACAJOU_NEO-JOUR-V2.html?dwvar_ACAJOU__NEO-JOUR-V2_color=ML6&to=61#prefn1=product_online_sales&prefv1=true&viewtype=grid-view-small&sz=144&to=61&start=1 136400
[25/12/18 18:21:39][DEBUG]scrape BERLUTI start
[25/12/18 18:21:40][DEBUG]open done OK
[25/12/18 18:21:42][DEBUG]https://www.berluti.com/ja-jp/bambouarigetarezakadohoruda/BAMBOU-ALLIGATOR-E2.html?dwvar_BAMBOU-ALLIGATOR-E2_color=M03&to=62#prefn1=product_online_sales&prefv1=true&viewtype=grid-view-small&sz=144&to=62&start=1 213400
[25/12/18 18:21:45][DEBUG]scrape BERLUTI start
[25/12/18 18:21:46][DEBUG]open done OK
[25/12/18 18:21:48][DEBUG]https://www.berluti.com/ja-jp/banbu-tetorisu-sukurittoreza-kadohoruda/BAMBOU_TETRIS_NEO-JOUR-V2.html?dwvar_BAMBOU__TETRIS__NEO-JOUR-V2_color=K02&to=63#prefn1=product_online_sales&prefv1=true&viewtype=grid-view-small&sz=144&to=63&start=1 92400
[25/12/18 18:21:50][DEBUG]scrape BERLUTI start
[25/12/18 18:21:52][DEBUG]open done OK
[25/12/18 18:21:54][DEBUG]https://www.berluti.com/ja-jp/banbu-sukurittoreza-kadohoruda/BAMBOU_NEO-JOUR_SOFTY-V82.html?dwvar_BAMBOU__NEO-JOUR__SOFTY-V82_color=B02&to=64#prefn1=product_online_sales&prefv1=true&viewtype=grid-view-small&sz=144&to=64&start=1 68200
[25/12/18 18:21:57][DEBUG]scrape BERLUTI start
[25/12/18 18:21:59][DEBUG]open done OK
[25/12/18 18:22:01][DEBUG]https://www.berluti.com/ja-jp/banbu-neo-sukurittosuwaipurezakadohoruda/BAMBOU_NEO-JOUR-V2.html?dwvar_BAMBOU__NEO-JOUR-V2_color=ML6&to=65#prefn1=product_online_sales&prefv1=true&viewtype=grid-view-small&sz=144&to=65&start=1 68200
[25/12/18 18:22:03][DEBUG]scrape BERLUTI start
[25/12/18 18:22:06][DEBUG]open done OK
[25/12/18 18:22:08][DEBUG]https://www.berluti.com/ja-jp/banbu-neo-sukurittosuwaipurezakadohoruda/BAMBOU_NEO-JOUR-V2.html?dwvar_BAMBOU__NEO-JOUR-V2_color=G02&to=66#prefn1=product_online_sales&prefv1=true&viewtype=grid-view-small&sz=144&to=66&start=1 68200
[25/12/18 18:22:10][DEBUG]scrape BERLUTI start
[25/12/18 18:22:12][DEBUG]open done OK
[25/12/18 18:22:14][DEBUG]https://www.berluti.com/ja-jp/banbu-neo-sukurittosuwaipurezakadohoruda/BAMBOU_NEO-JOUR-V2.html?dwvar_BAMBOU__NEO-JOUR-V2_color=K02&to=67#prefn1=product_online_sales&prefv1=true&viewtype=grid-view-small&sz=144&to=67&start=1 68200
[25/12/18 18:22:16][DEBUG]scrape BERLUTI start
[25/12/18 18:22:18][DEBUG]open done OK
[25/12/18 18:22:20][DEBUG]https://www.berluti.com/ja-jp/banbu-neo-sukurittosuwaipurezakadohoruda/BAMBOU_NEO-JOUR-V2.html?dwvar_BAMBOU__NEO-JOUR-V2_color=B07&to=68#prefn1=product_online_sales&prefv1=true&viewtype=grid-view-small&sz=144&to=68&start=1 68200
[25/12/18 18:22:22][DEBUG]scrape BERLUTI start
[25/12/18 18:22:24][DEBUG]open done OK
[25/12/18 18:22:26][DEBUG]https://www.berluti.com/ja-jp/banbu-neo-sukurittosuwaipurezakadohoruda/BAMBOU_NEO-JOUR-V2.html?dwvar_BAMBOU__NEO-JOUR-V2_color=R77&to=69#prefn1=product_online_sales&prefv1=true&viewtype=grid-view-small&sz=144&to=69&start=1 68200
[25/12/18 18:22:28][DEBUG]scrape BERLUTI start
[25/12/18 18:22:31][DEBUG]open done OK
[25/12/18 18:22:33][DEBUG]https://www.berluti.com/ja-jp/banbu-neo-sukurittosuwaipurezakadohoruda/BAMBOU_NEO-JOUR-V2.html?dwvar_BAMBOU__NEO-JOUR-V2_color=R78&to=70#prefn1=product_online_sales&prefv1=true&viewtype=grid-view-small&sz=144&to=70&start=1 68200
[25/12/18 18:22:35][DEBUG]scrape BERLUTI start
[25/12/18 18:22:36][DEBUG]open done OK
[25/12/18 18:22:41][DEBUG]https://www.berluti.com/ja-jp/banbu-towaru-marubufu-kadohoruda/BAMBOU_NEO-TOILE_MARBEUF-T19.html?dwvar_BAMBOU__NEO-TOILE__MARBEUF-T19_color=MO5&to=71#prefn1=product_online_sales&prefv1=true&viewtype=grid-view-small&sz=144&to=71&start=1 NOTFOUND
[25/12/18 18:22:43][DEBUG]scrape BERLUTI start
[25/12/18 18:22:44][DEBUG]open done OK
[25/12/18 18:22:46][DEBUG]https://www.berluti.com/ja-jp/banbu-6ccsukurittoreza-kadohoruda/BAMBOU_6CC_NEO-JOUR-V2.html?dwvar_BAMBOU__6CC__NEO-JOUR-V2_color=ML6&to=72#prefn1=product_online_sales&prefv1=true&viewtype=grid-view-small&sz=144&to=72&start=1 81400
[25/12/18 18:22:53][DEBUG]scrape BERLUTI start
[25/12/18 18:22:55][DEBUG]open done OK
[25/12/18 18:22:57][DEBUG]https://www.berluti.com/ja-jp/jaguaarigetarezakadohoruda/JAGUA-ALLIGATOR-E2.html?dwvar_JAGUA-ALLIGATOR-E2_color=M03&to=73#prefn1=product_online_sales&prefv1=true&viewtype=grid-view-small&sz=144&to=73&start=1 419100
[25/12/18 18:23:04][DEBUG]scrape BERLUTI start
[25/12/18 18:23:06][DEBUG]open done OK
[25/12/18 18:23:08][DEBUG]https://www.berluti.com/ja-jp/jagua-sukurittoreza-kadohoruda/JAGUA_NEO-JOUR-V2.html?dwvar_JAGUA__NEO-JOUR-V2_color=K02&to=74#prefn1=product_online_sales&prefv1=true&viewtype=grid-view-small&sz=144&to=74&start=1 99000
[25/12/18 18:23:10][DEBUG]scrape BERLUTI start
[25/12/18 18:23:12][DEBUG]open done OK
[25/12/18 18:23:14][DEBUG]https://www.berluti.com/ja-jp/jagua-sukurittoreza-kadohoruda/JAGUA_NEO-JOUR-V2.html?dwvar_JAGUA__NEO-JOUR-V2_color=ML6&to=75#prefn1=product_online_sales&prefv1=true&viewtype=grid-view-small&sz=144&to=75&start=1 99000
[25/12/18 18:23:16][DEBUG]scrape BERLUTI start
[25/12/18 18:23:19][DEBUG]open done OK
[25/12/18 18:23:21][DEBUG]https://www.berluti.com/ja-jp/jagua-sukurittoreza-kadohoruda/JAGUA_NEO-JOUR-V2.html?dwvar_JAGUA__NEO-JOUR-V2_color=G11&to=76#prefn1=product_online_sales&prefv1=true&viewtype=grid-view-small&sz=144&to=76&start=1 99000
[25/12/18 18:23:23][DEBUG]scrape BERLUTI start
[25/12/18 18:23:25][DEBUG]open done OK
[25/12/18 18:23:27][DEBUG]https://www.berluti.com/ja-jp/jagua-reza-poketto-oganaiza/JAGUA_NEO-JOUR-V1.html?dwvar_JAGUA__NEO-JOUR-V1_color=ML6&to=77#prefn1=product_online_sales&prefv1=true&viewtype=grid-view-small&sz=144&to=77&start=1 90200
[25/12/18 18:23:29][DEBUG]scrape BERLUTI start
[25/12/18 18:23:33][DEBUG]open done OK
[25/12/18 18:23:37][DEBUG]https://www.berluti.com/ja-jp/jagua-sukurittosuwaipureza-kadohoruda/JAGUA_NEO_GRADIANT-JOUR-V2.html?dwvar_JAGUA__NEO__GRADIANT-JOUR-V2_color=KH6&to=78#prefn1=product_online_sales&prefv1=true&viewtype=grid-view-small&sz=144&to=78&start=1 NOTFOUND
[25/12/18 18:23:39][DEBUG]scrape BERLUTI start
[25/12/18 18:23:41][DEBUG]open done OK
[25/12/18 18:23:45][DEBUG]https://www.berluti.com/ja-jp/jagua-reza-kadohoruda/JAGUA_NEO_GRADIANT-JOUR-V1.html?dwvar_JAGUA__NEO__GRADIANT-JOUR-V1_color=B07&to=79#prefn1=product_online_sales&prefv1=true&viewtype=grid-view-small&sz=144&to=79&start=1 NOTFOUND
[25/12/18 18:23:48][DEBUG]scrape BERLUTI start
[25/12/18 18:23:49][DEBUG]open done OK
[25/12/18 18:23:54][DEBUG]https://www.berluti.com/ja-jp/jagua-towaru-marubufu-kadohoruda/JAGUA_NEO-TOILE_MARBEUF-T19.html?dwvar_JAGUA__NEO-TOILE__MARBEUF-T19_color=MO5&to=80#prefn1=product_online_sales&prefv1=true&viewtype=grid-view-small&sz=144&to=80&start=1 NOTFOUND
[25/12/18 18:23:56][DEBUG]scrape BERLUTI start
[25/12/18 18:23:58][DEBUG]open done OK
[25/12/18 18:24:00][DEBUG]https://www.berluti.com/ja-jp/esukeru-sukurittosuwaipureza-pasupotohoruda/ESCALE_NEO-JOUR-V2.html?dwvar_ESCALE__NEO-JOUR-V2_color=ML6&to=81#prefn1=product_online_sales&prefv1=true&viewtype=grid-view-small&sz=144&to=81&start=1 108900
[25/12/18 18:24:06][DEBUG]scrape BERLUTI start
[25/12/18 18:24:08][DEBUG]open done OK
[25/12/18 18:24:12][DEBUG]https://www.berluti.com/ja-jp/esukaru-towaru-marubufu-pasupotohoruda/ESCALE_NEO-TOILE_MARBEUF-T19.html?dwvar_ESCALE__NEO-TOILE__MARBEUF-T19_color=MO5&to=82#prefn1=product_online_sales&prefv1=true&viewtype=grid-view-small&sz=144&to=82&start=1 NOTFOUND
[25/12/18 18:24:14][DEBUG]scrape BERLUTI start
[25/12/18 18:24:16][DEBUG]open done OK
[25/12/18 18:24:20][DEBUG]https://www.berluti.com/ja-jp/inbuia-sukurittoreza-kadohoruda/IMBUIA_NEO-JOUR-V2.html?dwvar_IMBUIA__NEO-JOUR-V2_color=G11&to=83#prefn1=product_online_sales&prefv1=true&viewtype=grid-view-small&sz=144&to=83&start=1 NOTFOUND
[25/12/18 18:24:23][DEBUG]scrape BERLUTI start
[25/12/18 18:24:25][DEBUG]open done OK
[25/12/18 18:24:29][DEBUG]https://www.berluti.com/ja-jp/inbuia-sukurittoreza-kadohoruda/IMBUIA_NEO-JOUR-V2.html?dwvar_IMBUIA__NEO-JOUR-V2_color=ML6&to=84#prefn1=product_online_sales&prefv1=true&viewtype=grid-view-small&sz=144&to=84&start=1 NOTFOUND
[25/12/18 18:24:31][DEBUG]scrape BERLUTI start
[25/12/18 18:24:33][DEBUG]open done OK
[25/12/18 18:24:38][DEBUG]https://www.berluti.com/ja-jp/inbuia-sukurittoreza-kadohoruda/IMBUIA_NEO-JOUR-V2.html?dwvar_IMBUIA__NEO-JOUR-V2_color=K02&to=85#prefn1=product_online_sales&prefv1=true&viewtype=grid-view-small&sz=144&to=85&start=1 NOTFOUND
[25/12/18 18:24:40][DEBUG]scrape BERLUTI start
[25/12/18 18:24:42][DEBUG]open done OK
[25/12/18 18:24:46][DEBUG]https://www.berluti.com/ja-jp/inbuia-sukurittoreza-kadohoruda/IMBUIA_NEO-JOUR-V2.html?dwvar_IMBUIA__NEO-JOUR-V2_color=R77&to=86#prefn1=product_online_sales&prefv1=true&viewtype=grid-view-small&sz=144&to=86&start=1 NOTFOUND
[25/12/18 18:24:48][DEBUG]scrape BERLUTI start
[25/12/18 18:24:50][DEBUG]open done OK
[25/12/18 18:24:52][DEBUG]https://www.berluti.com/ja-jp/inbuia-guradianto-sukurittoreza-kadohoruda/IMBUIA_NEO_GRADIANT-JOUR-V2.html?dwvar_IMBUIA__NEO__GRADIANT-JOUR-V2_color=RA1&to=87#prefn1=product_online_sales&prefv1=true&viewtype=grid-view-small&sz=144&to=87&start=1 108900
[25/12/18 18:24:54][DEBUG]scrape BERLUTI start
[25/12/18 18:24:57][DEBUG]open done OK
[25/12/18 18:24:59][DEBUG]https://www.berluti.com/ja-jp/inbuia-guradianto-sukurittoreza-kadohoruda/IMBUIA_NEO_GRADIANT-JOUR-V2.html?dwvar_IMBUIA__NEO__GRADIANT-JOUR-V2_color=B07&to=88#prefn1=product_online_sales&prefv1=true&viewtype=grid-view-small&sz=144&to=88&start=1 108900
[25/12/18 18:25:01][DEBUG]scrape BERLUTI start
[25/12/18 18:25:03][DEBUG]open done OK
[25/12/18 18:25:07][DEBUG]https://www.berluti.com/ja-jp/inbuia-towaru-marubufu-kadohoruda/IMBUIA_NEO-TOILE_MARBEUF-T19.html?dwvar_IMBUIA__NEO-TOILE__MARBEUF-T19_color=MO5&to=89#prefn1=product_online_sales&prefv1=true&viewtype=grid-view-small&sz=144&to=89&start=1 NOTFOUND
[25/12/18 18:25:09][DEBUG]scrape BERLUTI start
[25/12/18 18:25:12][DEBUG]open done OK
[25/12/18 18:25:14][DEBUG]https://www.berluti.com/ja-jp/wapa-sukurittoreza-jippu-fukikoinpasu/WAPA_NEO-JOUR-V2.html?dwvar_WAPA__NEO-JOUR-V2_color=K02&to=90#prefn1=product_online_sales&prefv1=true&viewtype=grid-view-small&sz=144&to=90&start=1 113300
[25/12/18 18:25:16][DEBUG]scrape BERLUTI start
[25/12/18 18:25:18][DEBUG]open done OK
[25/12/18 18:25:20][DEBUG]https://www.berluti.com/ja-jp/wapa-sukurittoreza-jippu-fukikoinpasu/WAPA_NEO-JOUR-V2.html?dwvar_WAPA__NEO-JOUR-V2_color=ML6&to=91#prefn1=product_online_sales&prefv1=true&viewtype=grid-view-small&sz=144&to=91&start=1 113300
[25/12/18 18:25:22][DEBUG]scrape BERLUTI start
[25/12/18 18:25:24][DEBUG]open done OK
[25/12/18 18:25:26][DEBUG]https://www.berluti.com/ja-jp/wapa-sukurittoreza-jippu-fukikoinpasu/WAPA_NEO-JOUR-V2.html?dwvar_WAPA__NEO-JOUR-V2_color=G11&to=92#prefn1=product_online_sales&prefv1=true&viewtype=grid-view-small&sz=144&to=92&start=1 113300
[25/12/18 18:25:29][DEBUG]scrape BERLUTI start
[25/12/18 18:25:30][DEBUG]open done OK
[25/12/18 18:25:32][DEBUG]https://www.berluti.com/ja-jp/koa-rojikku-sukurittoreza-jippu-kadohoruda/KOA_LOGIC_NEO-JOUR-V2.html?dwvar_KOA__LOGIC__NEO-JOUR-V2_color=ML6&to=93#prefn1=product_online_sales&prefv1=true&viewtype=grid-view-small&sz=144&to=93&start=1 101200
[25/12/18 18:25:35][DEBUG]scrape BERLUTI start
[25/12/18 18:25:37][DEBUG]open done OK
[25/12/18 18:25:39][DEBUG]https://www.berluti.com/ja-jp/wapa-guradianto-sukurittoreza-koinpasu/WAPA_NEO_GRADIANT-JOUR-V2.html?dwvar_WAPA__NEO__GRADIANT-JOUR-V2_color=RA1&to=94#prefn1=product_online_sales&prefv1=true&viewtype=grid-view-small&sz=144&to=94&start=1 133100
[25/12/18 18:25:41][DEBUG]scrape BERLUTI start
[25/12/18 18:25:43][DEBUG]open done OK
[25/12/18 18:25:45][DEBUG]https://www.berluti.com/ja-jp/koto-sukurittoreza-jippu-kihoruda/KOTO_NEO-JOUR-V2.html?dwvar_KOTO__NEO-JOUR-V2_color=K02&to=95#prefn1=product_online_sales&prefv1=true&viewtype=grid-view-small&sz=144&to=95&start=1 124300
[25/12/18 18:25:47][DEBUG]scrape BERLUTI start
[25/12/18 18:25:49][DEBUG]open done OK
[25/12/18 18:25:51][DEBUG]https://www.berluti.com/ja-jp/itauba-sukuea-sukurittoreza-jippuu-oretto/ITAUBA_SQUARE_NEO-JOUR-V2.html?dwvar_ITAUBA__SQUARE__NEO-JOUR-V2_color=K02&to=96#prefn1=product_online_sales&prefv1=true&viewtype=grid-view-small&sz=144&to=96&start=1 156200
[25/12/18 18:25:53][DEBUG]scrape BERLUTI start
[25/12/18 18:25:55][DEBUG]open done OK
[25/12/18 18:25:57][DEBUG]https://www.berluti.com/ja-jp/itauba-sukuea-sukurittoreza-jippuu-oretto/ITAUBA_SQUARE_NEO-JOUR-V2.html?dwvar_ITAUBA__SQUARE__NEO-JOUR-V2_color=R78&to=97#prefn1=product_online_sales&prefv1=true&viewtype=grid-view-small&sz=144&to=97&start=1 156200
[25/12/18 18:25:59][DEBUG]scrape BERLUTI start
[25/12/18 18:26:02][DEBUG]open done OK
[25/12/18 18:26:04][DEBUG]https://www.berluti.com/ja-jp/juru-sukurittoreza-manekurippu/MC004-V2.html?dwvar_MC004-V2_color=ML6&to=98#prefn1=product_online_sales&prefv1=true&viewtype=grid-view-small&sz=144&to=98&start=1 60500
[25/12/18 18:26:10][DEBUG]scrape BERLUTI start
[25/12/18 18:26:12][DEBUG]open done OK
[25/12/18 18:26:17][DEBUG]https://www.berluti.com/ja-jp/sukurittoreza-iphone-16-prokesu/IPHONE_16_PRO_CASE-SCRITTO-V2.html?dwvar_IPHONE__16__PRO__CASE-SCRITTO-V2_color=KD4&to=99#prefn1=product_online_sales&prefv1=true&viewtype=grid-view-small&sz=144&to=99&start=1 NOTFOUND
[25/12/18 18:26:19][DEBUG]scrape BERLUTI start
[25/12/18 18:26:21][DEBUG]open done OK
[25/12/18 18:26:25][DEBUG]https://www.berluti.com/ja-jp/sukurittoreza-iphone-16-proforio/IPHONE_16_PRO_FOLIO-SCRITTO-V2.html?dwvar_IPHONE__16__PRO__FOLIO-SCRITTO-V2_color=KD4&to=100#prefn1=product_online_sales&prefv1=true&viewtype=grid-view-small&sz=144&to=100&start=1 NOTFOUND
[25/12/18 18:26:28][DEBUG]scrape BERLUTI start
[25/12/18 18:26:30][DEBUG]open done OK
[25/12/18 18:26:34][DEBUG]https://www.berluti.com/ja-jp/sukurittoreza-iphone-16-pro-maxkesu/IPHONE_16_PRO_MAX_CASE-SCRITTO-V2.html?dwvar_IPHONE__16__PRO__MAX__CASE-SCRITTO-V2_color=KD4&to=101#prefn1=product_online_sales&prefv1=true&viewtype=grid-view-small&sz=144&to=101&start=1 NOTFOUND
[25/12/18 18:26:36][DEBUG]scrape BERLUTI start
[25/12/18 18:26:38][DEBUG]open done OK
[25/12/18 18:26:42][DEBUG]https://www.berluti.com/ja-jp/sukurittoreza-iphone-16-pro-maxforio/IPHONE_16_PRO_MAX_FOLIO-SCRITTO-V2.html?dwvar_IPHONE__16__PRO__MAX__FOLIO-SCRITTO-V2_color=KD4&to=102#prefn1=product_online_sales&prefv1=true&viewtype=grid-view-small&sz=144&to=102&start=1 NOTFOUND
[25/12/18 18:26:44][DEBUG]scrape BERLUTI start
[25/12/18 18:26:47][DEBUG]open done OK
[25/12/18 18:26:49][DEBUG]https://www.berluti.com/ja-jp/sukurittoreza-magunetto-shikadohoruda/MAGNETIC_CARD_HOLDER-SCRITTO-V2.html?dwvar_MAGNETIC__CARD__HOLDER-SCRITTO-V2_color=KD4&to=103#prefn1=product_online_sales&prefv1=true&viewtype=grid-view-small&sz=144&to=103&start=1 60500
[25/12/18 18:26:51][DEBUG]scrape BERLUTI start
[25/12/18 18:26:53][DEBUG]open done OK
[25/12/18 18:26:57][DEBUG]https://www.berluti.com/ja-jp/sukurittoreza-iphone-15-proforio/IPHONE_15_PRO_FOLIO-SCRITTO-V2.html?dwvar_IPHONE__15__PRO__FOLIO-SCRITTO-V2_color=B07&to=104#prefn1=product_online_sales&prefv1=true&viewtype=grid-view-small&sz=144&to=104&start=1 NOTFOUND
[25/12/18 18:26:59][DEBUG]scrape BERLUTI start
[25/12/18 18:27:01][DEBUG]open done OK
[25/12/18 18:27:05][DEBUG]https://www.berluti.com/ja-jp/sukurittoreza-iphone-15-proforio/IPHONE_15_PRO_FOLIO-SCRITTO-V2.html?dwvar_IPHONE__15__PRO__FOLIO-SCRITTO-V2_color=MH2&to=105#prefn1=product_online_sales&prefv1=true&viewtype=grid-view-small&sz=144&to=105&start=1 NOTFOUND
[25/12/18 18:27:08][DEBUG]scrape BERLUTI start
[25/12/18 18:27:10][DEBUG]open done OK
[25/12/18 18:27:14][DEBUG]https://www.berluti.com/ja-jp/sukurittoreza-iphone-15-pro-maxkesu/IPHONE_15_PRO_MAX_CASE-SCRITTO-V2.html?dwvar_IPHONE__15__PRO__MAX__CASE-SCRITTO-V2_color=B07&to=106#prefn1=product_online_sales&prefv1=true&viewtype=grid-view-small&sz=144&to=106&start=1 NOTFOUND
[25/12/18 18:27:16][DEBUG]scrape BERLUTI start
[25/12/18 18:27:19][DEBUG]open done OK
[25/12/18 18:27:23][DEBUG]https://www.berluti.com/ja-jp/sukurittoreza-iphone-15-pro-maxforio/IPHONE_15_PRO_MAX_FOLIO-SCRITTO-V2.html?dwvar_IPHONE__15__PRO__MAX__FOLIO-SCRITTO-V2_color=B07&to=107#prefn1=product_online_sales&prefv1=true&viewtype=grid-view-small&sz=144&to=107&start=1 NOTFOUND
[25/12/18 18:27:25][DEBUG]scrape BERLUTI start
[25/12/18 18:27:27][DEBUG]open done OK
[25/12/18 18:27:29][DEBUG]https://www.berluti.com/ja-jp/sukurittoreza-3ben-yongu-otchikesu/WATCH_CASE_3_NEO-SCRITTO_SWIPE-V2.html?dwvar_WATCH__CASE__3__NEO-SCRITTO__SWIPE-V2_color=ML6&to=108#prefn1=product_online_sales&prefv1=true&viewtype=grid-view-small&sz=144&to=108&start=1 290400
[25/12/18 18:27:35][DEBUG]scrape BERLUTI start
[25/12/18 18:27:37][DEBUG]open done OK
[25/12/18 18:27:39][DEBUG]https://www.berluti.com/ja-jp/sukurittoreza-3ben-yongu-otchikesu/WATCH_CASE_3_NEO-SCRITTO_SWIPE-V2.html?dwvar_WATCH__CASE__3__NEO-SCRITTO__SWIPE-V2_color=MQ4&to=109#prefn1=product_online_sales&prefv1=true&viewtype=grid-view-small&sz=144&to=109&start=1 290400
[25/12/18 18:27:45][DEBUG]scrape BERLUTI start
[25/12/18 18:27:47][DEBUG]open done OK
[25/12/18 18:27:49][DEBUG]https://www.berluti.com/ja-jp/sukurittoreza-3ben-yongu-otchikesu/WATCH_CASE_3_NEO-SCRITTO_SWIPE-V2.html?dwvar_WATCH__CASE__3__NEO-SCRITTO__SWIPE-V2_color=B07&to=110#prefn1=product_online_sales&prefv1=true&viewtype=grid-view-small&sz=144&to=110&start=1 290400
[25/12/18 18:27:55][DEBUG]scrape BERLUTI start
[25/12/18 18:27:57][DEBUG]open done OK
[25/12/18 18:27:59][DEBUG]https://www.berluti.com/ja-jp/sukurittoreza-3ben-yongu-otchikesu/WATCH_CASE_3_NEO-SCRITTO_SWIPE-V2.html?dwvar_WATCH__CASE__3__NEO-SCRITTO__SWIPE-V2_color=G27&to=111#prefn1=product_online_sales&prefv1=true&viewtype=grid-view-small&sz=144&to=111&start=1 290400
[25/12/18 18:28:05][DEBUG]scrape BERLUTI start
[25/12/18 18:28:08][DEBUG]open done OK
[25/12/18 18:28:12][DEBUG]https://www.berluti.com/ja-jp/sukurittoreza-iphone-14-proforio/IPHONE_14_PRO_FOLIO-SCRITTO-V2.html?dwvar_IPHONE__14__PRO__FOLIO-SCRITTO-V2_color=B62&to=112#prefn1=product_online_sales&prefv1=true&viewtype=grid-view-small&sz=144&to=112&start=1 NOTFOUND
[25/12/18 18:28:14][DEBUG]scrape BERLUTI start
[25/12/18 18:28:17][DEBUG]open done OK
[25/12/18 18:28:21][DEBUG]https://www.berluti.com/ja-jp/sukurittoreza-airpods-prokesu/AIRPODS_PRO_CASE-SCRITTO-V2.html?dwvar_AIRPODS__PRO__CASE-SCRITTO-V2_color=G27&to=113#prefn1=product_online_sales&prefv1=true&viewtype=grid-view-small&sz=144&to=113&start=1 NOTFOUND
[25/12/18 18:28:23][DEBUG]scrape BERLUTI start
[25/12/18 18:28:25][DEBUG]open done OK
[25/12/18 18:28:27][DEBUG]https://www.berluti.com/ja-jp/sukurittoreza-1ben-yongu-otchikesu/WATCH_CASE_1_NEO-SCRITTO-V2.html?dwvar_WATCH__CASE__1__NEO-SCRITTO-V2_color=ML6&to=114#prefn1=product_online_sales&prefv1=true&viewtype=grid-view-small&sz=144&to=114&start=1 177100
[25/12/18 18:28:29][DEBUG]scrape BERLUTI start
[25/12/18 18:28:31][DEBUG]open done OK
[25/12/18 18:28:33][DEBUG]https://www.berluti.com/ja-jp/sukurittoreza-1ben-yongu-otchikesu/WATCH_CASE_1_NEO-SCRITTO-V2.html?dwvar_WATCH__CASE__1__NEO-SCRITTO-V2_color=G02&to=115#prefn1=product_online_sales&prefv1=true&viewtype=grid-view-small&sz=144&to=115&start=1 177100
[25/12/18 18:28:35][DEBUG]scrape BERLUTI start
[25/12/18 18:28:37][DEBUG]open done OK
[25/12/18 18:28:39][DEBUG]https://www.berluti.com/ja-jp/sukurittoreza-1ben-yongu-otchikesu/WATCH_CASE_1_NEO-SCRITTO-V2.html?dwvar_WATCH__CASE__1__NEO-SCRITTO-V2_color=G11&to=116#prefn1=product_online_sales&prefv1=true&viewtype=grid-view-small&sz=144&to=116&start=1 177100
[25/12/18 18:28:41][DEBUG]scrape BERLUTI start
[25/12/18 18:28:43][DEBUG]open done OK
[25/12/18 18:28:47][DEBUG]https://www.berluti.com/ja-jp/sukurittoreza-iphone-14-pro-maxkesu/IPHONE_14_PRO_MAX_CASE-SCRITTO-V2.html?dwvar_IPHONE__14__PRO__MAX__CASE-SCRITTO-V2_color=B62&to=117#prefn1=product_online_sales&prefv1=true&viewtype=grid-view-small&sz=144&to=117&start=1 NOTFOUND
[25/12/18 18:28:49][DEBUG]scrape BERLUTI start
[25/12/18 18:28:51][DEBUG]open done OK
[25/12/18 18:28:55][DEBUG]https://www.berluti.com/ja-jp/sukurittoreza-iphone-15-prokesu/IPHONE_15_PRO_CASE-SCRITTO-V2.html?dwvar_IPHONE__15__PRO__CASE-SCRITTO-V2_color=MH2&to=118#prefn1=product_online_sales&prefv1=true&viewtype=grid-view-small&sz=144&to=118&start=1 NOTFOUND
[25/12/18 18:28:57][DEBUG]scrape BERLUTI start
[25/12/18 18:29:00][DEBUG]open done OK
[25/12/18 18:29:05][DEBUG]https://www.berluti.com/ja-jp/sukurittoreza-iphone-15-prokesu/IPHONE_15_PRO_CASE-SCRITTO-V2.html?dwvar_IPHONE__15__PRO__CASE-SCRITTO-V2_color=B07&to=119#prefn1=product_online_sales&prefv1=true&viewtype=grid-view-small&sz=144&to=119&start=1 NOTFOUND
[25/12/18 18:29:07][DEBUG]scrape BERLUTI start
[25/12/18 18:29:09][DEBUG]open done OK
[25/12/18 18:29:13][DEBUG]https://www.berluti.com/ja-jp/sukurittoreza-iphone-14-pro-maxforio/IPHONE_14_PRO_MAX_FOLIO-SCRITTO-V2.html?dwvar_IPHONE__14__PRO__MAX__FOLIO-SCRITTO-V2_color=B62&to=120#prefn1=product_online_sales&prefv1=true&viewtype=grid-view-small&sz=144&to=120&start=1 NOTFOUND
[25/12/18 18:29:15][DEBUG]scrape BERLUTI start
[25/12/18 18:29:17][DEBUG]open done OK
[25/12/18 18:29:19][DEBUG]https://www.berluti.com/ja-jp/sukuritto-reza-4-shiga-kesu/CIGAR_CASE_4_NEO-V2.html?dwvar_CIGAR__CASE__4__NEO-V2_color=G02&to=121#prefn1=product_online_sales&prefv1=true&viewtype=grid-view-small&sz=144&to=121&start=1 259600
[25/12/18 18:29:22][DEBUG]scrape BERLUTI start
[25/12/18 18:29:24][DEBUG]open done OK
[25/12/18 18:29:26][DEBUG]https://www.berluti.com/ja-jp/sukuritto-reza-4-shiga-kesu/CIGAR_CASE_4_NEO-V2.html?dwvar_CIGAR__CASE__4__NEO-V2_color=B07&to=122#prefn1=product_online_sales&prefv1=true&viewtype=grid-view-small&sz=144&to=122&start=1 259600
[25/12/18 18:29:30][DEBUG]scrape BERLUTI start
[25/12/18 18:29:31][DEBUG]open done OK
[25/12/18 18:29:33][DEBUG]https://www.berluti.com/ja-jp/sukuritto-reza-2-shiga-kesu/CIGAR_CASE_2_NEO-V2.html?dwvar_CIGAR__CASE__2__NEO-V2_color=MQ4&to=123#prefn1=product_online_sales&prefv1=true&viewtype=grid-view-small&sz=144&to=123&start=1 190300
[25/12/18 18:29:36][DEBUG]scrape BERLUTI start
[25/12/18 18:29:38][DEBUG]open done OK
[25/12/18 18:29:40][DEBUG]https://www.berluti.com/ja-jp/sukuritto-reza-2-shiga-kesu/CIGAR_CASE_2_NEO-V2.html?dwvar_CIGAR__CASE__2__NEO-V2_color=ML6&to=124#prefn1=product_online_sales&prefv1=true&viewtype=grid-view-small&sz=144&to=124&start=1 190300
[25/12/18 18:29:42][DEBUG]scrape BERLUTI start
[25/12/18 18:29:44][DEBUG]open done OK
[25/12/18 18:29:46][DEBUG]https://www.berluti.com/ja-jp/sukuritto-reza-2-shiga-kesu/CIGAR_CASE_2_NEO-V2.html?dwvar_CIGAR__CASE__2__NEO-V2_color=G11&to=125#prefn1=product_online_sales&prefv1=true&viewtype=grid-view-small&sz=144&to=125&start=1 190300
[25/12/18 18:29:49][DEBUG]scrape BERLUTI start
[25/12/18 18:29:51][DEBUG]open done OK
[25/12/18 18:29:55][DEBUG]https://www.berluti.com/ja-jp/vu-enechia-appuru-u-otchi-buresuretto/APPLE_WATCH_BRACELET-VENEZIA-V2.html?dwvar_APPLE__WATCH__BRACELET-VENEZIA-V2_color=MH2&to=126#prefn1=product_online_sales&prefv1=true&viewtype=grid-view-small&sz=144&to=126&start=1 NOTFOUND
[25/12/18 18:29:58][DEBUG]scrape BERLUTI start
[25/12/18 18:30:00][DEBUG]open done OK
[25/12/18 18:30:02][DEBUG]https://www.berluti.com/ja-jp/moningu-sukurittoreza-toiretaripochi/MORNING-JOUR_TANGRAM-V87.html?dwvar_MORNING-JOUR__TANGRAM-V87_color=G89&to=127#prefn1=product_online_sales&prefv1=true&viewtype=grid-view-small&sz=144&to=127&start=1 312400
[25/12/18 18:30:04][DEBUG]scrape BERLUTI start
[25/12/18 18:30:06][DEBUG]open done OK
[25/12/18 18:30:10][DEBUG]https://www.berluti.com/ja-jp/vu-enechia-appuru-u-otchi-buresuretto/APPLE_WATCH_BRACELET-VENEZIA-V2.html?dwvar_APPLE__WATCH__BRACELET-VENEZIA-V2_color=M10&to=128#prefn1=product_online_sales&prefv1=true&viewtype=grid-view-small&sz=144&to=128&start=1 NOTFOUND
[25/12/18 18:30:12][DEBUG]scrape BERLUTI start
[25/12/18 18:30:14][DEBUG]open done OK
[25/12/18 18:30:18][DEBUG]https://www.berluti.com/ja-jp/vu-enechia-appuru-u-otchi-buresuretto/APPLE_WATCH_BRACELET-VENEZIA-V2.html?dwvar_APPLE__WATCH__BRACELET-VENEZIA-V2_color=B07&to=129#prefn1=product_online_sales&prefv1=true&viewtype=grid-view-small&sz=144&to=129&start=1 NOTFOUND
[25/12/18 18:30:20][DEBUG]scrape BERLUTI start
[25/12/18 18:30:22][DEBUG]open done OK
[25/12/18 18:30:26][DEBUG]https://www.berluti.com/ja-jp/terushio-sukurittoreza-pochi/TERSIO_NEO_BE_RR-BE_RAPIECE_REPRISE-V2.html?dwvar_TERSIO__NEO__BE__RR-BE__RAPIECE__REPRISE-V2_color=K08&to=130#prefn1=product_online_sales&prefv1=true&viewtype=grid-view-small&sz=144&to=130&start=1 NOTFOUND
[25/12/18 18:30:28][DEBUG]scrape BERLUTI start
[25/12/18 18:30:30][DEBUG]open done OK
[25/12/18 18:30:32][DEBUG]https://www.berluti.com/ja-jp/terushio-sukurittoreza-pochi/TERSIO_NEO-JOUR_SOFTY-V82.html?dwvar_TERSIO__NEO-JOUR__SOFTY-V82_color=B02&to=131#prefn1=product_online_sales&prefv1=true&viewtype=grid-view-small&sz=144&to=131&start=1 324500
[25/12/18 18:30:34][DEBUG]scrape BERLUTI start
[25/12/18 18:30:36][DEBUG]open done OK
[25/12/18 18:30:38][DEBUG]https://www.berluti.com/ja-jp/terushio-reza-arigetareza-pochi/TERSIO_NEO_BE_RR-BE_RAPIECE_REPRISE-VC.html?dwvar_TERSIO__NEO__BE__RR-BE__RAPIECE__REPRISE-VC_color=MH2&to=132#prefn1=product_online_sales&prefv1=true&viewtype=grid-view-small&sz=144&to=132&start=1 1226500
[25/12/18 18:30:41][DEBUG]scrape BERLUTI start
[25/12/18 18:30:42][DEBUG]open done OK
[25/12/18 18:30:46][DEBUG]https://www.berluti.com/ja-jp/notobukkurefirua-5/REFILL_NOTEBOOK_A5_II.html?dwvar_REFILL__NOTEBOOK__A5__II_color=K01&to=133#prefn1=product_online_sales&prefv1=true&viewtype=grid-view-small&sz=144&to=133&start=1 NOTFOUND
[25/12/18 18:30:49][DEBUG]scrape BERLUTI start
[25/12/18 18:30:50][DEBUG]open done OK
[25/12/18 18:30:54][DEBUG]https://www.berluti.com/ja-jp/ete-yui-do-u-vu-oyaju-towaru-marubufu-toraberupochi/ETUI_DE_VOYAGE-TOILE_MARBEUF-T19.html?dwvar_ETUI__DE__VOYAGE-TOILE__MARBEUF-T19_color=MO5&to=134#prefn1=product_online_sales&prefv1=true&viewtype=grid-view-small&sz=144&to=134&start=1 NOTFOUND
[25/12/18 18:30:56][DEBUG]scrape BERLUTI start
[25/12/18 18:30:58][DEBUG]open done OK
[25/12/18 18:31:03][DEBUG]https://www.berluti.com/ja-jp/vu-enechia-appuru-u-otchi-buresuretto/APPLE_WATCH_BRACELET-VENEZIA-V2.html?dwvar_APPLE__WATCH__BRACELET-VENEZIA-V2_color=G27&to=135#prefn1=product_online_sales&prefv1=true&viewtype=grid-view-small&sz=144&to=135&start=1 NOTFOUND
[25/12/18 18:31:05][DEBUG]scrape BERLUTI start
[25/12/18 18:31:07][DEBUG]open done OK
[25/12/18 18:31:09][DEBUG]https://www.berluti.com/ja-jp/itauba-guradianto-sukurittoreza-rongu-jippuu-oretto/ITAUBA_NEO2_GRADIANT-JOUR-V2.html?dwvar_ITAUBA__NEO2__GRADIANT-JOUR-V2_color=Y23&to=1#viewtype=grid-view-small&sz=204&to=1&start=1 224400
[25/12/18 18:31:11][DEBUG]scrape BERLUTI start
[25/12/18 18:31:13][DEBUG]open done OK
[25/12/18 18:31:17][DEBUG]https://www.berluti.com/ja-jp/itauba-sukurittosuwaipureza-rongujippuu-oretto/ITAUBA_NEO_GRADIANT-JOUR-V2.html?dwvar_ITAUBA__NEO__GRADIANT-JOUR-V2_color=RA1&to=2#viewtype=grid-view-small&sz=204&to=2&start=1 NOTFOUND
[25/12/18 18:31:20][DEBUG]scrape BERLUTI start
[25/12/18 18:31:21][DEBUG]open done OK
[25/12/18 18:31:23][DEBUG]https://www.berluti.com/ja-jp/itauba-sukurittoreza-rongu-jippuu-oretto/ITAUBA_NEO2-JOUR_SOFTY-V82.html?dwvar_ITAUBA__NEO2-JOUR__SOFTY-V82_color=B02&to=3#viewtype=grid-view-small&sz=204&to=3&start=1 195800
[25/12/18 18:31:26][DEBUG]scrape BERLUTI start
[25/12/18 18:31:28][DEBUG]open done OK
[25/12/18 18:31:33][DEBUG]https://www.berluti.com/ja-jp/koa-makishi-sukurittoreza-rongu-jippu-kadohoruda/KOA_MAXI_NEO-JOUR-V2.html?dwvar_KOA__MAXI__NEO-JOUR-V2_color=K02&to=4#viewtype=grid-view-small&sz=204&to=4&start=1 NOTFOUND
[25/12/18 18:31:35][DEBUG]scrape BERLUTI start
[25/12/18 18:31:38][DEBUG]open done OK
[25/12/18 18:31:42][DEBUG]https://www.berluti.com/ja-jp/koa-makishi-sukurittoreza-rongu-jippu-kadohoruda/KOA_MAXI_NEO-JOUR-V2.html?dwvar_KOA__MAXI__NEO-JOUR-V2_color=ML6&to=5#viewtype=grid-view-small&sz=204&to=5&start=1 NOTFOUND
[25/12/18 18:31:44][DEBUG]scrape BERLUTI start
[25/12/18 18:31:46][DEBUG]open done OK
[25/12/18 18:31:48][DEBUG]https://www.berluti.com/ja-jp/makore-sukurittosuwaipureza-u-oretto/MAKORE_NEO_GRADIANT-JOUR-V2.html?dwvar_MAKORE__NEO__GRADIANT-JOUR-V2_color=B07&to=6#viewtype=grid-view-small&sz=204&to=6&start=1 145200
[25/12/18 18:31:50][DEBUG]scrape BERLUTI start
[25/12/18 18:31:52][DEBUG]open done OK
[25/12/18 18:31:54][DEBUG]https://www.berluti.com/ja-jp/makore-sukurittosuwaipureza-u-oretto/MAKORE_NEO_GRADIANT-JOUR-V2.html?dwvar_MAKORE__NEO__GRADIANT-JOUR-V2_color=R78&to=7#viewtype=grid-view-small&sz=204&to=7&start=1 145200
[25/12/18 18:31:56][DEBUG]scrape BERLUTI start
[25/12/18 18:31:59][DEBUG]open done OK
[25/12/18 18:32:01][DEBUG]https://www.berluti.com/ja-jp/koa-makishi-sukurittoreza-rongu-jippu-kadohoruda/KOA_MAXI_NEO2-JOUR-V2.html?dwvar_KOA__MAXI__NEO2-JOUR-V2_color=Y23&to=8#viewtype=grid-view-small&sz=204&to=8&start=1 105600
[25/12/18 18:32:03][DEBUG]scrape BERLUTI start
[25/12/18 18:32:05][DEBUG]open done OK
[25/12/18 18:32:07][DEBUG]https://www.berluti.com/ja-jp/itauba-sukurittoreza-rongu-jippuu-oretto/ITAUBA_NEO2-JOUR-V2.html?dwvar_ITAUBA__NEO2-JOUR-V2_color=K02&to=9#viewtype=grid-view-small&sz=204&to=9&start=1 203500
[25/12/18 18:32:13][DEBUG]scrape BERLUTI start
[25/12/18 18:32:15][DEBUG]open done OK
[25/12/18 18:32:17][DEBUG]https://www.berluti.com/ja-jp/itauba-sukurittoreza-rongu-jippuu-oretto/ITAUBA_NEO2-JOUR-V2.html?dwvar_ITAUBA__NEO2-JOUR-V2_color=ML6&to=10#viewtype=grid-view-small&sz=204&to=10&start=1 203500
[25/12/18 18:32:23][DEBUG]scrape BERLUTI start
[25/12/18 18:32:25][DEBUG]open done OK
[25/12/18 18:32:27][DEBUG]https://www.berluti.com/ja-jp/koa-makishi-sukurittoreza-rongu-jippu-kadohoruda/KOA_MAXI_NEO2-JOUR_SOFTY-V82.html?dwvar_KOA__MAXI__NEO2-JOUR__SOFTY-V82_color=B02&to=11#viewtype=grid-view-small&sz=204&to=11&start=1 105600
[25/12/18 18:32:30][DEBUG]scrape BERLUTI start
[25/12/18 18:32:32][DEBUG]open done OK
[25/12/18 18:32:34][DEBUG]https://www.berluti.com/ja-jp/rozuuddo-sukurittoreza-pochi/ROSEWOOD_NEO-JOUR-V2.html?dwvar_ROSEWOOD__NEO-JOUR-V2_color=BJ3&to=12#viewtype=grid-view-small&sz=204&to=12&start=1 238700
[25/12/18 18:32:36][DEBUG]scrape BERLUTI start
[25/12/18 18:32:38][DEBUG]open done OK
[25/12/18 18:32:40][DEBUG]https://www.berluti.com/ja-jp/rozuuddo-sukurittoreza-pochi/ROSEWOOD_NEO-JOUR-V2.html?dwvar_ROSEWOOD__NEO-JOUR-V2_color=ML6&to=13#viewtype=grid-view-small&sz=204&to=13&start=1 238700
[25/12/18 18:32:42][DEBUG]scrape BERLUTI start
[25/12/18 18:32:44][DEBUG]open done OK
[25/12/18 18:32:46][DEBUG]https://www.berluti.com/ja-jp/makore-surimu-guradianto-sukurittoreza-konpakutou-oretto/MAKORE_SLIM_NEO_GRADIANT-JOUR-V2.html?dwvar_MAKORE__SLIM__NEO__GRADIANT-JOUR-V2_color=BJ3&to=14#viewtype=grid-view-small&sz=204&to=14&start=1 133100
[25/12/18 18:32:52][DEBUG]scrape BERLUTI start
[25/12/18 18:32:54][DEBUG]open done OK
[25/12/18 18:32:57][DEBUG]https://www.berluti.com/ja-jp/makore-surimu-guradianto-sukurittoreza-konpakutou-oretto/MAKORE_SLIM_NEO_GRADIANT-JOUR-V2.html?dwvar_MAKORE__SLIM__NEO__GRADIANT-JOUR-V2_color=RA1&to=15#viewtype=grid-view-small&sz=204&to=15&start=1 133100
[25/12/18 18:33:03][DEBUG]scrape BERLUTI start
[25/12/18 18:33:05][DEBUG]open done OK
[25/12/18 18:33:07][DEBUG]https://www.berluti.com/ja-jp/badi-reza-ronguu-oretto/BADI_LUTI-JOUR-V1.html?dwvar_BADI__LUTI-JOUR-V1_color=MR5&to=16#viewtype=grid-view-small&sz=204&to=16&start=1 276100
[25/12/18 18:33:09][DEBUG]scrape BERLUTI start
[25/12/18 18:33:11][DEBUG]open done OK
[25/12/18 18:33:13][DEBUG]https://www.berluti.com/ja-jp/badi-reza-ronguu-oretto/BADI_LUTI-JOUR-V1.html?dwvar_BADI__LUTI-JOUR-V1_color=KD1&to=17#viewtype=grid-view-small&sz=204&to=17&start=1 276100
[25/12/18 18:33:15][DEBUG]scrape BERLUTI start
[25/12/18 18:33:17][DEBUG]open done OK
[25/12/18 18:33:19][DEBUG]https://www.berluti.com/ja-jp/makore-reza-konpakutou-oretto/MAKORE_NEO_LUTI-JOUR-V1.html?dwvar_MAKORE__NEO__LUTI-JOUR-V1_color=MR5&to=18#viewtype=grid-view-small&sz=204&to=18&start=1 202400
[25/12/18 18:33:22][DEBUG]scrape BERLUTI start
[25/12/18 18:33:23][DEBUG]open done OK
[25/12/18 18:33:25][DEBUG]https://www.berluti.com/ja-jp/makore-reza-konpakutou-oretto/MAKORE_NEO_LUTI-JOUR-V1.html?dwvar_MAKORE__NEO__LUTI-JOUR-V1_color=KD1&to=19#viewtype=grid-view-small&sz=204&to=19&start=1 202400
[25/12/18 18:33:28][DEBUG]scrape BERLUTI start
[25/12/18 18:33:30][DEBUG]open done OK
[25/12/18 18:33:34][DEBUG]https://www.berluti.com/ja-jp/jagua-reza-kadohoruda/JAGUA_NEO_LUTI-JOUR-V1.html?dwvar_JAGUA__NEO__LUTI-JOUR-V1_color=KD1&to=20#viewtype=grid-view-small&sz=204&to=20&start=1 NOTFOUND
[25/12/18 18:33:36][DEBUG]scrape BERLUTI start
[25/12/18 18:33:39][DEBUG]open done OK
[25/12/18 18:33:43][DEBUG]https://www.berluti.com/ja-jp/jagua-reza-kadohoruda/JAGUA_NEO_LUTI-JOUR-V1.html?dwvar_JAGUA__NEO__LUTI-JOUR-V1_color=MR5&to=21#viewtype=grid-view-small&sz=204&to=21&start=1 NOTFOUND
[25/12/18 18:33:45][DEBUG]scrape BERLUTI start
[25/12/18 18:33:47][DEBUG]open done OK
[25/12/18 18:33:49][DEBUG]https://www.berluti.com/ja-jp/makore-sukurittoreza-konpakutou-oretto/MAKORE_NEO-JOUR_SOFTY-V82.html?dwvar_MAKORE__NEO-JOUR__SOFTY-V82_color=B02&to=22#viewtype=grid-view-small&sz=204&to=22&start=1 127600
[25/12/18 18:33:51][DEBUG]scrape BERLUTI start
[25/12/18 18:33:53][DEBUG]open done OK
[25/12/18 18:33:55][DEBUG]https://www.berluti.com/ja-jp/inbuia-sukurittoreza-kadohoruda/IMBUIA_NEO-JOUR_SOFTY-V82.html?dwvar_IMBUIA__NEO-JOUR__SOFTY-V82_color=B02&to=23#viewtype=grid-view-small&sz=204&to=23&start=1 99000
[25/12/18 18:34:02][DEBUG]scrape BERLUTI start
[25/12/18 18:34:08][DEBUG]open done OK
[25/12/18 18:34:10][DEBUG]https://www.berluti.com/ja-jp/akaju-sukurittoreza-konpakutou-oretto/ACAJOU_NEO-JOUR_SOFTY-V82.html?dwvar_ACAJOU__NEO-JOUR__SOFTY-V82_color=B02&to=24#viewtype=grid-view-small&sz=204&to=24&start=1 136400
[25/12/18 18:34:12][DEBUG]scrape BERLUTI start
[25/12/18 18:34:14][DEBUG]open done OK
[25/12/18 18:34:16][DEBUG]https://www.berluti.com/ja-jp/santal-scritto-leather-long-wallet/SANTAL_NEO-JOUR_SOFTY-V82.html?dwvar_SANTAL__NEO-JOUR__SOFTY-V82_color=B02&to=25#viewtype=grid-view-small&sz=204&to=25&start=1 174900
[25/12/18 18:34:19][DEBUG]scrape BERLUTI start
[25/12/18 18:34:21][DEBUG]open done OK
[25/12/18 18:34:23][DEBUG]https://www.berluti.com/ja-jp/banbu-sukurittoreza-kadohoruda/BAMBOU_NEO-JOUR_SOFTY-V82.html?dwvar_BAMBOU__NEO-JOUR__SOFTY-V82_color=B02&to=26#viewtype=grid-view-small&sz=204&to=26&start=1 68200
[25/12/18 18:34:25][DEBUG]scrape BERLUTI start
[25/12/18 18:34:27][DEBUG]open done OK
[25/12/18 18:34:29][DEBUG]https://www.berluti.com/ja-jp/esukeru-sukurittosuwaipureza-pasupotohoruda/ESCALE_NEO-JOUR-V2.html?dwvar_ESCALE__NEO-JOUR-V2_color=ML6&to=27#viewtype=grid-view-small&sz=204&to=27&start=1 108900
[25/12/18 18:34:35][DEBUG]scrape BERLUTI start
[25/12/18 18:34:38][DEBUG]open done OK
[25/12/18 18:34:40][DEBUG]https://www.berluti.com/ja-jp/esukaru-guradianto-sukurittoreza-pasupotohoruda/ESCALE_NEO_GRADIANT-JOUR-V2.html?dwvar_ESCALE__NEO__GRADIANT-JOUR-V2_color=BJ3&to=28#viewtype=grid-view-small&sz=204&to=28&start=1 118800
[25/12/18 18:34:46][DEBUG]scrape BERLUTI start
[25/12/18 18:34:48][DEBUG]open done OK
[25/12/18 18:34:52][DEBUG]https://www.berluti.com/ja-jp/itauba-towaru-marubufu-rongu-jippuu-oretto/ITAUBA_NEO-TOILE_MARBEUF-T19.html?dwvar_ITAUBA__NEO-TOILE__MARBEUF-T19_color=MO5&to=29#viewtype=grid-view-small&sz=204&to=29&start=1 NOTFOUND
[25/12/18 18:34:54][DEBUG]scrape BERLUTI start
[25/12/18 18:34:56][DEBUG]open done OK
[25/12/18 18:34:58][DEBUG]https://www.berluti.com/ja-jp/itauba-arigeta-rezajippu-zhang-cai-bu-berurutti/ITAUBA-ALLIGATOR-E2.html?dwvar_ITAUBA-ALLIGATOR-E2_color=B01&to=30#viewtype=grid-view-small&sz=204&to=30&start=1 885500
[25/12/18 18:35:00][DEBUG]scrape BERLUTI start
[25/12/18 18:35:02][DEBUG]open done OK
[25/12/18 18:35:04][DEBUG]https://www.berluti.com/ja-jp/itauba-arigeta-rezajippu-zhang-cai-bu-berurutti/ITAUBA-ALLIGATOR-E2.html?dwvar_ITAUBA-ALLIGATOR-E2_color=M04&to=31#viewtype=grid-view-small&sz=204&to=31&start=1 885500
[25/12/18 18:35:06][DEBUG]scrape BERLUTI start
[25/12/18 18:35:08][DEBUG]open done OK
[25/12/18 18:35:10][DEBUG]https://www.berluti.com/ja-jp/makorearigetarezakonpakuto-cai-bu/MAKORE-ALLIGATOR-E2.html?dwvar_MAKORE-ALLIGATOR-E2_color=B01&to=32#viewtype=grid-view-small&sz=204&to=32&start=1 561000
[25/12/18 18:35:13][DEBUG]scrape BERLUTI start
[25/12/18 18:35:14][DEBUG]open done OK
[25/12/18 18:35:17][DEBUG]https://www.berluti.com/ja-jp/makorearigetarezakonpakuto-cai-bu/MAKORE-ALLIGATOR-E2.html?dwvar_MAKORE-ALLIGATOR-E2_color=M04&to=33#viewtype=grid-view-small&sz=204&to=33&start=1 561000
[25/12/18 18:35:19][DEBUG]scrape BERLUTI start
[25/12/18 18:35:21][DEBUG]open done OK
[25/12/18 18:35:23][DEBUG]https://www.berluti.com/ja-jp/tersio-arigetarezaoruinwan-berurutti/TERSIO-ALLIGATOR-E2.html?dwvar_TERSIO-ALLIGATOR-E2_color=M04&to=34#viewtype=grid-view-small&sz=204&to=34&start=1 1331000
[25/12/18 18:35:25][DEBUG]scrape BERLUTI start
[25/12/18 18:35:27][DEBUG]open done OK
[25/12/18 18:35:29][DEBUG]https://www.berluti.com/ja-jp/jaguaarigetarezakadohoruda/JAGUA-ALLIGATOR-E2.html?dwvar_JAGUA-ALLIGATOR-E2_color=M03&to=35#viewtype=grid-view-small&sz=204&to=35&start=1 419100
[25/12/18 18:35:36][DEBUG]scrape BERLUTI start
[25/12/18 18:35:38][DEBUG]open done OK
[25/12/18 18:35:40][DEBUG]https://www.berluti.com/ja-jp/bambouarigetarezakadohoruda/BAMBOU-ALLIGATOR-E2.html?dwvar_BAMBOU-ALLIGATOR-E2_color=M03&to=36#viewtype=grid-view-small&sz=204&to=36&start=1 213400
[25/12/18 18:35:42][DEBUG]scrape BERLUTI start
[25/12/18 18:35:44][DEBUG]open done OK
[25/12/18 18:35:46][DEBUG]https://www.berluti.com/ja-jp/santaru-sukurittoreza-jippuronguu-oretto/SANTAL_NEO-JOUR-V2.html?dwvar_SANTAL__NEO-JOUR-V2_color=K02&to=37#viewtype=grid-view-small&sz=204&to=37&start=1 174900
[25/12/18 18:35:48][DEBUG]scrape BERLUTI start
[25/12/18 18:35:50][DEBUG]open done OK
[25/12/18 18:35:52][DEBUG]https://www.berluti.com/ja-jp/santaru-sukurittoreza-jippuronguu-oretto/SANTAL_NEO-JOUR-V2.html?dwvar_SANTAL__NEO-JOUR-V2_color=ML6&to=38#viewtype=grid-view-small&sz=204&to=38&start=1 174900
[25/12/18 18:35:54][DEBUG]scrape BERLUTI start
[25/12/18 18:35:56][DEBUG]open done OK
[25/12/18 18:35:58][DEBUG]https://www.berluti.com/ja-jp/tiriwa-tiriwa-rezaoruinwan/TIRIWA_NEO-JOUR-V2.html?dwvar_TIRIWA__NEO-JOUR-V2_color=ML6&to=39#viewtype=grid-view-small&sz=204&to=39&start=1 282700
[25/12/18 18:36:00][DEBUG]scrape BERLUTI start
[25/12/18 18:36:03][DEBUG]open done OK
[25/12/18 18:36:05][DEBUG]https://www.berluti.com/ja-jp/terushio-reza-oruinwan/TERSIO_NEO-JOUR-V2.html?dwvar_TERSIO__NEO-JOUR-V2_color=K02&to=40#viewtype=grid-view-small&sz=204&to=40&start=1 324500
[25/12/18 18:36:07][DEBUG]scrape BERLUTI start
[25/12/18 18:36:09][DEBUG]open done OK
[25/12/18 18:36:11][DEBUG]https://www.berluti.com/ja-jp/terushio-reza-oruinwan/TERSIO_NEO-JOUR-V2.html?dwvar_TERSIO__NEO-JOUR-V2_color=G11&to=41#viewtype=grid-view-small&sz=204&to=41&start=1 324500
[25/12/18 18:36:14][DEBUG]scrape BERLUTI start
[25/12/18 18:36:16][DEBUG]open done OK
[25/12/18 18:36:20][DEBUG]https://www.berluti.com/ja-jp/makore-reza-arigetareza-konpakutou-oretto/MAKORE_NEO_BE_RR-BE_RAPIECE_REPRISE-VC.html?dwvar_MAKORE__NEO__BE__RR-BE__RAPIECE__REPRISE-VC_color=MH2&to=42#viewtype=grid-view-small&sz=204&to=42&start=1 NOTFOUND
[25/12/18 18:36:23][DEBUG]scrape BERLUTI start
[25/12/18 18:36:24][DEBUG]open done OK
[25/12/18 18:36:28][DEBUG]https://www.berluti.com/ja-jp/makore-sukurittoreza-konpakutou-oretto/MAKORE_NEO_BE_RR-BE_RAPIECE_REPRISE-V2.html?dwvar_MAKORE__NEO__BE__RR-BE__RAPIECE__REPRISE-V2_color=R79&to=43#viewtype=grid-view-small&sz=204&to=43&start=1 NOTFOUND
[25/12/18 18:36:31][DEBUG]scrape BERLUTI start
[25/12/18 18:36:33][DEBUG]open done OK
[25/12/18 18:36:38][DEBUG]https://www.berluti.com/ja-jp/figyua-koin-sukurittoreza-u-oretto/FIGURE_COIN-JOUR-V2.html?dwvar_FIGURE__COIN-JOUR-V2_color=ML6&to=44#viewtype=grid-view-small&sz=204&to=44&start=1 NOTFOUND
[25/12/18 18:36:40][DEBUG]scrape BERLUTI start
[25/12/18 18:36:43][DEBUG]open done OK
[25/12/18 18:36:47][DEBUG]https://www.berluti.com/ja-jp/jagua-sukurittoreza-kadohoruda/JAGUA_NEO-JOUR_TANGRAM-V88.html?dwvar_JAGUA__NEO-JOUR__TANGRAM-V88_color=MQ8&to=45#viewtype=grid-view-small&sz=204&to=45&start=1 NOTFOUND
[25/12/18 18:36:50][DEBUG]scrape BERLUTI start
[25/12/18 18:36:52][DEBUG]open done OK
[25/12/18 18:36:54][DEBUG]https://www.berluti.com/ja-jp/banbu-sukurittoreza-kadohoruda/BAMBOU_NEO-JOUR_TANGRAM-V88.html?dwvar_BAMBOU__NEO-JOUR__TANGRAM-V88_color=MQ8&to=46#viewtype=grid-view-small&sz=204&to=46&start=1 69300
[25/12/18 18:36:56][DEBUG]scrape BERLUTI start
[25/12/18 18:36:58][DEBUG]open done OK
[25/12/18 18:37:00][DEBUG]https://www.berluti.com/ja-jp/inbuia-sukurittoreza-kadohoruda/IMBUIA_NEO-JOUR_TANGRAM-V88.html?dwvar_IMBUIA__NEO-JOUR__TANGRAM-V88_color=MQ8&to=47#viewtype=grid-view-small&sz=204&to=47&start=1 104500
[25/12/18 18:37:02][DEBUG]scrape BERLUTI start
[25/12/18 18:37:04][DEBUG]open done OK
[25/12/18 18:37:06][DEBUG]https://www.berluti.com/ja-jp/tari-sukurittoreza-rongujippuu-oretto/TALI_NEO-JOUR_TANGRAM-V87.html?dwvar_TALI__NEO-JOUR__TANGRAM-V87_color=G89&to=48#viewtype=grid-view-small&sz=204&to=48&start=1 361900
[25/12/18 18:37:13][DEBUG]scrape BERLUTI start
[25/12/18 18:37:15][DEBUG]open done OK
[25/12/18 18:37:17][DEBUG]https://www.berluti.com/ja-jp/makore-sukurittoreza-konpakutou-oretto/MAKORE_NEO-JOUR_TANGRAM-V87.html?dwvar_MAKORE__NEO-JOUR__TANGRAM-V87_color=G89&to=49#viewtype=grid-view-small&sz=204&to=49&start=1 139700
[25/12/18 18:37:23][DEBUG]scrape BERLUTI start
[25/12/18 18:37:25][DEBUG]open done OK
[25/12/18 18:37:27][DEBUG]https://www.berluti.com/ja-jp/itauba-sukuea-guradianto-sukurittoreza-u-oretto/ITAUBA_SQUARE_NEO_GRADIANT-JOUR-V2.html?dwvar_ITAUBA__SQUARE__NEO__GRADIANT-JOUR-V2_color=MR5&to=50#viewtype=grid-view-small&sz=204&to=50&start=1 156200
[25/12/18 18:37:29][DEBUG]scrape BERLUTI start
[25/12/18 18:37:31][DEBUG]open done OK
[25/12/18 18:37:33][DEBUG]https://www.berluti.com/ja-jp/wapa-guradianto-sukurittoreza-koinpasu/WAPA_NEO_GRADIANT-JOUR-V2.html?dwvar_WAPA__NEO__GRADIANT-JOUR-V2_color=BJ3&to=51#viewtype=grid-view-small&sz=204&to=51&start=1 133100
[25/12/18 18:37:35][DEBUG]scrape BERLUTI start
[25/12/18 18:37:37][DEBUG]open done OK
[25/12/18 18:37:39][DEBUG]https://www.berluti.com/ja-jp/wapa-guradianto-sukurittoreza-koinpasu/WAPA_NEO_GRADIANT-JOUR-V2.html?dwvar_WAPA__NEO__GRADIANT-JOUR-V2_color=RA1&to=52#viewtype=grid-view-small&sz=204&to=52&start=1 133100
[25/12/18 18:37:41][DEBUG]scrape BERLUTI start
[25/12/18 18:37:43][DEBUG]open done OK
[25/12/18 18:37:45][DEBUG]https://www.berluti.com/ja-jp/wapa-sukurittoreza-jippu-fukikoinpasu/WAPA_NEO-JOUR-V2.html?dwvar_WAPA__NEO-JOUR-V2_color=G11&to=53#viewtype=grid-view-small&sz=204&to=53&start=1 113300
[25/12/18 18:37:47][DEBUG]scrape BERLUTI start
[25/12/18 18:37:49][DEBUG]open done OK
[25/12/18 18:37:51][DEBUG]https://www.berluti.com/ja-jp/wapa-sukurittoreza-jippu-fukikoinpasu/WAPA_NEO-JOUR-V2.html?dwvar_WAPA__NEO-JOUR-V2_color=K02&to=54#viewtype=grid-view-small&sz=204&to=54&start=1 113300
[25/12/18 18:37:53][DEBUG]scrape BERLUTI start
[25/12/18 18:37:55][DEBUG]open done OK
[25/12/18 18:37:57][DEBUG]https://www.berluti.com/ja-jp/wapa-sukurittoreza-jippu-fukikoinpasu/WAPA_NEO-JOUR-V2.html?dwvar_WAPA__NEO-JOUR-V2_color=ML6&to=55#viewtype=grid-view-small&sz=204&to=55&start=1 113300
[25/12/18 18:37:59][DEBUG]scrape BERLUTI start
[25/12/18 18:38:01][DEBUG]open done OK
[25/12/18 18:38:03][DEBUG]https://www.berluti.com/ja-jp/wapa-sukurittoreza-jippu-fukikoinpasu/WAPA_NEO-JOUR-V2.html?dwvar_WAPA__NEO-JOUR-V2_color=KE4&to=56#viewtype=grid-view-small&sz=204&to=56&start=1 113300
[25/12/18 18:38:05][DEBUG]scrape BERLUTI start
[25/12/18 18:38:07][DEBUG]open done OK
[25/12/18 18:38:09][DEBUG]https://www.berluti.com/ja-jp/wapa-sukurittoreza-jippu-fukikoinpasu/WAPA_NEO-JOUR-V2.html?dwvar_WAPA__NEO-JOUR-V2_color=KE5&to=57#viewtype=grid-view-small&sz=204&to=57&start=1 113300
[25/12/18 18:38:12][DEBUG]scrape BERLUTI start
[25/12/18 18:38:14][DEBUG]open done OK
[25/12/18 18:38:16][DEBUG]https://www.berluti.com/ja-jp/wapa-sukurittoreza-jippu-fukikoinpasu/WAPA_NEO-JOUR-V2.html?dwvar_WAPA__NEO-JOUR-V2_color=J10&to=58#viewtype=grid-view-small&sz=204&to=58&start=1 113300
[25/12/18 18:38:18][DEBUG]scrape BERLUTI start
[25/12/18 18:38:20][DEBUG]open done OK
[25/12/18 18:38:22][DEBUG]https://www.berluti.com/ja-jp/wapa-sukurittoreza-jippu-fukikoinpasu/WAPA_NEO-JOUR-V2.html?dwvar_WAPA__NEO-JOUR-V2_color=J12&to=59#viewtype=grid-view-small&sz=204&to=59&start=1 113300
[25/12/18 18:38:24][DEBUG]scrape BERLUTI start
[25/12/18 18:38:27][DEBUG]open done OK
[25/12/18 18:38:31][DEBUG]https://www.berluti.com/ja-jp/sukurittoreza-iphone-16-pro-maxforio/IPHONE_16_PRO_MAX_FOLIO-SCRITTO-V2.html?dwvar_IPHONE__16__PRO__MAX__FOLIO-SCRITTO-V2_color=KD4&to=60#viewtype=grid-view-small&sz=204&to=60&start=1 NOTFOUND
[25/12/18 18:38:33][DEBUG]scrape BERLUTI start
[25/12/18 18:38:35][DEBUG]open done OK
[25/12/18 18:38:39][DEBUG]https://www.berluti.com/ja-jp/sukurittoreza-iphone-16-prokesu/IPHONE_16_PRO_CASE-SCRITTO-V2.html?dwvar_IPHONE__16__PRO__CASE-SCRITTO-V2_color=KD4&to=61#viewtype=grid-view-small&sz=204&to=61&start=1 NOTFOUND
[25/12/18 18:38:42][DEBUG]scrape BERLUTI start
[25/12/18 18:38:44][DEBUG]open done OK
[25/12/18 18:38:48][DEBUG]https://www.berluti.com/ja-jp/sukurittoreza-iphone-16-pro-maxkesu/IPHONE_16_PRO_MAX_CASE-SCRITTO-V2.html?dwvar_IPHONE__16__PRO__MAX__CASE-SCRITTO-V2_color=KD4&to=62#viewtype=grid-view-small&sz=204&to=62&start=1 NOTFOUND
[25/12/18 18:38:50][DEBUG]scrape BERLUTI start
[25/12/18 18:38:52][DEBUG]open done OK
[25/12/18 18:38:56][DEBUG]https://www.berluti.com/ja-jp/sukurittoreza-iphone-15-pro-maxkesu/IPHONE_15_PRO_MAX_CASE-SCRITTO-V2.html?dwvar_IPHONE__15__PRO__MAX__CASE-SCRITTO-V2_color=B07&to=63#viewtype=grid-view-small&sz=204&to=63&start=1 NOTFOUND
[25/12/18 18:38:59][DEBUG]scrape BERLUTI start
[25/12/18 18:39:01][DEBUG]open done OK
[25/12/18 18:39:05][DEBUG]https://www.berluti.com/ja-jp/sukurittoreza-iphone-16-proforio/IPHONE_16_PRO_FOLIO-SCRITTO-V2.html?dwvar_IPHONE__16__PRO__FOLIO-SCRITTO-V2_color=KD4&to=64#viewtype=grid-view-small&sz=204&to=64&start=1 NOTFOUND
[25/12/18 18:39:07][DEBUG]scrape BERLUTI start
[25/12/18 18:39:10][DEBUG]open done OK
[25/12/18 18:39:12][DEBUG]https://www.berluti.com/ja-jp/sukurittoreza-magunetto-shikadohoruda/MAGNETIC_CARD_HOLDER-SCRITTO-V2.html?dwvar_MAGNETIC__CARD__HOLDER-SCRITTO-V2_color=KD4&to=65#viewtype=grid-view-small&sz=204&to=65&start=1 60500
[25/12/18 18:39:14][DEBUG]scrape BERLUTI start
[25/12/18 18:39:17][DEBUG]open done OK
[25/12/18 18:39:21][DEBUG]https://www.berluti.com/ja-jp/sukurittoreza-iphone-15-prokesu/IPHONE_15_PRO_CASE-SCRITTO-V2.html?dwvar_IPHONE__15__PRO__CASE-SCRITTO-V2_color=MH2&to=66#viewtype=grid-view-small&sz=204&to=66&start=1 NOTFOUND
[25/12/18 18:39:23][DEBUG]scrape BERLUTI start
[25/12/18 18:39:25][DEBUG]open done OK
[25/12/18 18:39:29][DEBUG]https://www.berluti.com/ja-jp/sukurittoreza-iphone-15-prokesu/IPHONE_15_PRO_CASE-SCRITTO-V2.html?dwvar_IPHONE__15__PRO__CASE-SCRITTO-V2_color=B07&to=67#viewtype=grid-view-small&sz=204&to=67&start=1 NOTFOUND
[25/12/18 18:39:32][DEBUG]scrape BERLUTI start
[25/12/18 18:39:33][DEBUG]open done OK
[25/12/18 18:39:36][DEBUG]https://www.berluti.com/ja-jp/sukurittoreza-iphone-16-prokesu/IPHONE_16_PRO_CASE-SCRITTO-V82.html?dwvar_IPHONE__16__PRO__CASE-SCRITTO-V82_color=B02&to=68#viewtype=grid-view-small&sz=204&to=68&start=1 77550
[25/12/18 18:39:38][DEBUG]scrape BERLUTI start
[25/12/18 18:39:40][DEBUG]open done OK
[25/12/18 18:39:42][DEBUG]https://www.berluti.com/ja-jp/sukurittoreza-iphone-16-proforio/IPHONE_16_PRO_FOLIO-SCRITTO-V82.html?dwvar_IPHONE__16__PRO__FOLIO-SCRITTO-V82_color=B02&to=69#viewtype=grid-view-small&sz=204&to=69&start=1 97900
[25/12/18 18:39:44][DEBUG]scrape BERLUTI start
[25/12/18 18:39:46][DEBUG]open done OK
[25/12/18 18:39:50][DEBUG]https://www.berluti.com/ja-jp/sukurittoreza-iphone-15-pro-maxforio/IPHONE_15_PRO_MAX_FOLIO-SCRITTO-V2.html?dwvar_IPHONE__15__PRO__MAX__FOLIO-SCRITTO-V2_color=B07&to=70#viewtype=grid-view-small&sz=204&to=70&start=1 NOTFOUND
[25/12/18 18:39:52][DEBUG]scrape BERLUTI start
[25/12/18 18:39:55][DEBUG]open done OK
[25/12/18 18:39:59][DEBUG]https://www.berluti.com/ja-jp/sukurittoreza-airpods-prokesu/AIRPODS_PRO_CASE-SCRITTO-V2.html?dwvar_AIRPODS__PRO__CASE-SCRITTO-V2_color=G27&to=71#viewtype=grid-view-small&sz=204&to=71&start=1 NOTFOUND
[25/12/18 18:40:01][DEBUG]scrape BERLUTI start
[25/12/18 18:40:04][DEBUG]open done OK
[25/12/18 18:40:08][DEBUG]https://www.berluti.com/ja-jp/itauba-waido-guradianto-sukurittoreza-rongu-jippuu-oretto/ITAUBA_WIDE_NEO_GRADIANT-JOUR-V2.html?dwvar_ITAUBA__WIDE__NEO__GRADIANT-JOUR-V2_color=B07&to=72#viewtype=grid-view-small&sz=204&to=72&start=1 NOTFOUND
[25/12/18 18:40:10][DEBUG]scrape BERLUTI start
[25/12/18 18:40:13][DEBUG]open done OK
[25/12/18 18:40:17][DEBUG]https://www.berluti.com/ja-jp/itauba-waido-guradianto-sukurittoreza-rongu-jippuu-oretto/ITAUBA_WIDE_NEO_GRADIANT-JOUR-V2.html?dwvar_ITAUBA__WIDE__NEO__GRADIANT-JOUR-V2_color=KH6&to=73#viewtype=grid-view-small&sz=204&to=73&start=1 NOTFOUND
[25/12/18 18:40:19][DEBUG]scrape BERLUTI start
[25/12/18 18:40:21][DEBUG]open done OK
[25/12/18 18:40:23][DEBUG]https://www.berluti.com/ja-jp/koa-rojikku-sukurittoreza-jippu-kadohoruda/KOA_LOGIC_NEO-JOUR-V2.html?dwvar_KOA__LOGIC__NEO-JOUR-V2_color=ML6&to=74#viewtype=grid-view-small&sz=204&to=74&start=1 101200
[25/12/18 18:40:25][DEBUG]scrape BERLUTI start
[25/12/18 18:40:26][DEBUG]open done OK
[25/12/18 18:40:29][DEBUG]https://www.berluti.com/ja-jp/koto-sukurittoreza-jippu-kihoruda/KOTO_NEO-JOUR-V2.html?dwvar_KOTO__NEO-JOUR-V2_color=K02&to=75#viewtype=grid-view-small&sz=204&to=75&start=1 124300
[25/12/18 18:40:31][DEBUG]scrape BERLUTI start
[25/12/18 18:40:32][DEBUG]open done OK
[25/12/18 18:40:34][DEBUG]https://www.berluti.com/ja-jp/sukurittoreza-1ben-yongu-otchikesu/WATCH_CASE_1_NEO-SCRITTO-V2.html?dwvar_WATCH__CASE__1__NEO-SCRITTO-V2_color=ML6&to=76#viewtype=grid-view-small&sz=204&to=76&start=1 177100
[25/12/18 18:40:37][DEBUG]scrape BERLUTI start
[25/12/18 18:40:39][DEBUG]open done OK
[25/12/18 18:40:41][DEBUG]https://www.berluti.com/ja-jp/sukurittoreza-1ben-yongu-otchikesu/WATCH_CASE_1_NEO-SCRITTO-V2.html?dwvar_WATCH__CASE__1__NEO-SCRITTO-V2_color=F06&to=77#viewtype=grid-view-small&sz=204&to=77&start=1 177100
[25/12/18 18:40:43][DEBUG]scrape BERLUTI start
[25/12/18 18:40:45][DEBUG]open done OK
[25/12/18 18:40:47][DEBUG]https://www.berluti.com/ja-jp/sukurittoreza-1ben-yongu-otchikesu/WATCH_CASE_1_NEO-SCRITTO-V2.html?dwvar_WATCH__CASE__1__NEO-SCRITTO-V2_color=G11&to=78#viewtype=grid-view-small&sz=204&to=78&start=1 177100
[25/12/18 18:40:49][DEBUG]scrape BERLUTI start
[25/12/18 18:40:51][DEBUG]open done OK
[25/12/18 18:40:53][DEBUG]https://www.berluti.com/ja-jp/sukurittoreza-1ben-yongu-otchikesu/WATCH_CASE_1_NEO-SCRITTO-V2.html?dwvar_WATCH__CASE__1__NEO-SCRITTO-V2_color=G02&to=79#viewtype=grid-view-small&sz=204&to=79&start=1 177100
[25/12/18 18:40:55][DEBUG]scrape BERLUTI start
[25/12/18 18:40:57][DEBUG]open done OK
[25/12/18 18:40:59][DEBUG]https://www.berluti.com/ja-jp/sukurittoreza-1ben-yongu-otchikesu/WATCH_CASE_1_NEO-SCRITTO-V2.html?dwvar_WATCH__CASE__1__NEO-SCRITTO-V2_color=R35&to=80#viewtype=grid-view-small&sz=204&to=80&start=1 177100
[25/12/18 18:41:01][DEBUG]scrape BERLUTI start
[25/12/18 18:41:03][DEBUG]open done OK
[25/12/18 18:41:05][DEBUG]https://www.berluti.com/ja-jp/sukurittoreza-3ben-yongu-otchikesu/WATCH_CASE_3_NEO-SCRITTO_SWIPE-V2.html?dwvar_WATCH__CASE__3__NEO-SCRITTO__SWIPE-V2_color=ML6&to=81#viewtype=grid-view-small&sz=204&to=81&start=1 290400
[25/12/18 18:41:12][DEBUG]scrape BERLUTI start
[25/12/18 18:41:14][DEBUG]open done OK
[25/12/18 18:41:16][DEBUG]https://www.berluti.com/ja-jp/sukurittoreza-3ben-yongu-otchikesu/WATCH_CASE_3_NEO-SCRITTO_SWIPE-V2.html?dwvar_WATCH__CASE__3__NEO-SCRITTO__SWIPE-V2_color=BJ3&to=82#viewtype=grid-view-small&sz=204&to=82&start=1 290400
[25/12/18 18:41:22][DEBUG]scrape BERLUTI start
[25/12/18 18:41:24][DEBUG]open done OK
[25/12/18 18:41:26][DEBUG]https://www.berluti.com/ja-jp/sukurittoreza-3ben-yongu-otchikesu/WATCH_CASE_3_NEO-SCRITTO_SWIPE-V2.html?dwvar_WATCH__CASE__3__NEO-SCRITTO__SWIPE-V2_color=B07&to=83#viewtype=grid-view-small&sz=204&to=83&start=1 290400
[25/12/18 18:41:32][DEBUG]scrape BERLUTI start
[25/12/18 18:41:34][DEBUG]open done OK
[25/12/18 18:41:36][DEBUG]https://www.berluti.com/ja-jp/sukurittoreza-3ben-yongu-otchikesu/WATCH_CASE_3_NEO-SCRITTO_SWIPE-V2.html?dwvar_WATCH__CASE__3__NEO-SCRITTO__SWIPE-V2_color=MQ4&to=84#viewtype=grid-view-small&sz=204&to=84&start=1 290400
[25/12/18 18:41:42][DEBUG]scrape BERLUTI start
[25/12/18 18:41:44][DEBUG]open done OK
[25/12/18 18:41:46][DEBUG]https://www.berluti.com/ja-jp/sukurittoreza-3ben-yongu-otchikesu/WATCH_CASE_3_NEO-SCRITTO_SWIPE-V2.html?dwvar_WATCH__CASE__3__NEO-SCRITTO__SWIPE-V2_color=G27&to=85#viewtype=grid-view-small&sz=204&to=85&start=1 290400
[25/12/18 18:41:52][DEBUG]scrape BERLUTI start
[25/12/18 18:41:54][DEBUG]open done OK
[25/12/18 18:41:56][DEBUG]https://www.berluti.com/ja-jp/tari-sukurittoreza-rongujippuu-oretto/TALI_NEO-JOUR-V2.html?dwvar_TALI__NEO-JOUR-V2_color=K02&to=86#viewtype=grid-view-small&sz=204&to=86&start=1 342100
[25/12/18 18:41:59][DEBUG]scrape BERLUTI start
[25/12/18 18:42:00][DEBUG]open done OK
[25/12/18 18:42:02][DEBUG]https://www.berluti.com/ja-jp/tari-sukurittoreza-rongujippuu-oretto/TALI_NEO-JOUR-V2.html?dwvar_TALI__NEO-JOUR-V2_color=KE4&to=87#viewtype=grid-view-small&sz=204&to=87&start=1 342100
[25/12/18 18:42:05][DEBUG]scrape BERLUTI start
[25/12/18 18:42:07][DEBUG]open done OK
[25/12/18 18:42:09][DEBUG]https://www.berluti.com/ja-jp/tari-sukurittoreza-rongujippuu-oretto/TALI_NEO-JOUR-V2.html?dwvar_TALI__NEO-JOUR-V2_color=KE5&to=88#viewtype=grid-view-small&sz=204&to=88&start=1 342100
[25/12/18 18:42:11][DEBUG]scrape BERLUTI start
[25/12/18 18:42:13][DEBUG]open done OK
[25/12/18 18:42:15][DEBUG]https://www.berluti.com/ja-jp/tari-sukurittoreza-rongujippuu-oretto/TALI_NEO-JOUR-V2.html?dwvar_TALI__NEO-JOUR-V2_color=J12&to=89#viewtype=grid-view-small&sz=204&to=89&start=1 342100
[25/12/18 18:42:17][DEBUG]scrape BERLUTI start
[25/12/18 18:42:19][DEBUG]open done OK
[25/12/18 18:42:21][DEBUG]https://www.berluti.com/ja-jp/tari-sukurittoreza-rongujippuu-oretto/TALI_NEO-JOUR-V2.html?dwvar_TALI__NEO-JOUR-V2_color=J10&to=90#viewtype=grid-view-small&sz=204&to=90&start=1 342100
[25/12/18 18:42:23][DEBUG]scrape BERLUTI start
[25/12/18 18:42:25][DEBUG]open done OK
[25/12/18 18:42:27][DEBUG]https://www.berluti.com/ja-jp/orijinsukuritto-rezakoinpasu/ORIGINE_NEO-JOUR-V2.html?dwvar_ORIGINE__NEO-JOUR-V2_color=K02&to=91#viewtype=grid-view-small&sz=204&to=91&start=1 68200
[25/12/18 18:42:29][DEBUG]scrape BERLUTI start
[25/12/18 18:42:31][DEBUG]open done OK
[25/12/18 18:42:34][DEBUG]https://www.berluti.com/ja-jp/orijinsukuritto-rezakoinpasu/ORIGINE_NEO-JOUR-V2.html?dwvar_ORIGINE__NEO-JOUR-V2_color=Y23&to=92#viewtype=grid-view-small&sz=204&to=92&start=1 68200
[25/12/18 18:42:36][DEBUG]scrape BERLUTI start
[25/12/18 18:42:38][DEBUG]open done OK
[25/12/18 18:42:40][DEBUG]https://www.berluti.com/ja-jp/makore-sukurittoreza-konpakutou-oretto/MAKORE_NEO-JOUR-V2.html?dwvar_MAKORE__NEO-JOUR-V2_color=G11&to=93#viewtype=grid-view-small&sz=204&to=93&start=1 127600
[25/12/18 18:42:42][DEBUG]scrape BERLUTI start
[25/12/18 18:42:44][DEBUG]open done OK
[25/12/18 18:42:46][DEBUG]https://www.berluti.com/ja-jp/makore-sukurittoreza-konpakutou-oretto/MAKORE_NEO-JOUR-V2.html?dwvar_MAKORE__NEO-JOUR-V2_color=K02&to=94#viewtype=grid-view-small&sz=204&to=94&start=1 127600
[25/12/18 18:42:48][DEBUG]scrape BERLUTI start
[25/12/18 18:42:50][DEBUG]open done OK
[25/12/18 18:42:52][DEBUG]https://www.berluti.com/ja-jp/makore-sukurittoreza-konpakutou-oretto/MAKORE_NEO-JOUR-V2.html?dwvar_MAKORE__NEO-JOUR-V2_color=ML6&to=95#viewtype=grid-view-small&sz=204&to=95&start=1 127600
[25/12/18 18:42:55][DEBUG]scrape BERLUTI start
[25/12/18 18:42:56][DEBUG]open done OK
[25/12/18 18:43:00][DEBUG]https://www.berluti.com/ja-jp/makore-towaru-marubufu-u-oretto/MAKORE_NEO-TOILE_MARBEUF-T19.html?dwvar_MAKORE__NEO-TOILE__MARBEUF-T19_color=MO5&to=96#viewtype=grid-view-small&sz=204&to=96&start=1 NOTFOUND
[25/12/18 18:43:03][DEBUG]scrape BERLUTI start
[25/12/18 18:43:04][DEBUG]open done OK
[25/12/18 18:43:07][DEBUG]https://www.berluti.com/ja-jp/akaju-sukurittoreza-u-oretto/ACAJOU_NEO-JOUR-V2.html?dwvar_ACAJOU__NEO-JOUR-V2_color=ML6&to=97#viewtype=grid-view-small&sz=204&to=97&start=1 136400
[25/12/18 18:43:09][DEBUG]scrape BERLUTI start
[25/12/18 18:43:11][DEBUG]open done OK
[25/12/18 18:43:13][DEBUG]https://www.berluti.com/ja-jp/itauba-sukuea-sukurittoreza-jippuu-oretto/ITAUBA_SQUARE_NEO-JOUR-V2.html?dwvar_ITAUBA__SQUARE__NEO-JOUR-V2_color=K02&to=98#viewtype=grid-view-small&sz=204&to=98&start=1 156200
[25/12/18 18:43:15][DEBUG]scrape BERLUTI start
[25/12/18 18:43:17][DEBUG]open done OK
[25/12/18 18:43:19][DEBUG]https://www.berluti.com/ja-jp/itauba-sukuea-sukurittoreza-jippuu-oretto/ITAUBA_SQUARE_NEO-JOUR-V2.html?dwvar_ITAUBA__SQUARE__NEO-JOUR-V2_color=R78&to=99#viewtype=grid-view-small&sz=204&to=99&start=1 156200
[25/12/18 18:43:21][DEBUG]scrape BERLUTI start
[25/12/18 18:43:23][DEBUG]open done OK
[25/12/18 18:43:25][DEBUG]https://www.berluti.com/ja-jp/aibi-sukurittosuwaipu-reza-toiretaripochi/IVY-JOUR-V2.html?dwvar_IVY-JOUR-V2_color=G27&to=100#viewtype=grid-view-small&sz=204&to=100&start=1 191400
[25/12/18 18:43:27][DEBUG]scrape BERLUTI start
[25/12/18 18:43:30][DEBUG]open done OK
[25/12/18 18:43:34][DEBUG]https://www.berluti.com/ja-jp/jagua-sukurittosuwaipureza-kadohoruda/JAGUA_NEO_GRADIANT-JOUR-V2.html?dwvar_JAGUA__NEO__GRADIANT-JOUR-V2_color=KH6&to=101#viewtype=grid-view-small&sz=204&to=101&start=1 NOTFOUND
[25/12/18 18:43:36][DEBUG]scrape BERLUTI start
[25/12/18 18:43:38][DEBUG]open done OK
[25/12/18 18:43:42][DEBUG]https://www.berluti.com/ja-jp/badi-towaru-marubufu-ronguu-oretto/BADI-TOILE_MARBEUF-T19.html?dwvar_BADI-TOILE__MARBEUF-T19_color=MO5&to=102#viewtype=grid-view-small&sz=204&to=102&start=1 NOTFOUND
[25/12/18 18:43:44][DEBUG]scrape BERLUTI start
[25/12/18 18:43:47][DEBUG]open done OK
[25/12/18 18:43:51][DEBUG]https://www.berluti.com/ja-jp/sukurittoreza-iphone-15-proforio/IPHONE_15_PRO_FOLIO-SCRITTO-V2.html?dwvar_IPHONE__15__PRO__FOLIO-SCRITTO-V2_color=B07&to=103#viewtype=grid-view-small&sz=204&to=103&start=1 NOTFOUND
[25/12/18 18:43:53][DEBUG]scrape BERLUTI start
[25/12/18 18:43:55][DEBUG]open done OK
[25/12/18 18:43:59][DEBUG]https://www.berluti.com/ja-jp/sukurittoreza-iphone-15-proforio/IPHONE_15_PRO_FOLIO-SCRITTO-V2.html?dwvar_IPHONE__15__PRO__FOLIO-SCRITTO-V2_color=MH2&to=104#viewtype=grid-view-small&sz=204&to=104&start=1 NOTFOUND
[25/12/18 18:44:01][DEBUG]scrape BERLUTI start
[25/12/18 18:44:03][DEBUG]open done OK
[25/12/18 18:44:05][DEBUG]https://www.berluti.com/ja-jp/inbuia-guradianto-sukurittoreza-kadohoruda/IMBUIA_NEO_GRADIANT-JOUR-V2.html?dwvar_IMBUIA__NEO__GRADIANT-JOUR-V2_color=RA1&to=105#viewtype=grid-view-small&sz=204&to=105&start=1 108900
[25/12/18 18:44:07][DEBUG]scrape BERLUTI start
[25/12/18 18:44:09][DEBUG]open done OK
[25/12/18 18:44:13][DEBUG]https://www.berluti.com/ja-jp/inbuia-towaru-marubufu-kadohoruda/IMBUIA_NEO-TOILE_MARBEUF-T19.html?dwvar_IMBUIA__NEO-TOILE__MARBEUF-T19_color=MO5&to=106#viewtype=grid-view-small&sz=204&to=106&start=1 NOTFOUND
[25/12/18 18:44:15][DEBUG]scrape BERLUTI start
[25/12/18 18:44:17][DEBUG]open done OK
[25/12/18 18:44:19][DEBUG]https://www.berluti.com/ja-jp/buna-sukurittoreza-kadohoruda/BUNA-JOUR-V2.html?dwvar_BUNA-JOUR-V2_color=ML6&to=107#viewtype=grid-view-small&sz=204&to=107&start=1 127600
[25/12/18 18:44:21][DEBUG]scrape BERLUTI start
[25/12/18 18:44:24][DEBUG]open done OK
[25/12/18 18:44:26][DEBUG]https://www.berluti.com/ja-jp/makore-surimu-reza-konpakutou-oretto/MAKORE_SLIM_NEO-JOUR-V1.html?dwvar_MAKORE__SLIM__NEO-JOUR-V1_color=ML6&to=108#viewtype=grid-view-small&sz=204&to=108&start=1 123200
[25/12/18 18:44:28][DEBUG]scrape BERLUTI start
[25/12/18 18:44:30][DEBUG]open done OK
[25/12/18 18:44:34][DEBUG]https://www.berluti.com/ja-jp/jagua-towaru-marubufu-kadohoruda/JAGUA_NEO-TOILE_MARBEUF-T19.html?dwvar_JAGUA__NEO-TOILE__MARBEUF-T19_color=MO5&to=109#viewtype=grid-view-small&sz=204&to=109&start=1 NOTFOUND
[25/12/18 18:44:36][DEBUG]scrape BERLUTI start
[25/12/18 18:44:38][DEBUG]open done OK
[25/12/18 18:44:42][DEBUG]https://www.berluti.com/ja-jp/banbu-towaru-marubufu-kadohoruda/BAMBOU_NEO-TOILE_MARBEUF-T19.html?dwvar_BAMBOU__NEO-TOILE__MARBEUF-T19_color=MO5&to=110#viewtype=grid-view-small&sz=204&to=110&start=1 NOTFOUND
[25/12/18 18:44:44][DEBUG]scrape BERLUTI start
[25/12/18 18:44:45][DEBUG]open done OK
[25/12/18 18:44:49][DEBUG]https://www.berluti.com/ja-jp/akaju-towaru-marubufu-u-oretto/ACAJOU_NEO-TOILE_MARBEUF-T19.html?dwvar_ACAJOU__NEO-TOILE__MARBEUF-T19_color=MO5&to=111#viewtype=grid-view-small&sz=204&to=111&start=1 NOTFOUND
[25/12/18 18:44:52][DEBUG]scrape BERLUTI start
[25/12/18 18:44:52][DEBUG]open done ERR_NAME_NOT_RESOLVED
[25/12/18 18:44:52][DEBUG]scrape BERLUTI start
[25/12/18 18:44:54][DEBUG]open done OK
[25/12/18 18:44:56][DEBUG]https://www.berluti.com/ja-jp/esupasu-sukurittoreza-ronguu-oretto/ESPACE_NEO-JOUR-V2.html?dwvar_ESPACE__NEO-JOUR-V2_color=ML6&to=113#viewtype=grid-view-small&sz=204&to=113&start=1 174900
[25/12/18 18:44:59][DEBUG]scrape BERLUTI start
[25/12/18 18:45:01][DEBUG]open done OK
[25/12/18 18:45:03][DEBUG]https://www.berluti.com/ja-jp/esupasu-sukurittoreza-ronguu-oretto/ESPACE_NEO-JOUR-V2.html?dwvar_ESPACE__NEO-JOUR-V2_color=K02&to=114#viewtype=grid-view-small&sz=204&to=114&start=1 174900
[25/12/18 18:45:05][DEBUG]scrape BERLUTI start
[25/12/18 18:45:07][DEBUG]open done OK
[25/12/18 18:45:09][DEBUG]https://www.berluti.com/ja-jp/esupasu-guradianto-sukurittoreza-ronguu-oretto/ESPACE_NEO_GRADIANT-JOUR-V2.html?dwvar_ESPACE__NEO__GRADIANT-JOUR-V2_color=B07&to=115#viewtype=grid-view-small&sz=204&to=115&start=1 191400
[25/12/18 18:45:11][DEBUG]scrape BERLUTI start
[25/12/18 18:45:13][DEBUG]open done OK
[25/12/18 18:45:15][DEBUG]https://www.berluti.com/ja-jp/jagua-reza-poketto-oganaiza/JAGUA_NEO-JOUR-V1.html?dwvar_JAGUA__NEO-JOUR-V1_color=ML6&to=116#viewtype=grid-view-small&sz=204&to=116&start=1 90200
[25/12/18 18:45:17][DEBUG]scrape BERLUTI start
[25/12/18 18:45:19][DEBUG]open done OK
[25/12/18 18:45:21][DEBUG]https://www.berluti.com/ja-jp/jagua-reza-poketto-oganaiza/JAGUA_NEO-JOUR-V1.html?dwvar_JAGUA__NEO-JOUR-V1_color=F06&to=117#viewtype=grid-view-small&sz=204&to=117&start=1 90200
[25/12/18 18:45:23][DEBUG]scrape BERLUTI start
[25/12/18 18:45:25][DEBUG]open done OK
[25/12/18 18:45:27][DEBUG]https://www.berluti.com/ja-jp/jagua-sukurittoreza-kadohoruda/JAGUA_NEO-JOUR-V2.html?dwvar_JAGUA__NEO-JOUR-V2_color=K02&to=118#viewtype=grid-view-small&sz=204&to=118&start=1 99000
[25/12/18 18:45:29][DEBUG]scrape BERLUTI start
[25/12/18 18:45:32][DEBUG]open done OK
[25/12/18 18:45:34][DEBUG]https://www.berluti.com/ja-jp/jagua-sukurittoreza-kadohoruda/JAGUA_NEO-JOUR-V2.html?dwvar_JAGUA__NEO-JOUR-V2_color=ML6&to=119#viewtype=grid-view-small&sz=204&to=119&start=1 99000
[25/12/18 18:45:36][DEBUG]scrape BERLUTI start
[25/12/18 18:45:38][DEBUG]open done OK
[25/12/18 18:45:40][DEBUG]https://www.berluti.com/ja-jp/jagua-sukurittoreza-kadohoruda/JAGUA_NEO-JOUR-V2.html?dwvar_JAGUA__NEO-JOUR-V2_color=G11&to=120#viewtype=grid-view-small&sz=204&to=120&start=1 99000
[25/12/18 18:45:42][DEBUG]scrape BERLUTI start
[25/12/18 18:45:45][DEBUG]open done OK
[25/12/18 18:45:49][DEBUG]https://www.berluti.com/ja-jp/jagua-reza-kadohoruda/JAGUA_NEO_GRADIANT-JOUR-V1.html?dwvar_JAGUA__NEO__GRADIANT-JOUR-V1_color=B07&to=121#viewtype=grid-view-small&sz=204&to=121&start=1 NOTFOUND
[25/12/18 18:45:51][DEBUG]scrape BERLUTI start
[25/12/18 18:45:54][DEBUG]open done OK
[25/12/18 18:45:58][DEBUG]https://www.berluti.com/ja-jp/itauba-waido-sukurittoreza/ITAUBA_WIDE_NEO-JOUR-V2.html?dwvar_ITAUBA__WIDE__NEO-JOUR-V2_color=ML6&to=122#viewtype=grid-view-small&sz=204&to=122&start=1 NOTFOUND
[25/12/18 18:46:00][DEBUG]scrape BERLUTI start
[25/12/18 18:46:03][DEBUG]open done OK
[25/12/18 18:46:07][DEBUG]https://www.berluti.com/ja-jp/itauba-waido-sukurittoreza/ITAUBA_WIDE_NEO-JOUR-V2.html?dwvar_ITAUBA__WIDE__NEO-JOUR-V2_color=BJ3&to=123#viewtype=grid-view-small&sz=204&to=123&start=1 NOTFOUND
[25/12/18 18:46:09][DEBUG]scrape BERLUTI start
[25/12/18 18:46:11][DEBUG]open done OK
[25/12/18 18:46:13][DEBUG]https://www.berluti.com/ja-jp/sukuritto-reza-2-shiga-kesu/CIGAR_CASE_2_NEO-V2.html?dwvar_CIGAR__CASE__2__NEO-V2_color=ML6&to=124#viewtype=grid-view-small&sz=204&to=124&start=1 190300
[25/12/18 18:46:15][DEBUG]scrape BERLUTI start
[25/12/18 18:46:18][DEBUG]open done OK
[25/12/18 18:46:20][DEBUG]https://www.berluti.com/ja-jp/sukuritto-reza-2-shiga-kesu/CIGAR_CASE_2_NEO-V2.html?dwvar_CIGAR__CASE__2__NEO-V2_color=F06&to=125#viewtype=grid-view-small&sz=204&to=125&start=1 190300
[25/12/18 18:46:22][DEBUG]scrape BERLUTI start
[25/12/18 18:46:24][DEBUG]open done OK
[25/12/18 18:46:26][DEBUG]https://www.berluti.com/ja-jp/sukuritto-reza-2-shiga-kesu/CIGAR_CASE_2_NEO-V2.html?dwvar_CIGAR__CASE__2__NEO-V2_color=MQ4&to=126#viewtype=grid-view-small&sz=204&to=126&start=1 190300
[25/12/18 18:46:28][DEBUG]scrape BERLUTI start
[25/12/18 18:46:31][DEBUG]open done OK
[25/12/18 18:46:33][DEBUG]https://www.berluti.com/ja-jp/sukuritto-reza-2-shiga-kesu/CIGAR_CASE_2_NEO-V2.html?dwvar_CIGAR__CASE__2__NEO-V2_color=G11&to=127#viewtype=grid-view-small&sz=204&to=127&start=1 190300
[25/12/18 18:46:36][DEBUG]scrape BERLUTI start
[25/12/18 18:46:38][DEBUG]open done OK
[25/12/18 18:46:40][DEBUG]https://www.berluti.com/ja-jp/sukuritto-reza-4-shiga-kesu/CIGAR_CASE_4_NEO-V2.html?dwvar_CIGAR__CASE__4__NEO-V2_color=BJ3&to=128#viewtype=grid-view-small&sz=204&to=128&start=1 259600
[25/12/18 18:46:42][DEBUG]scrape BERLUTI start
[25/12/18 18:46:44][DEBUG]open done OK
[25/12/18 18:46:46][DEBUG]https://www.berluti.com/ja-jp/sukuritto-reza-4-shiga-kesu/CIGAR_CASE_4_NEO-V2.html?dwvar_CIGAR__CASE__4__NEO-V2_color=G02&to=129#viewtype=grid-view-small&sz=204&to=129&start=1 259600
[25/12/18 18:46:50][DEBUG]scrape BERLUTI start
[25/12/18 18:46:52][DEBUG]open done OK
[25/12/18 18:46:54][DEBUG]https://www.berluti.com/ja-jp/sukuritto-reza-4-shiga-kesu/CIGAR_CASE_4_NEO-V2.html?dwvar_CIGAR__CASE__4__NEO-V2_color=B07&to=130#viewtype=grid-view-small&sz=204&to=130&start=1 259600
[25/12/18 18:46:57][DEBUG]scrape BERLUTI start
[25/12/18 18:46:59][DEBUG]open done OK
[25/12/18 18:47:01][DEBUG]https://www.berluti.com/ja-jp/banbu-tetorisu-sukurittoreza-kadohoruda/BAMBOU_TETRIS_NEO-JOUR-V2.html?dwvar_BAMBOU__TETRIS__NEO-JOUR-V2_color=BJ3&to=131#viewtype=grid-view-small&sz=204&to=131&start=1 92400
[25/12/18 18:47:03][DEBUG]scrape BERLUTI start
[25/12/18 18:47:05][DEBUG]open done OK
[25/12/18 18:47:07][DEBUG]https://www.berluti.com/ja-jp/banbu-tetorisu-sukurittoreza-kadohoruda/BAMBOU_TETRIS_NEO-JOUR-V2.html?dwvar_BAMBOU__TETRIS__NEO-JOUR-V2_color=K02&to=132#viewtype=grid-view-small&sz=204&to=132&start=1 92400
[25/12/18 18:47:09][DEBUG]scrape BERLUTI start
[25/12/18 18:47:11][DEBUG]open done OK
[25/12/18 18:47:13][DEBUG]https://www.berluti.com/ja-jp/banbu-neo-sukurittosuwaipurezakadohoruda/BAMBOU_NEO-JOUR-V2.html?dwvar_BAMBOU__NEO-JOUR-V2_color=ML6&to=133#viewtype=grid-view-small&sz=204&to=133&start=1 68200
[25/12/18 18:47:15][DEBUG]scrape BERLUTI start
[25/12/18 18:47:17][DEBUG]open done OK
[25/12/18 18:47:19][DEBUG]https://www.berluti.com/ja-jp/banbu-neo-sukurittosuwaipurezakadohoruda/BAMBOU_NEO-JOUR-V2.html?dwvar_BAMBOU__NEO-JOUR-V2_color=K02&to=134#viewtype=grid-view-small&sz=204&to=134&start=1 68200
[25/12/18 18:47:21][DEBUG]scrape BERLUTI start
[25/12/18 18:47:23][DEBUG]open done OK
[25/12/18 18:47:25][DEBUG]https://www.berluti.com/ja-jp/banbu-neo-sukurittosuwaipurezakadohoruda/BAMBOU_NEO-JOUR-V2.html?dwvar_BAMBOU__NEO-JOUR-V2_color=G02&to=135#viewtype=grid-view-small&sz=204&to=135&start=1 68200
[25/12/18 18:47:27][DEBUG]scrape BERLUTI start
[25/12/18 18:47:29][DEBUG]open done OK
[25/12/18 18:47:31][DEBUG]https://www.berluti.com/ja-jp/banbu-neo-sukurittosuwaipurezakadohoruda/BAMBOU_NEO-JOUR-V2.html?dwvar_BAMBOU__NEO-JOUR-V2_color=R78&to=136#viewtype=grid-view-small&sz=204&to=136&start=1 68200
[25/12/18 18:47:33][DEBUG]scrape BERLUTI start
[25/12/18 18:47:35][DEBUG]open done OK
[25/12/18 18:47:37][DEBUG]https://www.berluti.com/ja-jp/banbu-6ccsukurittoreza-kadohoruda/BAMBOU_6CC_NEO-JOUR-V2.html?dwvar_BAMBOU__6CC__NEO-JOUR-V2_color=ML6&to=137#viewtype=grid-view-small&sz=204&to=137&start=1 81400
[25/12/18 18:47:44][DEBUG]scrape BERLUTI start
[25/12/18 18:47:46][DEBUG]open done OK
[25/12/18 18:47:50][DEBUG]https://www.berluti.com/ja-jp/inbuia-sukurittoreza-kadohoruda/IMBUIA_NEO-JOUR-V2.html?dwvar_IMBUIA__NEO-JOUR-V2_color=K02&to=138#viewtype=grid-view-small&sz=204&to=138&start=1 NOTFOUND
[25/12/18 18:47:52][DEBUG]scrape BERLUTI start
[25/12/18 18:47:55][DEBUG]open done OK
[25/12/18 18:47:59][DEBUG]https://www.berluti.com/ja-jp/inbuia-sukurittoreza-kadohoruda/IMBUIA_NEO-JOUR-V2.html?dwvar_IMBUIA__NEO-JOUR-V2_color=ML6&to=139#viewtype=grid-view-small&sz=204&to=139&start=1 NOTFOUND
[25/12/18 18:48:01][DEBUG]scrape BERLUTI start
[25/12/18 18:48:04][DEBUG]open done OK
[25/12/18 18:48:08][DEBUG]https://www.berluti.com/ja-jp/inbuia-sukurittoreza-kadohoruda/IMBUIA_NEO-JOUR-V2.html?dwvar_IMBUIA__NEO-JOUR-V2_color=G11&to=140#viewtype=grid-view-small&sz=204&to=140&start=1 NOTFOUND
[25/12/18 18:48:10][DEBUG]scrape BERLUTI start
[25/12/18 18:48:12][DEBUG]open done OK
[25/12/18 18:48:14][DEBUG]https://www.berluti.com/ja-jp/figyua-sukurittoreza-konpakutou-oretto/FIGURE_NEO-JOUR-V2.html?dwvar_FIGURE__NEO-JOUR-V2_color=ML6&to=141#viewtype=grid-view-small&sz=204&to=141&start=1 124300
[25/12/18 18:48:17][DEBUG]scrape BERLUTI start
[25/12/18 18:48:18][DEBUG]open done OK
[25/12/18 18:48:20][DEBUG]https://www.berluti.com/ja-jp/figyua-sukurittoreza-konpakutou-oretto/FIGURE_NEO-JOUR-V2.html?dwvar_FIGURE__NEO-JOUR-V2_color=K02&to=142#viewtype=grid-view-small&sz=204&to=142&start=1 124300
[25/12/18 18:48:23][DEBUG]scrape BERLUTI start
[25/12/18 18:48:24][DEBUG]open done OK
[25/12/18 18:48:28][DEBUG]https://www.berluti.com/ja-jp/esukaru-towaru-marubufu-pasupotohoruda/ESCALE_NEO-TOILE_MARBEUF-T19.html?dwvar_ESCALE__NEO-TOILE__MARBEUF-T19_color=MO5&to=143#viewtype=grid-view-small&sz=204&to=143&start=1 NOTFOUND
[25/12/18 18:48:30][DEBUG]scrape BERLUTI start
[25/12/18 18:48:32][DEBUG]open done OK
[25/12/18 18:48:34][DEBUG]https://www.berluti.com/ja-jp/makore-2in1-sukurittoreza-u-oretto/MAKORE_2IN1_NEO-JOUR-V2.html?dwvar_MAKORE__2IN1__NEO-JOUR-V2_color=ML6&to=144#viewtype=grid-view-small&sz=204&to=144&start=1 161700
[25/12/18 18:48:37][DEBUG]scrape BERLUTI start
[25/12/18 18:48:39][DEBUG]open done OK
[25/12/18 18:48:43][DEBUG]https://www.berluti.com/ja-jp/vu-enechia-appuru-u-otchi-buresuretto/APPLE_WATCH_BRACELET-VENEZIA-V2.html?dwvar_APPLE__WATCH__BRACELET-VENEZIA-V2_color=MH2&to=145#viewtype=grid-view-small&sz=204&to=145&start=1 NOTFOUND
[25/12/18 18:48:45][DEBUG]scrape BERLUTI start
[25/12/18 18:48:47][DEBUG]open done OK
[25/12/18 18:48:49][DEBUG]https://www.berluti.com/ja-jp/esupasu-sukurittoreza-ronguu-oretto/ESPACE_NEO-JOUR-V2.html?dwvar_ESPACE__NEO-JOUR-V2_color=BJ3&to=146#viewtype=grid-view-small&sz=204&to=146&start=1 174900
[25/12/18 18:48:51][DEBUG]scrape BERLUTI start
[25/12/18 18:48:53][DEBUG]open done OK
[25/12/18 18:48:55][DEBUG]https://www.berluti.com/ja-jp/inbuia-guradianto-sukurittoreza-kadohoruda/IMBUIA_NEO_GRADIANT-JOUR-V2.html?dwvar_IMBUIA__NEO__GRADIANT-JOUR-V2_color=Y23&to=147#viewtype=grid-view-small&sz=204&to=147&start=1 108900
[25/12/18 18:48:57][DEBUG]scrape BERLUTI start
[25/12/18 18:48:59][DEBUG]open done OK
[25/12/18 18:49:03][DEBUG]https://www.berluti.com/ja-jp/itauba-neo-sukuritto-reza-rongu-jippu-fuki-u-oretto/ITAUBA_NEO-JOUR-V2.html?dwvar_ITAUBA__NEO-JOUR-V2_color=J10&to=148#viewtype=grid-view-small&sz=204&to=148&start=1 NOTFOUND
[25/12/18 18:49:05][DEBUG]scrape BERLUTI start
[25/12/18 18:49:07][DEBUG]open done OK
[25/12/18 18:49:11][DEBUG]https://www.berluti.com/ja-jp/vu-enechia-appuru-u-otchi-buresuretto/APPLE_WATCH_BRACELET-VENEZIA-V2.html?dwvar_APPLE__WATCH__BRACELET-VENEZIA-V2_color=M10&to=149#viewtype=grid-view-small&sz=204&to=149&start=1 NOTFOUND
[25/12/18 18:49:13][DEBUG]scrape BERLUTI start
[25/12/18 18:49:15][DEBUG]open done OK
[25/12/18 18:49:17][DEBUG]https://www.berluti.com/ja-jp/juru-sukurittoreza-manekurippu/MC004-V2.html?dwvar_MC004-V2_color=ML6&to=150#viewtype=grid-view-small&sz=204&to=150&start=1 60500
[25/12/18 18:49:23][DEBUG]scrape BERLUTI start
[25/12/18 18:49:26][DEBUG]open done OK
[25/12/18 18:49:28][DEBUG]https://www.berluti.com/ja-jp/terushio-reza-oruinwan/TERSIO_NEO-JOUR-V2.html?dwvar_TERSIO__NEO-JOUR-V2_color=MR5&to=151#viewtype=grid-view-small&sz=204&to=151&start=1 324500
[25/12/18 18:49:30][DEBUG]scrape BERLUTI start
[25/12/18 18:49:31][DEBUG]open done OK
[25/12/18 18:49:35][DEBUG]https://www.berluti.com/ja-jp/itauba-neo-sukuritto-reza-rongu-jippu-fuki-u-oretto/ITAUBA_NEO-JOUR-V2.html?dwvar_ITAUBA__NEO-JOUR-V2_color=KE5&to=152#viewtype=grid-view-small&sz=204&to=152&start=1 NOTFOUND
[25/12/18 18:49:37][DEBUG]scrape BERLUTI start
[25/12/18 18:49:41][DEBUG]open done OK
[25/12/18 18:49:45][DEBUG]https://www.berluti.com/ja-jp/inbuia-sukurittoreza-kadohoruda/IMBUIA_NEO-JOUR-V2.html?dwvar_IMBUIA__NEO-JOUR-V2_color=J10&to=153#viewtype=grid-view-small&sz=204&to=153&start=1 NOTFOUND
[25/12/18 18:49:47][DEBUG]scrape BERLUTI start
[25/12/18 18:49:49][DEBUG]open done OK
[25/12/18 18:49:53][DEBUG]https://www.berluti.com/ja-jp/itauba-neo-sukuritto-reza-rongu-jippu-fuki-u-oretto/ITAUBA_NEO-JOUR-V2.html?dwvar_ITAUBA__NEO-JOUR-V2_color=KE4&to=154#viewtype=grid-view-small&sz=204&to=154&start=1 NOTFOUND
[25/12/18 18:49:55][DEBUG]scrape BERLUTI start
[25/12/18 18:49:57][DEBUG]open done OK
[25/12/18 18:50:01][DEBUG]https://www.berluti.com/ja-jp/notobukkurefirua-5/REFILL_NOTEBOOK_A5_II.html?dwvar_REFILL__NOTEBOOK__A5__II_color=K01&to=155#viewtype=grid-view-small&sz=204&to=155&start=1 NOTFOUND
[25/12/18 18:50:03][DEBUG]scrape BERLUTI start
[25/12/18 18:50:05][DEBUG]open done OK
[25/12/18 18:50:09][DEBUG]https://www.berluti.com/ja-jp/itauba-neo-sukuritto-reza-rongu-jippu-fuki-u-oretto/ITAUBA_NEO-JOUR-V2.html?dwvar_ITAUBA__NEO-JOUR-V2_color=KM7&to=156#viewtype=grid-view-small&sz=204&to=156&start=1 NOTFOUND
[25/12/18 18:50:11][DEBUG]scrape BERLUTI start
[25/12/18 18:50:13][DEBUG]open done OK
[25/12/18 18:50:17][DEBUG]https://www.berluti.com/ja-jp/vu-enechia-appuru-u-otchi-buresuretto/APPLE_WATCH_BRACELET-VENEZIA-V2.html?dwvar_APPLE__WATCH__BRACELET-VENEZIA-V2_color=B07&to=157#viewtype=grid-view-small&sz=204&to=157&start=1 NOTFOUND
[25/12/18 18:50:19][DEBUG]scrape BERLUTI start
[25/12/18 18:50:21][DEBUG]open done OK
[25/12/18 18:50:23][DEBUG]https://www.berluti.com/ja-jp/figyua-sukurittoreza-konpakutou-oretto/FIGURE_NEO-JOUR-V2.html?dwvar_FIGURE__NEO-JOUR-V2_color=KM7&to=158#viewtype=grid-view-small&sz=204&to=158&start=1 124300
[25/12/18 18:50:25][DEBUG]scrape BERLUTI start
[25/12/18 18:50:27][DEBUG]open done OK
[25/12/18 18:50:29][DEBUG]https://www.berluti.com/ja-jp/santaru-sukurittoreza-jippuronguu-oretto/SANTAL_NEO-JOUR-V2.html?dwvar_SANTAL__NEO-JOUR-V2_color=KE4&to=159#viewtype=grid-view-small&sz=204&to=159&start=1 174900
[25/12/18 18:50:32][DEBUG]scrape BERLUTI start
[25/12/18 18:50:33][DEBUG]open done OK
[25/12/18 18:50:35][DEBUG]https://www.berluti.com/ja-jp/santaru-sukurittoreza-jippuronguu-oretto/SANTAL_NEO-JOUR-V2.html?dwvar_SANTAL__NEO-JOUR-V2_color=J10&to=160#viewtype=grid-view-small&sz=204&to=160&start=1 174900
[25/12/18 18:50:38][DEBUG]scrape BERLUTI start
[25/12/18 18:50:39][DEBUG]open done OK
[25/12/18 18:50:41][DEBUG]https://www.berluti.com/ja-jp/santaru-sukurittoreza-jippuronguu-oretto/SANTAL_NEO-JOUR-V2.html?dwvar_SANTAL__NEO-JOUR-V2_color=J10&to=161#viewtype=grid-view-small&sz=204&to=161&start=1 174900
[25/12/18 18:50:44][DEBUG]scrape BERLUTI start
[25/12/18 18:50:45][DEBUG]open done OK
[25/12/18 18:50:49][DEBUG]https://www.berluti.com/ja-jp/itauba-neo-sukuritto-reza-rongu-jippu-fuki-u-oretto/ITAUBA_NEO-JOUR-V2.html?dwvar_ITAUBA__NEO-JOUR-V2_color=J20&to=162#viewtype=grid-view-small&sz=204&to=162&start=1 NOTFOUND
[25/12/18 18:50:51][DEBUG]scrape BERLUTI start
[25/12/18 18:50:53][DEBUG]open done OK
[25/12/18 18:50:55][DEBUG]https://www.berluti.com/ja-jp/banbu-neo-sukurittosuwaipurezakadohoruda/BAMBOU_NEO-JOUR-V2.html?dwvar_BAMBOU__NEO-JOUR-V2_color=F06&to=163#viewtype=grid-view-small&sz=204&to=163&start=1 68200
[25/12/18 18:50:57][DEBUG]scrape BERLUTI start
[25/12/18 18:51:00][DEBUG]open done OK
[25/12/18 18:51:04][DEBUG]https://www.berluti.com/ja-jp/inbuia-sukurittoreza-kadohoruda/IMBUIA_NEO-JOUR-V2.html?dwvar_IMBUIA__NEO-JOUR-V2_color=KE5&to=164#viewtype=grid-view-small&sz=204&to=164&start=1 NOTFOUND
[25/12/18 18:51:06][DEBUG]scrape BERLUTI start
[25/12/18 18:51:09][DEBUG]open done OK
[25/12/18 18:51:13][DEBUG]https://www.berluti.com/ja-jp/inbuia-sukurittoreza-kadohoruda/IMBUIA_NEO-JOUR-V2.html?dwvar_IMBUIA__NEO-JOUR-V2_color=J12&to=165#viewtype=grid-view-small&sz=204&to=165&start=1 NOTFOUND
[25/12/18 18:51:15][DEBUG]scrape BERLUTI start
[25/12/18 18:51:17][DEBUG]open done OK
[25/12/18 18:51:21][DEBUG]https://www.berluti.com/ja-jp/ete-yui-do-u-vu-oyaju-towaru-marubufu-toraberupochi/ETUI_DE_VOYAGE-TOILE_MARBEUF-T19.html?dwvar_ETUI__DE__VOYAGE-TOILE__MARBEUF-T19_color=MO5&to=166#viewtype=grid-view-small&sz=204&to=166&start=1 NOTFOUND
[25/12/18 18:51:23][DEBUG]scrape BERLUTI start
[25/12/18 18:51:25][DEBUG]open done OK
[25/12/18 18:51:27][DEBUG]https://www.berluti.com/ja-jp/santaru-sukurittoreza-jippuronguu-oretto/SANTAL_NEO-JOUR-V2.html?dwvar_SANTAL__NEO-JOUR-V2_color=KE5&to=167#viewtype=grid-view-small&sz=204&to=167&start=1 174900
[25/12/18 18:51:30][DEBUG]scrape BERLUTI start
[25/12/18 18:51:32][DEBUG]open done OK
[25/12/18 18:51:36][DEBUG]https://www.berluti.com/ja-jp/inbuia-sukurittoreza-kadohoruda/IMBUIA_NEO-JOUR-V2.html?dwvar_IMBUIA__NEO-JOUR-V2_color=KE4&to=168#viewtype=grid-view-small&sz=204&to=168&start=1 NOTFOUND
[25/12/18 18:51:38][DEBUG]scrape BERLUTI start
[25/12/18 18:51:40][DEBUG]open done OK
[25/12/18 18:51:42][DEBUG]https://www.berluti.com/ja-jp/figyua-sukurittoreza-konpakutou-oretto/FIGURE_NEO-JOUR-V2.html?dwvar_FIGURE__NEO-JOUR-V2_color=J10&to=169#viewtype=grid-view-small&sz=204&to=169&start=1 124300
[25/12/18 18:51:44][DEBUG]scrape BERLUTI start
[25/12/18 18:51:47][DEBUG]open done OK
[25/12/18 18:51:51][DEBUG]https://www.berluti.com/ja-jp/itauba-waido-sukurittoreza/ITAUBA_WIDE_NEO-JOUR-V2.html?dwvar_ITAUBA__WIDE__NEO-JOUR-V2_color=J12&to=170#viewtype=grid-view-small&sz=204&to=170&start=1 NOTFOUND
[25/12/18 18:51:53][DEBUG]scrape BERLUTI start
[25/12/18 18:51:56][DEBUG]open done OK
[25/12/18 18:52:00][DEBUG]https://www.berluti.com/ja-jp/itauba-waido-sukurittoreza/ITAUBA_WIDE_NEO-JOUR-V2.html?dwvar_ITAUBA__WIDE__NEO-JOUR-V2_color=J10&to=171#viewtype=grid-view-small&sz=204&to=171&start=1 NOTFOUND
[25/12/18 18:52:02][DEBUG]scrape BERLUTI start
[25/12/18 18:52:03][DEBUG]open done OK
[25/12/18 18:52:07][DEBUG]https://www.berluti.com/ja-jp/itauba-neo-sukuritto-reza-rongu-jippu-fuki-u-oretto/ITAUBA_NEO-JOUR-V2.html?dwvar_ITAUBA__NEO-JOUR-V2_color=J12&to=172#viewtype=grid-view-small&sz=204&to=172&start=1 NOTFOUND
[25/12/18 18:52:09][DEBUG]scrape BERLUTI start
[25/12/18 18:52:11][DEBUG]open done OK
[25/12/18 18:52:13][DEBUG]https://www.berluti.com/ja-jp/figyua-sukurittoreza-konpakutou-oretto/FIGURE_NEO-JOUR-V2.html?dwvar_FIGURE__NEO-JOUR-V2_color=KE5&to=173#viewtype=grid-view-small&sz=204&to=173&start=1 124300
[25/12/18 18:52:16][DEBUG]scrape BERLUTI start
[25/12/18 18:52:17][DEBUG]open done OK
[25/12/18 18:52:19][DEBUG]https://www.berluti.com/ja-jp/figyua-sukurittoreza-konpakutou-oretto/FIGURE_NEO-JOUR-V2.html?dwvar_FIGURE__NEO-JOUR-V2_color=KE4&to=174#viewtype=grid-view-small&sz=204&to=174&start=1 124300
[25/12/18 18:52:22][DEBUG]scrape BERLUTI start
[25/12/18 18:52:24][DEBUG]open done OK
[25/12/18 18:52:26][DEBUG]https://www.berluti.com/ja-jp/santaru-sukurittoreza-jippuronguu-oretto/SANTAL_NEO-JOUR-V2.html?dwvar_SANTAL__NEO-JOUR-V2_color=J12&to=175#viewtype=grid-view-small&sz=204&to=175&start=1 174900
[25/12/18 18:52:28][DEBUG]scrape BERLUTI start
[25/12/18 18:52:30][DEBUG]open done OK
[25/12/18 18:52:32][DEBUG]https://www.berluti.com/ja-jp/figyua-sukurittoreza-konpakutou-oretto/FIGURE_NEO-JOUR-V2.html?dwvar_FIGURE__NEO-JOUR-V2_color=J12&to=176#viewtype=grid-view-small&sz=204&to=176&start=1 124300
[25/12/18 18:52:34][DEBUG]scrape BERLUTI start
[25/12/18 18:52:36][DEBUG]open done OK
[25/12/18 18:52:39][DEBUG]https://www.berluti.com/ja-jp/cyrus-omankafurezasurippa/S3786-C6.html?dwvar_S3786-C6_color=M26&to=1#prefn1=product_online_sales&prefv1=true&viewtype=grid-view-small&sz=12&to=1&start=1 224400
[25/12/18 18:52:42][DEBUG]scrape BERLUTI start
[25/12/18 18:52:45][DEBUG]open done OK
[25/12/18 18:52:49][DEBUG]https://www.berluti.com/ja-jp/sairasu-sukurittoreza-surippa/S3786-V2.html?dwvar_S3786-V2_color=KD4&to=2#prefn1=product_online_sales&prefv1=true&viewtype=grid-view-small&sz=12&to=2&start=1 NOTFOUND
[25/12/18 18:52:51][DEBUG]scrape BERLUTI start
[25/12/18 18:52:53][DEBUG]open done OK
[25/12/18 18:52:57][DEBUG]https://www.berluti.com/ja-jp/shadou-rezasandaru/S6259-BB0.html?dwvar_S6259-BB0_color=KH3&to=3#prefn1=product_online_sales&prefv1=true&viewtype=grid-view-small&sz=12&to=3&start=1 NOTFOUND
[25/12/18 18:52:59][DEBUG]scrape BERLUTI start
[25/12/18 18:53:02][DEBUG]open done OK
[25/12/18 18:53:04][DEBUG]https://www.berluti.com/ja-jp/shifunosu-sukuritto-rezasandaru/S5438-V33.html?dwvar_S5438-V33_color=ML6&to=4#prefn1=product_online_sales&prefv1=true&viewtype=grid-view-small&sz=12&to=4&start=1 149600
[25/12/18 18:53:08][DEBUG]scrape BERLUTI start
[25/12/18 18:53:10][DEBUG]open done OK
[25/12/18 18:53:12][DEBUG]https://www.berluti.com/ja-jp/shifunosu-sukuritto-rezasandaru/S5438-V33.html?dwvar_S5438-V33_color=KH1&to=5#prefn1=product_online_sales&prefv1=true&viewtype=grid-view-small&sz=12&to=5&start=1 149600
[25/12/18 18:53:16][DEBUG]scrape BERLUTI start
[25/12/18 18:53:17][DEBUG]open done OK
[25/12/18 18:53:21][DEBUG]https://www.berluti.com/ja-jp/shifunosu-sukurittoreza-sandaru/S5439-BB6.html?dwvar_S5439-BB6_color=G58&to=6#prefn1=product_online_sales&prefv1=true&viewtype=grid-view-small&sz=12&to=6&start=1 NOTFOUND
[25/12/18 18:53:24][DEBUG]scrape BERLUTI start
[25/12/18 18:53:25][DEBUG]open done OK
[25/12/18 18:53:29][DEBUG]https://www.berluti.com/ja-jp/shifunosu-sukuritto-rezasandaru-bureidoditeru/S5439-V33.html?dwvar_S5439-V33_color=ML6&to=7#prefn1=product_online_sales&prefv1=true&viewtype=grid-view-small&sz=12&to=7&start=1 NOTFOUND
[25/12/18 18:53:31][DEBUG]scrape BERLUTI start
[25/12/18 18:53:34][DEBUG]open done OK
[25/12/18 18:53:36][DEBUG]https://www.berluti.com/ja-jp/shadou-rezasandaru/S6261-V2.html?dwvar_S6261-V2_color=ML6&to=8#prefn1=product_online_sales&prefv1=true&viewtype=grid-view-small&sz=12&to=8&start=1 171600
[25/12/18 18:53:39][DEBUG]scrape BERLUTI start
[25/12/18 18:53:42][DEBUG]open done OK
[25/12/18 18:53:44][DEBUG]https://www.berluti.com/ja-jp/to-ujuru-sofuto-jippubaggu-reza-toraberubaggu/ZIPPED_BAG-V81.html?dwvar_ZIPPED__BAG-V81_color=MM5&to=1#viewtype=grid-view-small&sz=192&to=1&start=1 715000
[25/12/18 18:53:46][DEBUG]scrape BERLUTI start
[25/12/18 18:53:49][DEBUG]open done OK
[25/12/18 18:53:51][DEBUG]https://www.berluti.com/ja-jp/to-ujuru-sofuto-jippubaggu-sukurittoreza-toraberubaggu/ZIPPED_BAG-V41.html?dwvar_ZIPPED__BAG-V41_color=K02&to=2#viewtype=grid-view-small&sz=192&to=2&start=1 759000
[25/12/18 18:53:53][DEBUG]scrape BERLUTI start
[25/12/18 18:53:55][DEBUG]open done OK
[25/12/18 18:53:57][DEBUG]https://www.berluti.com/ja-jp/to-ujuru-xs-poketto-sukurittoreza-totobaggu/TOUJOURS_XS_POCKET-V2.html?dwvar_TOUJOURS__XS__POCKET-V2_color=MR5&to=3#viewtype=grid-view-small&sz=192&to=3&start=1 616000
[25/12/18 18:54:00][DEBUG]scrape BERLUTI start
[25/12/18 18:54:01][DEBUG]open done OK
[25/12/18 18:54:04][DEBUG]https://www.berluti.com/ja-jp/to-ujuru-xs-sukurittoreza-totobaggu/TOUJOURS_XS-V2.html?dwvar_TOUJOURS__XS-V2_color=Y23&to=4#viewtype=grid-view-small&sz=192&to=4&start=1 462000
[25/12/18 18:54:06][DEBUG]scrape BERLUTI start
[25/12/18 18:54:08][DEBUG]open done OK
[25/12/18 18:54:10][DEBUG]https://www.berluti.com/ja-jp/to-ujuru-xs-sukurittoreza-totobaggu/TOUJOURS_XS-V2.html?dwvar_TOUJOURS__XS-V2_color=K02&to=5#viewtype=grid-view-small&sz=192&to=5&start=1 462000
[25/12/18 18:54:12][DEBUG]scrape BERLUTI start
[25/12/18 18:54:15][DEBUG]open done OK
[25/12/18 18:54:17][DEBUG]https://www.berluti.com/ja-jp/to-ujuru-xs-sukurittoreza-totobaggu/TOUJOURS_XS-V2.html?dwvar_TOUJOURS__XS-V2_color=KM7&to=6#viewtype=grid-view-small&sz=192&to=6&start=1 462000
[25/12/18 18:54:19][DEBUG]scrape BERLUTI start
[25/12/18 18:54:21][DEBUG]open done OK
[25/12/18 18:54:23][DEBUG]https://www.berluti.com/ja-jp/to-ujuru-xs-sukurittoreza-totobaggu/TOUJOURS_XS-V2.html?dwvar_TOUJOURS__XS-V2_color=MQ4&to=7#viewtype=grid-view-small&sz=192&to=7&start=1 462000
[25/12/18 18:54:26][DEBUG]scrape BERLUTI start
[25/12/18 18:54:27][DEBUG]open done OK
[25/12/18 18:54:32][DEBUG]https://www.berluti.com/ja-jp/luti-38-leather-tote-bag/LUTI_38-V89.html?dwvar_LUTI__38-V89_color=MN6&to=8#viewtype=grid-view-small&sz=192&to=8&start=1 NOTFOUND
[25/12/18 18:54:34][DEBUG]scrape BERLUTI start
[25/12/18 18:54:36][DEBUG]open done OK
[25/12/18 18:54:38][DEBUG]https://www.berluti.com/ja-jp/rutti-38-rezabaggu/LUTI_38-V1.html?dwvar_LUTI__38-V1_color=ML6&to=9#viewtype=grid-view-small&sz=192&to=9&start=1 803000
[25/12/18 18:54:40][DEBUG]scrape BERLUTI start
[25/12/18 18:54:42][DEBUG]open done OK
[25/12/18 18:54:45][DEBUG]https://www.berluti.com/ja-jp/rutti-38-rezabaggu/LUTI_38-V1.html?dwvar_LUTI__38-V1_color=K02&to=10#viewtype=grid-view-small&sz=192&to=10&start=1 803000
[25/12/18 18:54:47][DEBUG]scrape BERLUTI start
[25/12/18 18:54:49][DEBUG]open done OK
[25/12/18 18:54:53][DEBUG]https://www.berluti.com/ja-jp/jurunarie-xs-reza-messenja/JOURNALIER_XS-CE.html?dwvar_JOURNALIER__XS-CE_color=MC5&to=11#viewtype=grid-view-small&sz=192&to=11&start=1 NOTFOUND
[25/12/18 18:54:55][DEBUG]scrape BERLUTI start
[25/12/18 18:54:57][DEBUG]open done OK
[25/12/18 18:55:01][DEBUG]https://www.berluti.com/ja-jp/emio-rezaburifukesu/E_MIO_NEO_PUNTO_A_MANO-V1.html?dwvar_E__MIO__NEO__PUNTO__A__MANO-V1_color=MA1&to=12#viewtype=grid-view-small&sz=192&to=12&start=1 NOTFOUND
[25/12/18 18:55:04][DEBUG]scrape BERLUTI start
[25/12/18 18:55:06][DEBUG]open done OK
[25/12/18 18:55:08][DEBUG]https://www.berluti.com/ja-jp/to-ujuru-sukurittoreza-totobaggu/TOUJOURS_NEO-V2.html?dwvar_TOUJOURS__NEO-V2_color=K02&to=13#viewtype=grid-view-small&sz=192&to=13&start=1 545600
[25/12/18 18:55:10][DEBUG]scrape BERLUTI start
[25/12/18 18:55:12][DEBUG]open done OK
[25/12/18 18:55:14][DEBUG]https://www.berluti.com/ja-jp/to-ujuru-sukurittoreza-totobaggu/TOUJOURS_NEO-V2.html?dwvar_TOUJOURS__NEO-V2_color=KE4&to=14#viewtype=grid-view-small&sz=192&to=14&start=1 545600
[25/12/18 18:55:16][DEBUG]scrape BERLUTI start
[25/12/18 18:55:19][DEBUG]open done OK
[25/12/18 18:55:21][DEBUG]https://www.berluti.com/ja-jp/to-ujuru-sukurittoreza-totobaggu/TOUJOURS_NEO-V2.html?dwvar_TOUJOURS__NEO-V2_color=KE5&to=15#viewtype=grid-view-small&sz=192&to=15&start=1 545600
[25/12/18 18:55:23][DEBUG]scrape BERLUTI start
[25/12/18 18:55:25][DEBUG]open done OK
[25/12/18 18:55:27][DEBUG]https://www.berluti.com/ja-jp/to-ujuru-sukurittoreza-totobaggu/TOUJOURS_NEO-V2.html?dwvar_TOUJOURS__NEO-V2_color=KM7&to=16#viewtype=grid-view-small&sz=192&to=16&start=1 545600
[25/12/18 18:55:29][DEBUG]scrape BERLUTI start
[25/12/18 18:55:31][DEBUG]open done OK
[25/12/18 18:55:33][DEBUG]https://www.berluti.com/ja-jp/to-ujuru-sukurittoreza-totobaggu/TOUJOURS_NEO-V2.html?dwvar_TOUJOURS__NEO-V2_color=J10&to=17#viewtype=grid-view-small&sz=192&to=17&start=1 545600
[25/12/18 18:55:36][DEBUG]scrape BERLUTI start
[25/12/18 18:55:38][DEBUG]open done OK
[25/12/18 18:55:40][DEBUG]https://www.berluti.com/ja-jp/to-ujuru-sukurittoreza-totobaggu/TOUJOURS_NEO-V2.html?dwvar_TOUJOURS__NEO-V2_color=J12&to=18#viewtype=grid-view-small&sz=192&to=18&start=1 545600
[25/12/18 18:55:42][DEBUG]scrape BERLUTI start
[25/12/18 18:55:44][DEBUG]open done OK
[25/12/18 18:55:48][DEBUG]https://www.berluti.com/ja-jp/to-ujuru-mini-poketto-sukurittoreza-totobaggu/TOUJOURS_MINI_NEO_POCKET-V2.html?dwvar_TOUJOURS__MINI__NEO__POCKET-V2_color=BJ3&to=19#viewtype=grid-view-small&sz=192&to=19&start=1 NOTFOUND
[25/12/18 18:55:51][DEBUG]scrape BERLUTI start
[25/12/18 18:55:53][DEBUG]open done OK
[25/12/18 18:55:57][DEBUG]https://www.berluti.com/ja-jp/to-ujuruxs-guradianto-sukurittoreza-totobaggu/TOUJOURS_XS_GRADIANT-V2.html?dwvar_TOUJOURS__XS__GRADIANT-V2_color=B07&to=20#viewtype=grid-view-small&sz=192&to=20&start=1 NOTFOUND
[25/12/18 18:55:59][DEBUG]scrape BERLUTI start
[25/12/18 18:56:02][DEBUG]open done OK
[25/12/18 18:56:06][DEBUG]https://www.berluti.com/ja-jp/to-ujuruxs-guradianto-sukurittoreza-totobaggu/TOUJOURS_XS_GRADIANT-V2.html?dwvar_TOUJOURS__XS__GRADIANT-V2_color=KH6&to=21#viewtype=grid-view-small&sz=192&to=21&start=1 NOTFOUND
[25/12/18 18:56:08][DEBUG]scrape BERLUTI start
[25/12/18 18:56:10][DEBUG]open done OK
[25/12/18 18:56:12][DEBUG]https://www.berluti.com/ja-jp/ruti-25-reza-messenja/LUTI_25-V1.html?dwvar_LUTI__25-V1_color=MR5&to=22#viewtype=grid-view-small&sz=192&to=22&start=1 709500
[25/12/18 18:56:14][DEBUG]scrape BERLUTI start
[25/12/18 18:56:17][DEBUG]open done OK
[25/12/18 18:56:19][DEBUG]https://www.berluti.com/ja-jp/to-ujuru-sofuto-jippu-hobo-xs-sukurittoreza-messenja/ZIPPED_HOBO_XS-V41.html?dwvar_ZIPPED__HOBO__XS-V41_color=MA1&to=23#viewtype=grid-view-small&sz=192&to=23&start=1 451000
[25/12/18 18:56:25][DEBUG]scrape BERLUTI start
[25/12/18 18:56:27][DEBUG]open done OK
[25/12/18 18:56:29][DEBUG]https://www.berluti.com/ja-jp/to-ujuru-sofuto-jippu-hobo-xs-sukurittoreza-messenja/ZIPPED_HOBO_XS-V82.html?dwvar_ZIPPED__HOBO__XS-V82_color=MM5&to=24#viewtype=grid-view-small&sz=192&to=24&start=1 451000
[25/12/18 18:56:31][DEBUG]scrape BERLUTI start
[25/12/18 18:56:34][DEBUG]open done OK
[25/12/18 18:56:36][DEBUG]https://www.berluti.com/ja-jp/to-ujuru-sofuto-jippu-hobo-xs-reza-messenja/ZIPPED_HOBO_XS-V3.html?dwvar_ZIPPED__HOBO__XS-V3_color=F06&to=25#viewtype=grid-view-small&sz=192&to=25&start=1 409200
[25/12/18 18:56:38][DEBUG]scrape BERLUTI start
[25/12/18 18:56:41][DEBUG]open done OK
[25/12/18 18:56:43][DEBUG]https://www.berluti.com/ja-jp/andi-fon-pochi-reza-messenja/ANDY_PHONE_POUCH-V1.html?dwvar_ANDY__PHONE__POUCH-V1_color=ML6&to=26#viewtype=grid-view-small&sz=192&to=26&start=1 367400
[25/12/18 18:56:45][DEBUG]scrape BERLUTI start
[25/12/18 18:56:47][DEBUG]open done OK
[25/12/18 18:56:49][DEBUG]https://www.berluti.com/ja-jp/andi-kurosubodi-reza-messenja/ANDY_CROSSBODY-V1.html?dwvar_ANDY__CROSSBODY-V1_color=ML6&to=27#viewtype=grid-view-small&sz=192&to=27&start=1 665500
[25/12/18 18:56:52][DEBUG]scrape BERLUTI start
[25/12/18 18:56:54][DEBUG]open done OK
[25/12/18 18:56:56][DEBUG]https://www.berluti.com/ja-jp/andi-messenja-rezaburifukesu/ANDY_MESSENGER-V1.html?dwvar_ANDY__MESSENGER-V1_color=ML6&to=28#viewtype=grid-view-small&sz=192&to=28&start=1 731500
[25/12/18 18:56:58][DEBUG]scrape BERLUTI start
[25/12/18 18:57:00][DEBUG]open done OK
[25/12/18 18:57:03][DEBUG]https://www.berluti.com/ja-jp/wakingudei-sukurittoreza-bakkupakku/WORKING_DAY-V82.html?dwvar_WORKING__DAY-V82_color=K02&to=29#viewtype=grid-view-small&sz=192&to=29&start=1 665500
[25/12/18 18:57:09][DEBUG]scrape BERLUTI start
[25/12/18 18:57:11][DEBUG]open done OK
[25/12/18 18:57:13][DEBUG]https://www.berluti.com/ja-jp/to-ujuru-sofuto-jippu-hobo-sukurittoreza-messenja/ZIPPED_HOBO-V82.html?dwvar_ZIPPED__HOBO-V82_color=MM5&to=30#viewtype=grid-view-small&sz=192&to=30&start=1 545600
[25/12/18 18:57:15][DEBUG]scrape BERLUTI start
[25/12/18 18:57:18][DEBUG]open done OK
[25/12/18 18:57:20][DEBUG]https://www.berluti.com/ja-jp/moningu-on-sutorappu-reza-messenja/MORNING_ON_STRAP-V81.html?dwvar_MORNING__ON__STRAP-V81_color=MM5&to=31#viewtype=grid-view-small&sz=192&to=31&start=1 409200
[25/12/18 18:57:26][DEBUG]scrape BERLUTI start
[25/12/18 18:57:28][DEBUG]open done OK
[25/12/18 18:57:30][DEBUG]https://www.berluti.com/ja-jp/moningu-sukurittoreza-toiretaripochi/MORNING-JOUR_TANGRAM-V87.html?dwvar_MORNING-JOUR__TANGRAM-V87_color=G89&to=32#viewtype=grid-view-small&sz=192&to=32&start=1 312400
[25/12/18 18:57:32][DEBUG]scrape BERLUTI start
[25/12/18 18:57:35][DEBUG]open done OK
[25/12/18 18:57:37][DEBUG]https://www.berluti.com/ja-jp/obanaito-sukurittoreza-toraberubaggu/OVERNIGHT-V82.html?dwvar_OVERNIGHT-V82_color=MM5&to=33#viewtype=grid-view-small&sz=192&to=33&start=1 715000
[25/12/18 18:57:39][DEBUG]scrape BERLUTI start
[25/12/18 18:57:41][DEBUG]open done OK
[25/12/18 18:57:45][DEBUG]https://www.berluti.com/ja-jp/obanaito-reza-toraberubaggu/OVERNIGHT-CE.html?dwvar_OVERNIGHT-CE_color=MC5&to=34#viewtype=grid-view-small&sz=192&to=34&start=1 NOTFOUND
[25/12/18 18:57:48][DEBUG]scrape BERLUTI start
[25/12/18 18:57:49][DEBUG]open done OK
[25/12/18 18:57:54][DEBUG]https://www.berluti.com/ja-jp/obanaito-reza-toraberubaggu/OVERNIGHT-CE.html?dwvar_OVERNIGHT-CE_color=K62&to=35#viewtype=grid-view-small&sz=192&to=35&start=1 NOTFOUND
[25/12/18 18:57:56][DEBUG]scrape BERLUTI start
[25/12/18 18:57:58][DEBUG]open done OK
[25/12/18 18:58:00][DEBUG]https://www.berluti.com/ja-jp/to-ujuru-xs-towaru-marubufu-totobaggu/TOUJOURS_XS-T19.html?dwvar_TOUJOURS__XS-T19_color=MO5&to=36#viewtype=grid-view-small&sz=192&to=36&start=1 409200
[25/12/18 18:58:02][DEBUG]scrape BERLUTI start
[25/12/18 18:58:04][DEBUG]open done OK
[25/12/18 18:58:06][DEBUG]https://www.berluti.com/ja-jp/to-ujuru-mini-neo-sukurittoreza-totobaggu/TOUJOURS_MINI_NEO-V2.html?dwvar_TOUJOURS__MINI__NEO-V2_color=KD4&to=37#viewtype=grid-view-small&sz=192&to=37&start=1 490600
[25/12/18 18:58:08][DEBUG]scrape BERLUTI start
[25/12/18 18:58:10][DEBUG]open done OK
[25/12/18 18:58:12][DEBUG]https://www.berluti.com/ja-jp/to-ujuru-mini-neo-sukurittoreza-totobaggu/TOUJOURS_MINI_NEO-V2.html?dwvar_TOUJOURS__MINI__NEO-V2_color=G27&to=38#viewtype=grid-view-small&sz=192&to=38&start=1 490600
[25/12/18 18:58:14][DEBUG]scrape BERLUTI start
[25/12/18 18:58:16][DEBUG]open done OK
[25/12/18 18:58:18][DEBUG]https://www.berluti.com/ja-jp/to-ujuru-mini-neo-sukurittoreza-totobaggu/TOUJOURS_MINI_NEO-V2.html?dwvar_TOUJOURS__MINI__NEO-V2_color=G11&to=39#viewtype=grid-view-small&sz=192&to=39&start=1 490600
[25/12/18 18:58:21][DEBUG]scrape BERLUTI start
[25/12/18 18:58:22][DEBUG]open done OK
[25/12/18 18:58:26][DEBUG]https://www.berluti.com/ja-jp/to-ujuru-mini-sukurittoreza-totobaggu/TOUJOURS_MINI_NEO_BE_RR-V2.html?dwvar_TOUJOURS__MINI__NEO__BE__RR-V2_color=R79&to=40#viewtype=grid-view-small&sz=192&to=40&start=1 NOTFOUND
[25/12/18 18:58:29][DEBUG]scrape BERLUTI start
[25/12/18 18:58:31][DEBUG]open done OK
[25/12/18 18:58:35][DEBUG]https://www.berluti.com/ja-jp/to-ujuru-mini-sukurittoreza-totobaggu/TOUJOURS_MINI_NEO_GRADIANT-V2.html?dwvar_TOUJOURS__MINI__NEO__GRADIANT-V2_color=B07&to=41#viewtype=grid-view-small&sz=192&to=41&start=1 NOTFOUND
[25/12/18 18:58:37][DEBUG]scrape BERLUTI start
[25/12/18 18:58:39][DEBUG]open done OK
[25/12/18 18:58:43][DEBUG]https://www.berluti.com/ja-jp/to-ujuru-mini-sukurittoreza-totobaggu/TOUJOURS_MINI_NEO_GRADIANT-V2.html?dwvar_TOUJOURS__MINI__NEO__GRADIANT-V2_color=KH6&to=42#viewtype=grid-view-small&sz=192&to=42&start=1 NOTFOUND
[25/12/18 18:58:45][DEBUG]scrape BERLUTI start
[25/12/18 18:58:48][DEBUG]open done OK
[25/12/18 18:58:50][DEBUG]https://www.berluti.com/ja-jp/to-ujuru-gariba-sukurittoreza-messenja/TOUJOURS_GULLIVER_NEO-V2.html?dwvar_TOUJOURS__GULLIVER__NEO-V2_color=KD4&to=43#viewtype=grid-view-small&sz=192&to=43&start=1 409200
[25/12/18 18:58:56][DEBUG]scrape BERLUTI start
[25/12/18 18:58:58][DEBUG]open done OK
[25/12/18 18:59:00][DEBUG]https://www.berluti.com/ja-jp/to-ujuru-gariba-sukurittoreza-messenja/TOUJOURS_GULLIVER_NEO-V2.html?dwvar_TOUJOURS__GULLIVER__NEO-V2_color=G27&to=44#viewtype=grid-view-small&sz=192&to=44&start=1 409200
[25/12/18 18:59:06][DEBUG]scrape BERLUTI start
[25/12/18 18:59:09][DEBUG]open done OK
[25/12/18 18:59:11][DEBUG]https://www.berluti.com/ja-jp/to-ujuru-gariba-sukurittoreza-messenja/TOUJOURS_GULLIVER_NEO-V2.html?dwvar_TOUJOURS__GULLIVER__NEO-V2_color=M10&to=45#viewtype=grid-view-small&sz=192&to=45&start=1 409200
[25/12/18 18:59:17][DEBUG]scrape BERLUTI start
[25/12/18 18:59:20][DEBUG]open done OK
[25/12/18 18:59:22][DEBUG]https://www.berluti.com/ja-jp/to-ujuru-gariba-sukurittoreza-messenja/TOUJOURS_GULLIVER_NEO-V2.html?dwvar_TOUJOURS__GULLIVER__NEO-V2_color=G11&to=46#viewtype=grid-view-small&sz=192&to=46&start=1 409200
[25/12/18 18:59:28][DEBUG]scrape BERLUTI start
[25/12/18 18:59:30][DEBUG]open done OK
[25/12/18 18:59:32][DEBUG]https://www.berluti.com/ja-jp/to-ujuru-gariba-sukurittoreza-messenja/TOUJOURS_GULLIVER_NEO-V2.html?dwvar_TOUJOURS__GULLIVER__NEO-V2_color=MQ4&to=47#viewtype=grid-view-small&sz=192&to=47&start=1 409200
[25/12/18 18:59:38][DEBUG]scrape BERLUTI start
[25/12/18 18:59:40][DEBUG]open done OK
[25/12/18 18:59:44][DEBUG]https://www.berluti.com/ja-jp/to-ujuru-gariba-guradianto-sukurittoreza-messenja/TOUJOURS_GULLIVER_NEO_GRADIANT-V2.html?dwvar_TOUJOURS__GULLIVER__NEO__GRADIANT-V2_color=R78&to=48#viewtype=grid-view-small&sz=192&to=48&start=1 NOTFOUND
[25/12/18 18:59:47][DEBUG]scrape BERLUTI start
[25/12/18 18:59:49][DEBUG]open done OK
[25/12/18 18:59:51][DEBUG]https://www.berluti.com/ja-jp/to-ujuru-nano-sukurittoreza-pochi/TOUJOURS_NANO-JOUR-V2.html?dwvar_TOUJOURS__NANO-JOUR-V2_color=M10&to=49#viewtype=grid-view-small&sz=192&to=49&start=1 462000
[25/12/18 18:59:53][DEBUG]scrape BERLUTI start
[25/12/18 18:59:55][DEBUG]open done OK
[25/12/18 18:59:57][DEBUG]https://www.berluti.com/ja-jp/fomyura-1003-sukurittopochi/FORMULA_1003_NEO-JOUR-V2.html?dwvar_FORMULA__1003__NEO-JOUR-V2_color=ML6&to=50#viewtype=grid-view-small&sz=192&to=50&start=1 217800
[25/12/18 18:59:59][DEBUG]scrape BERLUTI start
[25/12/18 19:00:02][DEBUG]open done OK
[25/12/18 19:00:04][DEBUG]https://www.berluti.com/ja-jp/anjuru-mini-reza-burifukesu/1_JOUR_MINI-V81.html?dwvar_1__JOUR__MINI-V81_color=MM5&to=51#viewtype=grid-view-small&sz=192&to=51&start=1 588500
[25/12/18 19:00:06][DEBUG]scrape BERLUTI start
[25/12/18 19:00:09][DEBUG]open done OK
[25/12/18 19:00:11][DEBUG]https://www.berluti.com/ja-jp/anjuru-poketto-reza-burifukesu/1_JOUR_NEO_POCKET-V1.html?dwvar_1__JOUR__NEO__POCKET-V1_color=MR5&to=52#viewtype=grid-view-small&sz=192&to=52&start=1 819500
[25/12/18 19:00:13][DEBUG]scrape BERLUTI start
[25/12/18 19:00:19][DEBUG]open done OK
[25/12/18 19:00:21][DEBUG]https://www.berluti.com/ja-jp/anjuru-rezaburifukesu/1_JOUR_NEO-V1.html?dwvar_1__JOUR__NEO-V1_color=ML6&to=53#viewtype=grid-view-small&sz=192&to=53&start=1 638000
[25/12/18 19:00:23][DEBUG]scrape BERLUTI start
[25/12/18 19:00:25][DEBUG]open done OK
[25/12/18 19:00:27][DEBUG]https://www.berluti.com/ja-jp/do-ujuru-reza-burifukesu/2_JOURS_NEO-V1.html?dwvar_2__JOURS__NEO-V1_color=ML6&to=54#viewtype=grid-view-small&sz=192&to=54&start=1 682000
[25/12/18 19:00:30][DEBUG]scrape BERLUTI start
[25/12/18 19:00:32][DEBUG]open done OK
[25/12/18 19:00:34][DEBUG]https://www.berluti.com/ja-jp/do-ujuru-reza-burifukesu/2_JOURS_NEO-V1.html?dwvar_2__JOURS__NEO-V1_color=K02&to=55#viewtype=grid-view-small&sz=192&to=55&start=1 682000
[25/12/18 19:00:36][DEBUG]scrape BERLUTI start
[25/12/18 19:00:39][DEBUG]open done OK
[25/12/18 19:00:41][DEBUG]https://www.berluti.com/ja-jp/torowanyui-reza-burifukesu/3_NUITS_NEO-V1.html?dwvar_3__NUITS__NEO-V1_color=ML6&to=56#viewtype=grid-view-small&sz=192&to=56&start=1 885500
[25/12/18 19:00:43][DEBUG]scrape BERLUTI start
[25/12/18 19:00:45][DEBUG]open done OK
[25/12/18 19:00:47][DEBUG]https://www.berluti.com/ja-jp/do-ujuru-sukurittoreza-burifukesu/2_JOURS_NEO-V2.html?dwvar_2__JOURS__NEO-V2_color=ML6&to=57#viewtype=grid-view-small&sz=192&to=57&start=1 715000
[25/12/18 19:00:49][DEBUG]scrape BERLUTI start
[25/12/18 19:00:51][DEBUG]open done OK
[25/12/18 19:00:53][DEBUG]https://www.berluti.com/ja-jp/f088vu-enetsu-ia-kafurezaburifukesu/F088_IV-V3.html?dwvar_F088__IV-V3_color=ML6&to=58#viewtype=grid-view-small&sz=192&to=58&start=1 682000
[25/12/18 19:00:55][DEBUG]scrape BERLUTI start
[25/12/18 19:00:57][DEBUG]open done OK
[25/12/18 19:01:01][DEBUG]https://www.berluti.com/ja-jp/anjuru-mini-guradianto-sukurittoreza-burifukesu/1_JOUR_MINI_NEO_GRADIANT-V2.html?dwvar_1__JOUR__MINI__NEO__GRADIANT-V2_color=KH6&to=59#viewtype=grid-view-small&sz=192&to=59&start=1 NOTFOUND
[25/12/18 19:01:03][DEBUG]scrape BERLUTI start
[25/12/18 19:01:06][DEBUG]open done OK
[25/12/18 19:01:08][DEBUG]https://www.berluti.com/ja-jp/anjuru-sukurittoreza-burifukesu/1_JOUR_NEO-V2.html?dwvar_1__JOUR__NEO-V2_color=K02&to=60#viewtype=grid-view-small&sz=192&to=60&start=1 682000
[25/12/18 19:01:10][DEBUG]scrape BERLUTI start
[25/12/18 19:01:12][DEBUG]open done OK
[25/12/18 19:01:14][DEBUG]https://www.berluti.com/ja-jp/anjuru-sukurittoreza-burifukesu/1_JOUR_NEO-V2.html?dwvar_1__JOUR__NEO-V2_color=ML6&to=61#viewtype=grid-view-small&sz=192&to=61&start=1 682000
[25/12/18 19:01:17][DEBUG]scrape BERLUTI start
[25/12/18 19:01:19][DEBUG]open done OK
[25/12/18 19:01:21][DEBUG]https://www.berluti.com/ja-jp/anjuru-sukurittoreza-burifukesu/1_JOUR_NEO-V2.html?dwvar_1__JOUR__NEO-V2_color=G11&to=62#viewtype=grid-view-small&sz=192&to=62&start=1 682000
[25/12/18 19:01:23][DEBUG]scrape BERLUTI start
[25/12/18 19:01:26][DEBUG]open done OK
[25/12/18 19:01:28][DEBUG]https://www.berluti.com/ja-jp/anjuru-sumoru-sukurittoreza-burifukesu/1_JOUR_MINI_NEO-V2.html?dwvar_1__JOUR__MINI__NEO-V2_color=K02&to=63#viewtype=grid-view-small&sz=192&to=63&start=1 621500
[25/12/18 19:01:30][DEBUG]scrape BERLUTI start
[25/12/18 19:01:32][DEBUG]open done OK
[25/12/18 19:01:34][DEBUG]https://www.berluti.com/ja-jp/anjuru-sumoru-sukurittoreza-burifukesu/1_JOUR_MINI_NEO-V2.html?dwvar_1__JOUR__MINI__NEO-V2_color=ML6&to=64#viewtype=grid-view-small&sz=192&to=64&start=1 621500
[25/12/18 19:01:36][DEBUG]scrape BERLUTI start
[25/12/18 19:01:39][DEBUG]open done OK
[25/12/18 19:01:41][DEBUG]https://www.berluti.com/ja-jp/anjuru-gariba-sukurittoreza-burifukesu/1_JOUR_GULLIVER_NEO-V2.html?dwvar_1__JOUR__GULLIVER__NEO-V2_color=ML6&to=65#viewtype=grid-view-small&sz=192&to=65&start=1 441100
[25/12/18 19:01:43][DEBUG]scrape BERLUTI start
[25/12/18 19:01:45][DEBUG]open done OK
[25/12/18 19:01:47][DEBUG]https://www.berluti.com/ja-jp/anjuru-gariba-sukurittoreza-burifukesu/1_JOUR_GULLIVER_NEO-V2.html?dwvar_1__JOUR__GULLIVER__NEO-V2_color=KD4&to=66#viewtype=grid-view-small&sz=192&to=66&start=1 441100
[25/12/18 19:01:49][DEBUG]scrape BERLUTI start
[25/12/18 19:01:52][DEBUG]open done OK
[25/12/18 19:01:54][DEBUG]https://www.berluti.com/ja-jp/anjuru-gariba-sukurittoreza-burifukesu/1_JOUR_GULLIVER_NEO-V2.html?dwvar_1__JOUR__GULLIVER__NEO-V2_color=G11&to=67#viewtype=grid-view-small&sz=192&to=67&start=1 441100
[25/12/18 19:01:56][DEBUG]scrape BERLUTI start
[25/12/18 19:01:58][DEBUG]open done OK
[25/12/18 19:02:02][DEBUG]https://www.berluti.com/ja-jp/anjuru-nano-sukurittoreza-pochi/1_JOUR__NANO_NEO-JOUR-V2.html?dwvar_1__JOUR____NANO__NEO-JOUR-V2_color=ML6&to=68#viewtype=grid-view-small&sz=192&to=68&start=1 NOTFOUND
[25/12/18 19:02:04][DEBUG]scrape BERLUTI start
[25/12/18 19:02:06][DEBUG]open done OK
[25/12/18 19:02:10][DEBUG]https://www.berluti.com/ja-jp/anjuru-sukurittoreza-burifukesu/1_JOUR_NEO_BE_RR-V2.html?dwvar_1__JOUR__NEO__BE__RR-V2_color=MH2&to=69#viewtype=grid-view-small&sz=192&to=69&start=1 NOTFOUND
[25/12/18 19:02:12][DEBUG]scrape BERLUTI start
[25/12/18 19:02:14][DEBUG]open done OK
[25/12/18 19:02:16][DEBUG]https://www.berluti.com/ja-jp/terushio-reza-arigetareza-pochi/TERSIO_NEO_BE_RR-BE_RAPIECE_REPRISE-VC.html?dwvar_TERSIO__NEO__BE__RR-BE__RAPIECE__REPRISE-VC_color=MH2&to=70#viewtype=grid-view-small&sz=192&to=70&start=1 1226500
[25/12/18 19:02:18][DEBUG]scrape BERLUTI start
[25/12/18 19:02:20][DEBUG]open done OK
[25/12/18 19:02:22][DEBUG]https://www.berluti.com/ja-jp/emio-kafu-arigetareza-burifukesu/E_MIO_NEO_BE_RR-VC.html?dwvar_E__MIO__NEO__BE__RR-VC_color=R79&to=71#viewtype=grid-view-small&sz=192&to=71&start=1 2981000
[25/12/18 19:02:25][DEBUG]scrape BERLUTI start
[25/12/18 19:02:27][DEBUG]open done OK
[25/12/18 19:02:31][DEBUG]https://www.berluti.com/ja-jp/nino-gm-sukurittoreza-kuratchi/NINO_GM_NEO_BE_RR-V2.html?dwvar_NINO__GM__NEO__BE__RR-V2_color=R79&to=72#viewtype=grid-view-small&sz=192&to=72&start=1 NOTFOUND
[25/12/18 19:02:33][DEBUG]scrape BERLUTI start
[25/12/18 19:02:35][DEBUG]open done OK
[25/12/18 19:02:37][DEBUG]https://www.berluti.com/ja-jp/anjuru-mini-kafu-arigetareza-burifukesu/1_JOUR_MINI_NEO_BE_RR-VC.html?dwvar_1__JOUR__MINI__NEO__BE__RR-VC_color=K08&to=73#viewtype=grid-view-small&sz=192&to=73&start=1 2662000
[25/12/18 19:02:39][DEBUG]scrape BERLUTI start
[25/12/18 19:02:41][DEBUG]open done OK
[25/12/18 19:02:45][DEBUG]https://www.berluti.com/ja-jp/terushio-sukurittoreza-pochi/TERSIO_NEO_BE_RR-BE_RAPIECE_REPRISE-V2.html?dwvar_TERSIO__NEO__BE__RR-BE__RAPIECE__REPRISE-V2_color=K08&to=74#viewtype=grid-view-small&sz=192&to=74&start=1 NOTFOUND
[25/12/18 19:02:47][DEBUG]scrape BERLUTI start
[25/12/18 19:02:49][DEBUG]open done OK
[25/12/18 19:02:53][DEBUG]https://www.berluti.com/ja-jp/obasaizu-toto-reza-totobaggu/OVERSIZE_TOTE-V81.html?dwvar_OVERSIZE__TOTE-V81_color=MM5&to=75#viewtype=grid-view-small&sz=192&to=75&start=1 NOTFOUND
[25/12/18 19:02:55][DEBUG]scrape BERLUTI start
[25/12/18 19:02:57][DEBUG]open done OK
[25/12/18 19:03:00][DEBUG]https://www.berluti.com/ja-jp/emio-sukurittoreza-messenja/E_MIO_MESSENGER-V2.html?dwvar_E__MIO__MESSENGER-V2_color=MR5&to=76#viewtype=grid-view-small&sz=192&to=76&start=1 588500
[25/12/18 19:03:02][DEBUG]scrape BERLUTI start
[25/12/18 19:03:04][DEBUG]open done OK
[25/12/18 19:03:06][DEBUG]https://www.berluti.com/ja-jp/emio-sukurittoreza-messenja/E_MIO_MESSENGER-V2.html?dwvar_E__MIO__MESSENGER-V2_color=KD1&to=77#viewtype=grid-view-small&sz=192&to=77&start=1 588500
[25/12/18 19:03:08][DEBUG]scrape BERLUTI start
[25/12/18 19:03:11][DEBUG]open done OK
[25/12/18 19:03:13][DEBUG]https://www.berluti.com/ja-jp/to-ujuru-sofuto-jippu-hobo-reza-messenja/ZIPPED_HOBO-V3.html?dwvar_ZIPPED__HOBO-V3_color=MQ4&to=78#viewtype=grid-view-small&sz=192&to=78&start=1 490600
[25/12/18 19:03:15][DEBUG]scrape BERLUTI start
[25/12/18 19:03:18][DEBUG]open done OK
[25/12/18 19:03:22][DEBUG]https://www.berluti.com/ja-jp/purumiejuru-kabasukurittoreza-totobaggu/PREMIER_JOUR_CABAS-V2.html?dwvar_PREMIER__JOUR__CABAS-V2_color=MA1&to=79#viewtype=grid-view-small&sz=192&to=79&start=1 NOTFOUND
[25/12/18 19:03:24][DEBUG]scrape BERLUTI start
[25/12/18 19:03:26][DEBUG]open done OK
[25/12/18 19:03:28][DEBUG]https://www.berluti.com/ja-jp/purumiejuru-sukurittoreza-bakkupakku/PREMIER_JOUR_NEO-V2.html?dwvar_PREMIER__JOUR__NEO-V2_color=MR5&to=80#viewtype=grid-view-small&sz=192&to=80&start=1 671000
[25/12/18 19:03:30][DEBUG]scrape BERLUTI start
[25/12/18 19:03:32][DEBUG]open done OK
[25/12/18 19:03:35][DEBUG]https://www.berluti.com/ja-jp/purumiejuru-gariba-sukurittoreza-messenja/PREMIER_JOUR_GULLIVER-V2.html?dwvar_PREMIER__JOUR__GULLIVER-V2_color=Y23&to=81#viewtype=grid-view-small&sz=192&to=81&start=1 313500
[25/12/18 19:03:37][DEBUG]scrape BERLUTI start
[25/12/18 19:03:39][DEBUG]open done OK
[25/12/18 19:03:41][DEBUG]https://www.berluti.com/ja-jp/purumiejuru-gariba-sukurittoreza-messenja/PREMIER_JOUR_GULLIVER-V2.html?dwvar_PREMIER__JOUR__GULLIVER-V2_color=G11&to=82#viewtype=grid-view-small&sz=192&to=82&start=1 313500
[25/12/18 19:03:43][DEBUG]scrape BERLUTI start
[25/12/18 19:03:45][DEBUG]open done OK
[25/12/18 19:03:47][DEBUG]https://www.berluti.com/ja-jp/purumiejuru-gariba-sukurittoreza-messenja/PREMIER_JOUR_GULLIVER-V2.html?dwvar_PREMIER__JOUR__GULLIVER-V2_color=G02&to=83#viewtype=grid-view-small&sz=192&to=83&start=1 313500
[25/12/18 19:03:49][DEBUG]scrape BERLUTI start
[25/12/18 19:03:51][DEBUG]open done OK
[25/12/18 19:03:53][DEBUG]https://www.berluti.com/ja-jp/purumiejuru-gariba-sukurittoreza-messenja/PREMIER_JOUR_GULLIVER-V2.html?dwvar_PREMIER__JOUR__GULLIVER-V2_color=KD4&to=84#viewtype=grid-view-small&sz=192&to=84&start=1 313500
[25/12/18 19:03:55][DEBUG]scrape BERLUTI start
[25/12/18 19:03:58][DEBUG]open done OK
[25/12/18 19:04:00][DEBUG]https://www.berluti.com/ja-jp/puremia-juru-sukuritto-reza-bakkupakku/PREMIER_JOUR-V2.html?dwvar_PREMIER__JOUR-V2_color=K02&to=85#viewtype=grid-view-small&sz=192&to=85&start=1 671000
[25/12/18 19:04:02][DEBUG]scrape BERLUTI start
[25/12/18 19:04:04][DEBUG]open done OK
[25/12/18 19:04:09][DEBUG]https://www.berluti.com/ja-jp/jurunarie-torio-sukurittoreza-messenja/JOURNALIER_TRIO-V82.html?dwvar_JOURNALIER__TRIO-V82_color=MM5&to=86#viewtype=grid-view-small&sz=192&to=86&start=1 NOTFOUND
[25/12/18 19:04:11][DEBUG]scrape BERLUTI start
[25/12/18 19:04:13][DEBUG]open done OK
[25/12/18 19:04:17][DEBUG]https://www.berluti.com/ja-jp/jurunarie-reza-messenja/JOURNALIER-V3.html?dwvar_JOURNALIER-V3_color=MQ4&to=87#viewtype=grid-view-small&sz=192&to=87&start=1 NOTFOUND
[25/12/18 19:04:19][DEBUG]scrape BERLUTI start
[25/12/18 19:04:21][DEBUG]open done OK
[25/12/18 19:04:23][DEBUG]https://www.berluti.com/ja-jp/jurunarie-sukurittoreza-messenja/JOURNALIER-V82.html?dwvar_JOURNALIER-V82_color=ME8&to=88#viewtype=grid-view-small&sz=192&to=88&start=1 379500
[25/12/18 19:04:25][DEBUG]scrape BERLUTI start
[25/12/18 19:04:27][DEBUG]open done OK
[25/12/18 19:04:31][DEBUG]https://www.berluti.com/ja-jp/jurunarie-reza-messenja/JOURNALIER-V1.html?dwvar_JOURNALIER-V1_color=R78&to=90#viewtype=grid-view-small&sz=192&to=90&start=1 NOTFOUND
[25/12/18 19:04:33][DEBUG]scrape BERLUTI start
[25/12/18 19:04:35][DEBUG]open done OK
[25/12/18 19:04:37][DEBUG]https://www.berluti.com/ja-jp/terushio-sukurittoreza-pochi/TERSIO_NEO-JOUR_SOFTY-V82.html?dwvar_TERSIO__NEO-JOUR__SOFTY-V82_color=B02&to=91#viewtype=grid-view-small&sz=192&to=91&start=1 324500
[25/12/18 19:04:39][DEBUG]scrape BERLUTI start
[25/12/18 19:04:41][DEBUG]open done OK
[25/12/18 19:04:43][DEBUG]https://www.berluti.com/ja-jp/rozuuddo-sukurittoreza-pochi/ROSEWOOD_NEO-JOUR-V2.html?dwvar_ROSEWOOD__NEO-JOUR-V2_color=ML6&to=92#viewtype=grid-view-small&sz=192&to=92&start=1 238700
[25/12/18 19:04:45][DEBUG]scrape BERLUTI start
[25/12/18 19:04:47][DEBUG]open done OK
[25/12/18 19:04:49][DEBUG]https://www.berluti.com/ja-jp/terushio-reza-oruinwan/TERSIO_NEO-JOUR-V2.html?dwvar_TERSIO__NEO-JOUR-V2_color=K02&to=93#viewtype=grid-view-small&sz=192&to=93&start=1 324500
[25/12/18 19:04:52][DEBUG]scrape BERLUTI start
[25/12/18 19:04:54][DEBUG]open done OK
[25/12/18 19:04:56][DEBUG]https://www.berluti.com/ja-jp/terushio-reza-oruinwan/TERSIO_NEO-JOUR-V2.html?dwvar_TERSIO__NEO-JOUR-V2_color=G11&to=94#viewtype=grid-view-small&sz=192&to=94&start=1 324500
[25/12/18 19:04:58][DEBUG]scrape BERLUTI start
[25/12/18 19:05:00][DEBUG]open done OK
[25/12/18 19:05:04][DEBUG]https://www.berluti.com/ja-jp/nino-gm-sukurittosuwaipureza-kuratchi/NINO_GM_NEO_GRADIANT-V2.html?dwvar_NINO__GM__NEO__GRADIANT-V2_color=R78&to=95#viewtype=grid-view-small&sz=192&to=95&start=1 NOTFOUND
[25/12/18 19:05:06][DEBUG]scrape BERLUTI start
[25/12/18 19:05:08][DEBUG]open done OK
[25/12/18 19:05:12][DEBUG]https://www.berluti.com/ja-jp/nino-gm-sukurittosuwaipureza-kuratchi/NINO_GM_NEO_GRADIANT-V2.html?dwvar_NINO__GM__NEO__GRADIANT-V2_color=B07&to=96#viewtype=grid-view-small&sz=192&to=96&start=1 NOTFOUND
[25/12/18 19:05:14][DEBUG]scrape BERLUTI start
[25/12/18 19:05:17][DEBUG]open done OK
[25/12/18 19:05:19][DEBUG]https://www.berluti.com/ja-jp/nino-tgm-sukurittoreza-kuratchi/NINO_TGM_NEO-V2.html?dwvar_NINO__TGM__NEO-V2_color=ML6&to=97#viewtype=grid-view-small&sz=192&to=97&start=1 287100
[25/12/18 19:05:21][DEBUG]scrape BERLUTI start
[25/12/18 19:05:23][DEBUG]open done OK
[25/12/18 19:05:25][DEBUG]https://www.berluti.com/ja-jp/nino-tgm-sukurittoreza-kuratchi/NINO_TGM_NEO-V2.html?dwvar_NINO__TGM__NEO-V2_color=K02&to=98#viewtype=grid-view-small&sz=192&to=98&start=1 287100
[25/12/18 19:05:28][DEBUG]scrape BERLUTI start
[25/12/18 19:05:30][DEBUG]open done OK
[25/12/18 19:05:32][DEBUG]https://www.berluti.com/ja-jp/aibi-sukurittosuwaipu-reza-toiretaripochi/IVY-JOUR-V2.html?dwvar_IVY-JOUR-V2_color=G27&to=99#viewtype=grid-view-small&sz=192&to=99&start=1 191400
[25/12/18 19:05:34][DEBUG]scrape BERLUTI start
[25/12/18 19:05:36][DEBUG]open done OK
[25/12/18 19:05:38][DEBUG]https://www.berluti.com/ja-jp/wakingudei-sukurittoreza-bakkupakku/WORKING_DAY-V2.html?dwvar_WORKING__DAY-V2_color=ML6&to=100#viewtype=grid-view-small&sz=192&to=100&start=1 665500
[25/12/18 19:05:40][DEBUG]scrape BERLUTI start
[25/12/18 19:05:43][DEBUG]open done OK
[25/12/18 19:05:45][DEBUG]https://www.berluti.com/ja-jp/wakingudei-sukurittoreza-bakkupakku/WORKING_DAY-V2.html?dwvar_WORKING__DAY-V2_color=G27&to=101#viewtype=grid-view-small&sz=192&to=101&start=1 665500
[25/12/18 19:05:47][DEBUG]scrape BERLUTI start
[25/12/18 19:05:49][DEBUG]open done OK
[25/12/18 19:05:51][DEBUG]https://www.berluti.com/ja-jp/taimuofu-sukurittoreza-bakkupakku/TIME_OFF_NEO-V82.html?dwvar_TIME__OFF__NEO-V82_color=B02&to=102#viewtype=grid-view-small&sz=192&to=102&start=1 594000
[25/12/18 19:05:53][DEBUG]scrape BERLUTI start
[25/12/18 19:05:55][DEBUG]open done OK
[25/12/18 19:05:59][DEBUG]https://www.berluti.com/ja-jp/shadou-kashimiya-suringubaggu/B5820_SLINGBAG-Z65.html?dwvar_B5820__SLINGBAG-Z65_color=K58&to=103#viewtype=grid-view-small&sz=192&to=103&start=1 NOTFOUND
[25/12/18 19:06:01][DEBUG]scrape BERLUTI start
[25/12/18 19:06:03][DEBUG]open done OK
[25/12/18 19:06:05][DEBUG]https://www.berluti.com/ja-jp/shadou-kashimiya-bamubaggu/B5820_BUMBAG-Z65.html?dwvar_B5820__BUMBAG-Z65_color=K58&to=104#viewtype=grid-view-small&sz=192&to=104&start=1 322300
[25/12/18 19:06:07][DEBUG]scrape BERLUTI start
[25/12/18 19:06:09][DEBUG]open done OK
[25/12/18 19:06:11][DEBUG]https://www.berluti.com/ja-jp/shadou-kashimiya-bakkupakku/B5820_BACKPACK-Z65.html?dwvar_B5820__BACKPACK-Z65_color=K58&to=105#viewtype=grid-view-small&sz=192&to=105&start=1 473000
[25/12/18 19:06:17][DEBUG]scrape BERLUTI start
[25/12/18 19:06:20][DEBUG]open done OK
[25/12/18 19:06:24][DEBUG]https://www.berluti.com/ja-jp/burusu-towaru-marubufu-messenja/BOURSE-T19.html?dwvar_BOURSE-T19_color=MO5&to=106#viewtype=grid-view-small&sz=192&to=106&start=1 NOTFOUND
[25/12/18 19:06:26][DEBUG]scrape BERLUTI start
[25/12/18 19:06:28][DEBUG]open done OK
[25/12/18 19:06:30][DEBUG]https://www.berluti.com/ja-jp/jurunarie-towaru-marubufu-messenja/JOURNALIER-T19.html?dwvar_JOURNALIER-T19_color=MO5&to=107#viewtype=grid-view-small&sz=192&to=107&start=1 367400
[25/12/18 19:06:32][DEBUG]scrape BERLUTI start
[25/12/18 19:06:34][DEBUG]open done OK
[25/12/18 19:06:38][DEBUG]https://www.berluti.com/ja-jp/ete-yui-do-u-vu-oyaju-towaru-marubufu-toraberupochi/ETUI_DE_VOYAGE-TOILE_MARBEUF-T19.html?dwvar_ETUI__DE__VOYAGE-TOILE__MARBEUF-T19_color=MO5&to=108#viewtype=grid-view-small&sz=192&to=108&start=1 NOTFOUND
[25/12/18 19:06:40][DEBUG]scrape BERLUTI start
[25/12/18 19:06:42][DEBUG]open done OK
[25/12/18 19:06:46][DEBUG]https://www.berluti.com/ja-jp/myuzetto-towaru-marubufu-messenja/MUSETTE-T19.html?dwvar_MUSETTE-T19_color=MO5&to=109#viewtype=grid-view-small&sz=192&to=109&start=1 NOTFOUND
[25/12/18 19:06:48][DEBUG]scrape BERLUTI start
[25/12/18 19:06:50][DEBUG]open done OK
[25/12/18 19:06:54][DEBUG]https://www.berluti.com/ja-jp/karutaburu-towaru-marubufu-bakkupakku/CARTABLE-T19.html?dwvar_CARTABLE-T19_color=MO5&to=110#viewtype=grid-view-small&sz=192&to=110&start=1 NOTFOUND
[25/12/18 19:06:56][DEBUG]scrape BERLUTI start
[25/12/18 19:06:58][DEBUG]open done OK
[25/12/18 19:07:02][DEBUG]https://www.berluti.com/ja-jp/kaba-do-u-vu-oyaju-towaru-marubufu-totobaggu/CABAS_DE_VOYAGE-T19.html?dwvar_CABAS__DE__VOYAGE-T19_color=MO5&to=111#viewtype=grid-view-small&sz=192&to=111&start=1 NOTFOUND
[25/12/18 19:07:04][DEBUG]scrape BERLUTI start
[25/12/18 19:07:06][DEBUG]open done OK
[25/12/18 19:07:10][DEBUG]https://www.berluti.com/ja-jp/sakku-a-do-towaru-marubufu-bakkupakku/SAC_A_DOS-T19.html?dwvar_SAC__A__DOS-T19_color=MO5&to=112#viewtype=grid-view-small&sz=192&to=112&start=1 NOTFOUND
[25/12/18 19:07:12][DEBUG]scrape BERLUTI start
[25/12/18 19:07:15][DEBUG]open done OK
[25/12/18 19:07:19][DEBUG]https://www.berluti.com/ja-jp/baryushon-towaru-marubufu-toraberubaggu/BALUCHON-T19.html?dwvar_BALUCHON-T19_color=MO5&to=113#viewtype=grid-view-small&sz=192&to=113&start=1 NOTFOUND
[25/12/18 19:07:21][DEBUG]scrape BERLUTI start
[25/12/18 19:07:23][DEBUG]open done OK
[25/12/18 19:07:25][DEBUG]https://www.berluti.com/ja-jp/vu-iajjo-towaru-marubufu-toraberubaggu/VIAGGIO-T19.html?dwvar_VIAGGIO-T19_color=MO5&to=114#viewtype=grid-view-small&sz=192&to=114&start=1 682000
[25/12/18 19:07:27][DEBUG]scrape BERLUTI start
[25/12/18 19:07:29][DEBUG]open done OK
[25/12/18 19:07:31][DEBUG]https://www.berluti.com/ja-jp/bagaju-towaru-marubufu-toraberubaggu/BAGAGE-T19.html?dwvar_BAGAGE-T19_color=MO5&to=115#viewtype=grid-view-small&sz=192&to=115&start=1 621500
[25/12/18 19:07:33][DEBUG]scrape BERLUTI start
[25/12/18 19:07:36][DEBUG]open done OK
[25/12/18 19:07:38][DEBUG]https://www.berluti.com/ja-jp/fomyura-1005-towaru-marubufu-roringusutsukesu/FORMULA_1005_NEO-T19.html?dwvar_FORMULA__1005__NEO-T19_color=MO5&to=116#viewtype=grid-view-small&sz=192&to=116&start=1 1149500
[25/12/18 19:07:44][DEBUG]scrape BERLUTI start
[25/12/18 19:07:47][DEBUG]open done OK
[25/12/18 19:07:51][DEBUG]https://www.berluti.com/ja-jp/juruofu-midiamu-reza-toraberubaggu/JOUR_OFF_MM_NEO-V1.html?dwvar_JOUR__OFF__MM__NEO-V1_color=K02&to=117#viewtype=grid-view-small&sz=192&to=117&start=1 NOTFOUND
[25/12/18 19:07:53][DEBUG]scrape BERLUTI start
[25/12/18 19:07:55][DEBUG]open done OK
[25/12/18 19:07:57][DEBUG]https://www.berluti.com/ja-jp/juruofu-raji-reza-toraberubaggu/JOUR_OFF_GM_NEO-V1.html?dwvar_JOUR__OFF__GM__NEO-V1_color=ML6&to=118#viewtype=grid-view-small&sz=192&to=118&start=1 759000
[25/12/18 19:07:59][DEBUG]scrape BERLUTI start
[25/12/18 19:08:02][DEBUG]open done OK
[25/12/18 19:08:04][DEBUG]https://www.berluti.com/ja-jp/juruofu-midiamu-sukurittoreza-toraberubaggu/JOUR_OFF_MM_NEO-V2.html?dwvar_JOUR__OFF__MM__NEO-V2_color=ML6&to=119#viewtype=grid-view-small&sz=192&to=119&start=1 715000
[25/12/18 19:08:06][DEBUG]scrape BERLUTI start
[25/12/18 19:08:09][DEBUG]open done OK
[25/12/18 19:08:11][DEBUG]https://www.berluti.com/ja-jp/fomyura-1005-sukurittoreza-roringusutsukesu/FORMULA_1005_NEO-V2.html?dwvar_FORMULA__1005__NEO-V2_color=ML6&to=120#viewtype=grid-view-small&sz=192&to=120&start=1 1364000
[25/12/18 19:08:13][DEBUG]scrape BERLUTI start
[25/12/18 19:08:15][DEBUG]open done OK
[25/12/18 19:08:17][DEBUG]https://www.berluti.com/ja-jp/fomyura-1005-sukurittoreza-roringusutsukesu/FORMULA_1005_NEO-V2.html?dwvar_FORMULA__1005__NEO-V2_color=K02&to=121#viewtype=grid-view-small&sz=192&to=121&start=1 1364000
[25/12/18 19:08:20][DEBUG]scrape BERLUTI start
[25/12/18 19:08:22][DEBUG]open done OK
[25/12/18 19:08:24][DEBUG]https://www.berluti.com/ja-jp/fomyura-1005-sukurittoreza-roringusutsukesu/FORMULA_1005_NEO-V2.html?dwvar_FORMULA__1005__NEO-V2_color=G11&to=122#viewtype=grid-view-small&sz=192&to=122&start=1 1364000
[25/12/18 19:08:26][DEBUG]scrape BERLUTI start
[25/12/18 19:08:28][DEBUG]open done OK
[25/12/18 19:08:32][DEBUG]https://www.berluti.com/ja-jp/fomyura-1005-sukurittoreza-roringusutsukesu/FORMULA_1005_NEO-V82.html?dwvar_FORMULA__1005__NEO-V82_color=MM5&to=123#viewtype=grid-view-small&sz=192&to=123&start=1 NOTFOUND
[25/12/18 19:08:34][DEBUG]scrape BERLUTI start
[25/12/18 19:08:37][DEBUG]open done OK
[25/12/18 19:08:39][DEBUG]https://www.berluti.com/ja-jp/reitoawa-sukurittoreza-shoppa/LATE_HOUR_SHOPPER_NEO-V82.html?dwvar_LATE__HOUR__SHOPPER__NEO-V82_color=K02&to=124#viewtype=grid-view-small&sz=192&to=124&start=1 616000
[25/12/18 19:08:45][DEBUG]scrape BERLUTI start
[25/12/18 19:08:47][DEBUG]open done OK
[25/12/18 19:08:51][DEBUG]https://www.berluti.com/ja-jp/bvu-oryuto-kurowaze-reza-toraberubaggu/CROISEE-CE.html?dwvar_CROISEE-CE_color=MJ1&to=125#viewtype=grid-view-small&sz=192&to=125&start=1 NOTFOUND
[25/12/18 19:08:53][DEBUG]scrape BERLUTI start
[25/12/18 19:08:57][DEBUG]open done OK
[25/12/18 19:09:01][DEBUG]https://www.berluti.com/ja-jp/nino-gm-sukurittoreza-kuratchi/NINO_GM_NEO-V2.html?dwvar_NINO__GM__NEO-V2_color=K02&to=126#viewtype=grid-view-small&sz=192&to=126&start=1 NOTFOUND
[25/12/18 19:09:03][DEBUG]scrape BERLUTI start
[25/12/18 19:09:05][DEBUG]open done OK
[25/12/18 19:09:09][DEBUG]https://www.berluti.com/ja-jp/nino-gm-sukurittoreza-kuratchi/NINO_GM_NEO-V2.html?dwvar_NINO__GM__NEO-V2_color=ML6&to=127#viewtype=grid-view-small&sz=192&to=127&start=1 NOTFOUND
[25/12/18 19:09:11][DEBUG]scrape BERLUTI start
[25/12/18 19:09:14][DEBUG]open done OK
[25/12/18 19:09:18][DEBUG]https://www.berluti.com/ja-jp/nino-gm-sukurittoreza-kuratchi/NINO_GM_NEO-V2.html?dwvar_NINO__GM__NEO-V2_color=KE4&to=128#viewtype=grid-view-small&sz=192&to=128&start=1 NOTFOUND
[25/12/18 19:09:20][DEBUG]scrape BERLUTI start
[25/12/18 19:09:23][DEBUG]open done OK
[25/12/18 19:09:27][DEBUG]https://www.berluti.com/ja-jp/nino-gm-sukurittoreza-kuratchi/NINO_GM_NEO-V2.html?dwvar_NINO__GM__NEO-V2_color=J10&to=129#viewtype=grid-view-small&sz=192&to=129&start=1 NOTFOUND
[25/12/18 19:09:29][DEBUG]scrape BERLUTI start
[25/12/18 19:09:32][DEBUG]open done OK
[25/12/18 19:09:36][DEBUG]https://www.berluti.com/ja-jp/nino-gm-sukurittoreza-kuratchi/NINO_GM_NEO-V2.html?dwvar_NINO__GM__NEO-V2_color=KE5&to=130#viewtype=grid-view-small&sz=192&to=130&start=1 NOTFOUND
[25/12/18 19:09:38][DEBUG]scrape BERLUTI start
[25/12/18 19:09:40][DEBUG]open done OK
[25/12/18 19:09:44][DEBUG]https://www.berluti.com/ja-jp/nino-gm-sukurittoreza-kuratchi/NINO_GM_NEO-V2.html?dwvar_NINO__GM__NEO-V2_color=J12&to=131#viewtype=grid-view-small&sz=192&to=131&start=1 NOTFOUND
[25/12/18 19:09:46][DEBUG]scrape BERLUTI start
[25/12/18 19:09:49][DEBUG]open done OK
[25/12/18 19:09:53][DEBUG]https://www.berluti.com/ja-jp/nino-gm-sukurittoreza-kuratchi/NINO_GM_NEO-V2.html?dwvar_NINO__GM__NEO-V2_color=G02&to=132#viewtype=grid-view-small&sz=192&to=132&start=1 NOTFOUND
[25/12/18 19:09:55][DEBUG]scrape BERLUTI start
[25/12/18 19:09:57][DEBUG]open done OK
[25/12/18 19:10:01][DEBUG]https://www.berluti.com/ja-jp/nino-gm-sukurittoreza-kuratchi/NINO_GM_NEO-V2.html?dwvar_NINO__GM__NEO-V2_color=KM7&to=133#viewtype=grid-view-small&sz=192&to=133&start=1 NOTFOUND
[25/12/18 19:10:03][DEBUG]scrape BERLUTI start
[25/12/18 19:10:06][DEBUG]open done OK
[25/12/18 19:10:08][DEBUG]https://www.berluti.com/ja-jp/to-ujuru-sofuto-jippu-hobo-reza-messenja/ZIPPED_HOBO-V3.html?dwvar_ZIPPED__HOBO-V3_color=MH2&to=134#viewtype=grid-view-small&sz=192&to=134&start=1 490600
[25/12/18 19:10:10][DEBUG]scrape BERLUTI start
[25/12/18 19:10:12][DEBUG]open done OK
[25/12/18 19:10:14][DEBUG]https://www.berluti.com/ja-jp/to-ujuru-xs-towaru-marubufu-totobaggu/TOUJOURS_XS-T19.html?dwvar_TOUJOURS__XS-T19_color=MO5&to=135#viewtype=grid-view-small&sz=192&to=135&start=1 409200
[25/12/18 19:10:16][DEBUG]scrape BERLUTI start
[25/12/18 19:10:18][DEBUG]open done OK
[25/12/18 19:10:22][DEBUG]https://www.berluti.com/ja-jp/anjuru-mini-guradianto-sukurittoreza-burifukesu/1_JOUR_MINI_NEO_GRADIANT-V2.html?dwvar_1__JOUR__MINI__NEO__GRADIANT-V2_color=R78&to=136#viewtype=grid-view-small&sz=192&to=136&start=1 NOTFOUND
[25/12/18 19:10:24][DEBUG]scrape BERLUTI start
[25/12/18 19:10:25][DEBUG]open done OK
[25/12/18 19:10:29][DEBUG]https://www.berluti.com/ja-jp/to-ujuru-xs-sukurittoreza-totobaggu/TOUJOURS_XS_BE_RR-V2.html?dwvar_TOUJOURS__XS__BE__RR-V2_color=G77&to=137#viewtype=grid-view-small&sz=192&to=137&start=1 NOTFOUND
[25/12/18 19:10:32][DEBUG]scrape BERLUTI start
[25/12/18 19:10:34][DEBUG]open done OK
[25/12/18 19:10:36][DEBUG]https://www.berluti.com/ja-jp/raida-sukurittoreza-berutobaggu/RIDER-V82.html?dwvar_RIDER-V82_color=K02&to=138#viewtype=grid-view-small&sz=192&to=138&start=1 322300
[25/12/18 19:10:38][DEBUG]scrape BERLUTI start
[25/12/18 19:10:40][DEBUG]open done OK
[25/12/18 19:10:44][DEBUG]https://www.berluti.com/ja-jp/to-ujuruxs-guradianto-sukurittoreza-totobaggu/TOUJOURS_XS_GRADIANT-V2.html?dwvar_TOUJOURS__XS__GRADIANT-V2_color=R78&to=139#viewtype=grid-view-small&sz=192&to=139&start=1 NOTFOUND
[25/12/18 19:10:46][DEBUG]scrape BERLUTI start
[25/12/18 19:10:48][DEBUG]open done OK
[25/12/18 19:10:50][DEBUG]https://www.berluti.com/ja-jp/jurunarie-sukurittoreza-messenja/JOURNALIER-V82.html?dwvar_JOURNALIER-V82_color=G01&to=140#viewtype=grid-view-small&sz=192&to=140&start=1 379500
[25/12/18 19:10:52][DEBUG]scrape BERLUTI start
[25/12/18 19:10:55][DEBUG]open done OK
[25/12/18 19:10:57][DEBUG]https://www.berluti.com/ja-jp/tersio-arigetarezaoruinwan-berurutti/TERSIO-ALLIGATOR-E2.html?dwvar_TERSIO-ALLIGATOR-E2_color=M04&to=143#viewtype=grid-view-small&sz=192&to=143&start=1 1331000
[25/12/18 19:10:59][DEBUG]scrape BERLUTI start
[25/12/18 19:11:01][DEBUG]open done OK
[25/12/18 19:11:03][DEBUG]https://www.berluti.com/ja-jp/terushio-reza-oruinwan/TERSIO_NEO-JOUR-V2.html?dwvar_TERSIO__NEO-JOUR-V2_color=MR5&to=144#viewtype=grid-view-small&sz=192&to=144&start=1 324500
[25/12/18 19:11:05][DEBUG]scrape BERLUTI start
[25/12/18 19:11:07][DEBUG]open done OK
[25/12/18 19:11:09][DEBUG]https://www.berluti.com/ja-jp/itauba-guradianto-sukurittoreza-rongu-jippuu-oretto/ITAUBA_NEO2_GRADIANT-JOUR-V2.html?dwvar_ITAUBA__NEO2__GRADIANT-JOUR-V2_color=Y23&to=1#viewtype=grid-view-small&sz=192&to=1&start=1 224400
[25/12/18 19:11:11][DEBUG]scrape BERLUTI start
[25/12/18 19:11:13][DEBUG]open done OK
[25/12/18 19:11:15][DEBUG]https://www.berluti.com/ja-jp/makore-koin-sukurittoreza-u-oretto/MAKORE_COIN-JOUR-V2.html?dwvar_MAKORE__COIN-JOUR-V2_color=K02&to=2#viewtype=grid-view-small&sz=192&to=2&start=1 134200
[25/12/18 19:11:17][DEBUG]scrape BERLUTI start
[25/12/18 19:11:20][DEBUG]open done OK
[25/12/18 19:11:22][DEBUG]https://www.berluti.com/ja-jp/itauba-arigeta-rezajippu-zhang-cai-bu-berurutti/ITAUBA-ALLIGATOR-E2.html?dwvar_ITAUBA-ALLIGATOR-E2_color=B01&to=3#viewtype=grid-view-small&sz=192&to=3&start=1 885500
[25/12/18 19:11:24][DEBUG]scrape BERLUTI start
[25/12/18 19:11:26][DEBUG]open done OK
[25/12/18 19:11:28][DEBUG]https://www.berluti.com/ja-jp/itauba-arigeta-rezajippu-zhang-cai-bu-berurutti/ITAUBA-ALLIGATOR-E2.html?dwvar_ITAUBA-ALLIGATOR-E2_color=M04&to=4#viewtype=grid-view-small&sz=192&to=4&start=1 885500
[25/12/18 19:11:30][DEBUG]scrape BERLUTI start
[25/12/18 19:11:32][DEBUG]open done OK
[25/12/18 19:11:36][DEBUG]https://www.berluti.com/ja-jp/itauba-towaru-marubufu-rongu-jippuu-oretto/ITAUBA_NEO-TOILE_MARBEUF-T19.html?dwvar_ITAUBA__NEO-TOILE__MARBEUF-T19_color=MO5&to=5#viewtype=grid-view-small&sz=192&to=5&start=1 NOTFOUND
[25/12/18 19:11:38][DEBUG]scrape BERLUTI start
[25/12/18 19:11:40][DEBUG]open done OK
[25/12/18 19:11:42][DEBUG]https://www.berluti.com/ja-jp/itauba-sukurittoreza-rongu-jippuu-oretto/ITAUBA_NEO2-JOUR_SOFTY-V82.html?dwvar_ITAUBA__NEO2-JOUR__SOFTY-V82_color=B02&to=6#viewtype=grid-view-small&sz=192&to=6&start=1 195800
[25/12/18 19:11:44][DEBUG]scrape BERLUTI start
[25/12/18 19:11:47][DEBUG]open done OK
[25/12/18 19:11:49][DEBUG]https://www.berluti.com/ja-jp/itauba-sukurittoreza-rongu-jippuu-oretto/ITAUBA_NEO2-JOUR-V2.html?dwvar_ITAUBA__NEO2-JOUR-V2_color=K02&to=7#viewtype=grid-view-small&sz=192&to=7&start=1 203500
[25/12/18 19:11:55][DEBUG]scrape BERLUTI start
[25/12/18 19:11:58][DEBUG]open done OK
[25/12/18 19:12:00][DEBUG]https://www.berluti.com/ja-jp/itauba-sukurittoreza-rongu-jippuu-oretto/ITAUBA_NEO2-JOUR-V2.html?dwvar_ITAUBA__NEO2-JOUR-V2_color=ML6&to=8#viewtype=grid-view-small&sz=192&to=8&start=1 203500
[25/12/18 19:12:06][DEBUG]scrape BERLUTI start
[25/12/18 19:12:08][DEBUG]open done OK
[25/12/18 19:12:12][DEBUG]https://www.berluti.com/ja-jp/koa-makishi-sukurittoreza-rongu-jippu-kadohoruda/KOA_MAXI_NEO-JOUR-V2.html?dwvar_KOA__MAXI__NEO-JOUR-V2_color=K02&to=9#viewtype=grid-view-small&sz=192&to=9&start=1 NOTFOUND
[25/12/18 19:12:15][DEBUG]scrape BERLUTI start
[25/12/18 19:12:17][DEBUG]open done OK
[25/12/18 19:12:21][DEBUG]https://www.berluti.com/ja-jp/koa-makishi-sukurittoreza-rongu-jippu-kadohoruda/KOA_MAXI_NEO-JOUR-V2.html?dwvar_KOA__MAXI__NEO-JOUR-V2_color=ML6&to=10#viewtype=grid-view-small&sz=192&to=10&start=1 NOTFOUND
[25/12/18 19:12:23][DEBUG]scrape BERLUTI start
[25/12/18 19:12:25][DEBUG]open done OK
[25/12/18 19:12:28][DEBUG]https://www.berluti.com/ja-jp/koa-makishi-sukurittoreza-rongu-jippu-kadohoruda/KOA_MAXI_NEO2-JOUR-V2.html?dwvar_KOA__MAXI__NEO2-JOUR-V2_color=Y23&to=11#viewtype=grid-view-small&sz=192&to=11&start=1 105600
[25/12/18 19:12:30][DEBUG]scrape BERLUTI start
[25/12/18 19:12:32][DEBUG]open done OK
[25/12/18 19:12:34][DEBUG]https://www.berluti.com/ja-jp/koa-makishi-sukurittoreza-rongu-jippu-kadohoruda/KOA_MAXI_NEO2-JOUR_SOFTY-V82.html?dwvar_KOA__MAXI__NEO2-JOUR__SOFTY-V82_color=B02&to=12#viewtype=grid-view-small&sz=192&to=12&start=1 105600
[25/12/18 19:12:36][DEBUG]scrape BERLUTI start
[25/12/18 19:12:38][DEBUG]open done OK
[25/12/18 19:12:41][DEBUG]https://www.berluti.com/ja-jp/rozuuddo-sukurittoreza-pochi/ROSEWOOD_NEO-JOUR-V2.html?dwvar_ROSEWOOD__NEO-JOUR-V2_color=BJ3&to=13#viewtype=grid-view-small&sz=192&to=13&start=1 238700
[25/12/18 19:12:43][DEBUG]scrape BERLUTI start
[25/12/18 19:12:45][DEBUG]open done OK
[25/12/18 19:12:47][DEBUG]https://www.berluti.com/ja-jp/rozuuddo-sukurittoreza-pochi/ROSEWOOD_NEO-JOUR-V2.html?dwvar_ROSEWOOD__NEO-JOUR-V2_color=ML6&to=14#viewtype=grid-view-small&sz=192&to=14&start=1 238700
[25/12/18 19:12:49][DEBUG]scrape BERLUTI start
[25/12/18 19:12:51][DEBUG]open done OK
[25/12/18 19:12:53][DEBUG]https://www.berluti.com/ja-jp/orijinsukuritto-rezakoinpasu/ORIGINE_NEO-JOUR-V2.html?dwvar_ORIGINE__NEO-JOUR-V2_color=K02&to=15#viewtype=grid-view-small&sz=192&to=15&start=1 68200
[25/12/18 19:12:55][DEBUG]scrape BERLUTI start
[25/12/18 19:12:57][DEBUG]open done OK
[25/12/18 19:12:59][DEBUG]https://www.berluti.com/ja-jp/orijinsukuritto-rezakoinpasu/ORIGINE_NEO-JOUR-V2.html?dwvar_ORIGINE__NEO-JOUR-V2_color=Y23&to=16#viewtype=grid-view-small&sz=192&to=16&start=1 68200
[25/12/18 19:13:01][DEBUG]scrape BERLUTI start
[25/12/18 19:13:03][DEBUG]open done OK
[25/12/18 19:13:05][DEBUG]https://www.berluti.com/ja-jp/makorearigetarezakonpakuto-cai-bu/MAKORE-ALLIGATOR-E2.html?dwvar_MAKORE-ALLIGATOR-E2_color=B01&to=17#viewtype=grid-view-small&sz=192&to=17&start=1 561000
[25/12/18 19:13:07][DEBUG]scrape BERLUTI start
[25/12/18 19:13:09][DEBUG]open done OK
[25/12/18 19:13:11][DEBUG]https://www.berluti.com/ja-jp/makorearigetarezakonpakuto-cai-bu/MAKORE-ALLIGATOR-E2.html?dwvar_MAKORE-ALLIGATOR-E2_color=M04&to=18#viewtype=grid-view-small&sz=192&to=18&start=1 561000
[25/12/18 19:13:13][DEBUG]scrape BERLUTI start
[25/12/18 19:13:16][DEBUG]open done OK
[25/12/18 19:13:18][DEBUG]https://www.berluti.com/ja-jp/tersio-arigetarezaoruinwan-berurutti/TERSIO-ALLIGATOR-E2.html?dwvar_TERSIO-ALLIGATOR-E2_color=M04&to=19#viewtype=grid-view-small&sz=192&to=19&start=1 1331000
[25/12/18 19:13:20][DEBUG]scrape BERLUTI start
[25/12/18 19:13:22][DEBUG]open done OK
[25/12/18 19:13:24][DEBUG]https://www.berluti.com/ja-jp/makore-surimu-guradianto-sukurittoreza-konpakutou-oretto/MAKORE_SLIM_NEO_GRADIANT-JOUR-V2.html?dwvar_MAKORE__SLIM__NEO__GRADIANT-JOUR-V2_color=BJ3&to=20#viewtype=grid-view-small&sz=192&to=20&start=1 133100
[25/12/18 19:13:30][DEBUG]scrape BERLUTI start
[25/12/18 19:13:32][DEBUG]open done OK
[25/12/18 19:13:34][DEBUG]https://www.berluti.com/ja-jp/makore-surimu-guradianto-sukurittoreza-konpakutou-oretto/MAKORE_SLIM_NEO_GRADIANT-JOUR-V2.html?dwvar_MAKORE__SLIM__NEO__GRADIANT-JOUR-V2_color=RA1&to=21#viewtype=grid-view-small&sz=192&to=21&start=1 133100
[25/12/18 19:13:41][DEBUG]scrape BERLUTI start
[25/12/18 19:13:43][DEBUG]open done OK
[25/12/18 19:13:45][DEBUG]https://www.berluti.com/ja-jp/badi-reza-ronguu-oretto/BADI_LUTI-JOUR-V1.html?dwvar_BADI__LUTI-JOUR-V1_color=MR5&to=22#viewtype=grid-view-small&sz=192&to=22&start=1 276100
[25/12/18 19:13:47][DEBUG]scrape BERLUTI start
[25/12/18 19:13:49][DEBUG]open done OK
[25/12/18 19:13:51][DEBUG]https://www.berluti.com/ja-jp/makore-reza-konpakutou-oretto/MAKORE_NEO_LUTI-JOUR-V1.html?dwvar_MAKORE__NEO__LUTI-JOUR-V1_color=MR5&to=23#viewtype=grid-view-small&sz=192&to=23&start=1 202400
[25/12/18 19:13:53][DEBUG]scrape BERLUTI start
[25/12/18 19:13:55][DEBUG]open done OK
[25/12/18 19:13:57][DEBUG]https://www.berluti.com/ja-jp/makore-reza-konpakutou-oretto/MAKORE_NEO_LUTI-JOUR-V1.html?dwvar_MAKORE__NEO__LUTI-JOUR-V1_color=KD1&to=24#viewtype=grid-view-small&sz=192&to=24&start=1 202400
[25/12/18 19:13:59][DEBUG]scrape BERLUTI start
[25/12/18 19:14:02][DEBUG]open done OK
[25/12/18 19:14:06][DEBUG]https://www.berluti.com/ja-jp/jagua-reza-kadohoruda/JAGUA_NEO_LUTI-JOUR-V1.html?dwvar_JAGUA__NEO__LUTI-JOUR-V1_color=MR5&to=25#viewtype=grid-view-small&sz=192&to=25&start=1 NOTFOUND
[25/12/18 19:14:08][DEBUG]scrape BERLUTI start
[25/12/18 19:14:10][DEBUG]open done OK
[25/12/18 19:14:12][DEBUG]https://www.berluti.com/ja-jp/makore-sukurittosuwaipureza-u-oretto/MAKORE_NEO_GRADIANT-JOUR-V2.html?dwvar_MAKORE__NEO__GRADIANT-JOUR-V2_color=R78&to=26#viewtype=grid-view-small&sz=192&to=26&start=1 145200
[25/12/18 19:14:14][DEBUG]scrape BERLUTI start
[25/12/18 19:14:16][DEBUG]open done OK
[25/12/18 19:14:18][DEBUG]https://www.berluti.com/ja-jp/makore-sukurittoreza-konpakutou-oretto/MAKORE_NEO-JOUR_SOFTY-V82.html?dwvar_MAKORE__NEO-JOUR__SOFTY-V82_color=B02&to=27#viewtype=grid-view-small&sz=192&to=27&start=1 127600
[25/12/18 19:14:20][DEBUG]scrape BERLUTI start
[25/12/18 19:14:23][DEBUG]open done OK
[25/12/18 19:14:25][DEBUG]https://www.berluti.com/ja-jp/inbuia-sukurittoreza-kadohoruda/IMBUIA_NEO-JOUR_SOFTY-V82.html?dwvar_IMBUIA__NEO-JOUR__SOFTY-V82_color=B02&to=28#viewtype=grid-view-small&sz=192&to=28&start=1 99000
[25/12/18 19:14:31][DEBUG]scrape BERLUTI start
[25/12/18 19:14:33][DEBUG]open done OK
[25/12/18 19:14:35][DEBUG]https://www.berluti.com/ja-jp/akaju-sukurittoreza-konpakutou-oretto/ACAJOU_NEO-JOUR_SOFTY-V82.html?dwvar_ACAJOU__NEO-JOUR__SOFTY-V82_color=B02&to=29#viewtype=grid-view-small&sz=192&to=29&start=1 136400
[25/12/18 19:14:37][DEBUG]scrape BERLUTI start
[25/12/18 19:14:39][DEBUG]open done OK
[25/12/18 19:14:41][DEBUG]https://www.berluti.com/ja-jp/santaru-sukuritto-reza-ronguu-oretto/SANTAL_NEO-JOUR_SOFTY-V82.html?dwvar_SANTAL__NEO-JOUR__SOFTY-V82_color=B02&to=30#viewtype=grid-view-small&sz=192&to=30&start=1 174900
[25/12/18 19:14:43][DEBUG]scrape BERLUTI start
[25/12/18 19:14:45][DEBUG]open done OK
[25/12/18 19:14:47][DEBUG]https://www.berluti.com/ja-jp/banbu-sukurittoreza-kadohoruda/BAMBOU_NEO-JOUR_SOFTY-V82.html?dwvar_BAMBOU__NEO-JOUR__SOFTY-V82_color=B02&to=31#viewtype=grid-view-small&sz=192&to=31&start=1 68200
[25/12/18 19:14:49][DEBUG]scrape BERLUTI start
[25/12/18 19:14:51][DEBUG]open done OK
[25/12/18 19:14:53][DEBUG]https://www.berluti.com/ja-jp/esukeru-sukurittosuwaipureza-pasupotohoruda/ESCALE_NEO-JOUR-V2.html?dwvar_ESCALE__NEO-JOUR-V2_color=ML6&to=32#viewtype=grid-view-small&sz=192&to=32&start=1 108900
[25/12/18 19:14:59][DEBUG]scrape BERLUTI start
[25/12/18 19:15:01][DEBUG]open done OK
[25/12/18 19:15:03][DEBUG]https://www.berluti.com/ja-jp/esukaru-guradianto-sukurittoreza-pasupotohoruda/ESCALE_NEO_GRADIANT-JOUR-V2.html?dwvar_ESCALE__NEO__GRADIANT-JOUR-V2_color=BJ3&to=33#viewtype=grid-view-small&sz=192&to=33&start=1 118800
[25/12/18 19:15:10][DEBUG]scrape BERLUTI start
[25/12/18 19:15:12][DEBUG]open done OK
[25/12/18 19:15:14][DEBUG]https://www.berluti.com/ja-jp/bambouarigetarezakadohoruda/BAMBOU-ALLIGATOR-E2.html?dwvar_BAMBOU-ALLIGATOR-E2_color=M03&to=34#viewtype=grid-view-small&sz=192&to=34&start=1 213400
[25/12/18 19:15:16][DEBUG]scrape BERLUTI start
[25/12/18 19:15:19][DEBUG]open done OK
[25/12/18 19:15:21][DEBUG]https://www.berluti.com/ja-jp/santaru-sukurittoreza-jippuronguu-oretto/SANTAL_NEO-JOUR-V2.html?dwvar_SANTAL__NEO-JOUR-V2_color=K02&to=35#viewtype=grid-view-small&sz=192&to=35&start=1 174900
[25/12/18 19:15:23][DEBUG]scrape BERLUTI start
[25/12/18 19:15:25][DEBUG]open done OK
[25/12/18 19:15:27][DEBUG]https://www.berluti.com/ja-jp/santaru-sukurittoreza-jippuronguu-oretto/SANTAL_NEO-JOUR-V2.html?dwvar_SANTAL__NEO-JOUR-V2_color=ML6&to=36#viewtype=grid-view-small&sz=192&to=36&start=1 174900
[25/12/18 19:15:29][DEBUG]scrape BERLUTI start
[25/12/18 19:15:31][DEBUG]open done OK
[25/12/18 19:15:33][DEBUG]https://www.berluti.com/ja-jp/tiriwa-tiriwa-rezaoruinwan/TIRIWA_NEO-JOUR-V2.html?dwvar_TIRIWA__NEO-JOUR-V2_color=ML6&to=37#viewtype=grid-view-small&sz=192&to=37&start=1 282700
[25/12/18 19:15:36][DEBUG]scrape BERLUTI start
[25/12/18 19:15:37][DEBUG]open done OK
[25/12/18 19:15:39][DEBUG]https://www.berluti.com/ja-jp/terushio-reza-oruinwan/TERSIO_NEO-JOUR-V2.html?dwvar_TERSIO__NEO-JOUR-V2_color=K02&to=38#viewtype=grid-view-small&sz=192&to=38&start=1 324500
[25/12/18 19:15:42][DEBUG]scrape BERLUTI start
[25/12/18 19:15:44][DEBUG]open done OK
[25/12/18 19:15:46][DEBUG]https://www.berluti.com/ja-jp/terushio-reza-oruinwan/TERSIO_NEO-JOUR-V2.html?dwvar_TERSIO__NEO-JOUR-V2_color=G11&to=39#viewtype=grid-view-small&sz=192&to=39&start=1 324500
[25/12/18 19:15:48][DEBUG]scrape BERLUTI start
[25/12/18 19:15:50][DEBUG]open done OK
[25/12/18 19:15:54][DEBUG]https://www.berluti.com/ja-jp/makore-sukurittoreza-konpakutou-oretto/MAKORE_NEO_BE_RR-BE_RAPIECE_REPRISE-V2.html?dwvar_MAKORE__NEO__BE__RR-BE__RAPIECE__REPRISE-V2_color=R79&to=40#viewtype=grid-view-small&sz=192&to=40&start=1 NOTFOUND
[25/12/18 19:15:56][DEBUG]scrape BERLUTI start
[25/12/18 19:15:59][DEBUG]open done OK
[25/12/18 19:16:03][DEBUG]https://www.berluti.com/ja-jp/jagua-sukurittoreza-kadohoruda/JAGUA_NEO-JOUR_TANGRAM-V88.html?dwvar_JAGUA__NEO-JOUR__TANGRAM-V88_color=MQ8&to=41#viewtype=grid-view-small&sz=192&to=41&start=1 NOTFOUND
[25/12/18 19:16:05][DEBUG]scrape BERLUTI start
[25/12/18 19:16:07][DEBUG]open done OK
[25/12/18 19:16:09][DEBUG]https://www.berluti.com/ja-jp/banbu-sukurittoreza-kadohoruda/BAMBOU_NEO-JOUR_TANGRAM-V88.html?dwvar_BAMBOU__NEO-JOUR__TANGRAM-V88_color=MQ8&to=42#viewtype=grid-view-small&sz=192&to=42&start=1 69300
[25/12/18 19:16:11][DEBUG]scrape BERLUTI start
[25/12/18 19:16:13][DEBUG]open done OK
[25/12/18 19:16:15][DEBUG]https://www.berluti.com/ja-jp/inbuia-sukurittoreza-kadohoruda/IMBUIA_NEO-JOUR_TANGRAM-V88.html?dwvar_IMBUIA__NEO-JOUR__TANGRAM-V88_color=MQ8&to=43#viewtype=grid-view-small&sz=192&to=43&start=1 104500
[25/12/18 19:16:17][DEBUG]scrape BERLUTI start
[25/12/18 19:16:19][DEBUG]open done OK
[25/12/18 19:16:21][DEBUG]https://www.berluti.com/ja-jp/tari-sukurittoreza-rongujippuu-oretto/TALI_NEO-JOUR_TANGRAM-V87.html?dwvar_TALI__NEO-JOUR__TANGRAM-V87_color=G89&to=44#viewtype=grid-view-small&sz=192&to=44&start=1 361900
[25/12/18 19:16:27][DEBUG]scrape BERLUTI start
[25/12/18 19:16:30][DEBUG]open done OK
[25/12/18 19:16:32][DEBUG]https://www.berluti.com/ja-jp/makore-sukurittoreza-konpakutou-oretto/MAKORE_NEO-JOUR_TANGRAM-V87.html?dwvar_MAKORE__NEO-JOUR__TANGRAM-V87_color=G89&to=45#viewtype=grid-view-small&sz=192&to=45&start=1 139700
[25/12/18 19:16:38][DEBUG]scrape BERLUTI start
[25/12/18 19:16:40][DEBUG]open done OK
[25/12/18 19:16:42][DEBUG]https://www.berluti.com/ja-jp/itauba-sukuea-guradianto-sukurittoreza-u-oretto/ITAUBA_SQUARE_NEO_GRADIANT-JOUR-V2.html?dwvar_ITAUBA__SQUARE__NEO__GRADIANT-JOUR-V2_color=MR5&to=46#viewtype=grid-view-small&sz=192&to=46&start=1 156200
[25/12/18 19:16:45][DEBUG]scrape BERLUTI start
[25/12/18 19:16:46][DEBUG]open done OK
[25/12/18 19:16:48][DEBUG]https://www.berluti.com/ja-jp/wapa-guradianto-sukurittoreza-koinpasu/WAPA_NEO_GRADIANT-JOUR-V2.html?dwvar_WAPA__NEO__GRADIANT-JOUR-V2_color=BJ3&to=47#viewtype=grid-view-small&sz=192&to=47&start=1 133100
[25/12/18 19:16:51][DEBUG]scrape BERLUTI start
[25/12/18 19:16:53][DEBUG]open done OK
[25/12/18 19:16:55][DEBUG]https://www.berluti.com/ja-jp/wapa-guradianto-sukurittoreza-koinpasu/WAPA_NEO_GRADIANT-JOUR-V2.html?dwvar_WAPA__NEO__GRADIANT-JOUR-V2_color=RA1&to=48#viewtype=grid-view-small&sz=192&to=48&start=1 133100
[25/12/18 19:16:57][DEBUG]scrape BERLUTI start
[25/12/18 19:16:59][DEBUG]open done OK
[25/12/18 19:17:01][DEBUG]https://www.berluti.com/ja-jp/wapa-sukurittoreza-jippu-fukikoinpasu/WAPA_NEO-JOUR-V2.html?dwvar_WAPA__NEO-JOUR-V2_color=K02&to=49#viewtype=grid-view-small&sz=192&to=49&start=1 113300
[25/12/18 19:17:03][DEBUG]scrape BERLUTI start
[25/12/18 19:17:05][DEBUG]open done OK
[25/12/18 19:17:07][DEBUG]https://www.berluti.com/ja-jp/wapa-sukurittoreza-jippu-fukikoinpasu/WAPA_NEO-JOUR-V2.html?dwvar_WAPA__NEO-JOUR-V2_color=ML6&to=50#viewtype=grid-view-small&sz=192&to=50&start=1 113300
[25/12/18 19:17:09][DEBUG]scrape BERLUTI start
[25/12/18 19:17:12][DEBUG]open done OK
[25/12/18 19:17:14][DEBUG]https://www.berluti.com/ja-jp/wapa-sukurittoreza-jippu-fukikoinpasu/WAPA_NEO-JOUR-V2.html?dwvar_WAPA__NEO-JOUR-V2_color=KE4&to=51#viewtype=grid-view-small&sz=192&to=51&start=1 113300
[25/12/18 19:17:16][DEBUG]scrape BERLUTI start
[25/12/18 19:17:18][DEBUG]open done OK
[25/12/18 19:17:20][DEBUG]https://www.berluti.com/ja-jp/wapa-sukurittoreza-jippu-fukikoinpasu/WAPA_NEO-JOUR-V2.html?dwvar_WAPA__NEO-JOUR-V2_color=G11&to=52#viewtype=grid-view-small&sz=192&to=52&start=1 113300
[25/12/18 19:17:23][DEBUG]scrape BERLUTI start
[25/12/18 19:17:25][DEBUG]open done OK
[25/12/18 19:17:27][DEBUG]https://www.berluti.com/ja-jp/wapa-sukurittoreza-jippu-fukikoinpasu/WAPA_NEO-JOUR-V2.html?dwvar_WAPA__NEO-JOUR-V2_color=KE5&to=53#viewtype=grid-view-small&sz=192&to=53&start=1 113300
[25/12/18 19:17:29][DEBUG]scrape BERLUTI start
[25/12/18 19:17:31][DEBUG]open done OK
[25/12/18 19:17:33][DEBUG]https://www.berluti.com/ja-jp/wapa-sukurittoreza-jippu-fukikoinpasu/WAPA_NEO-JOUR-V2.html?dwvar_WAPA__NEO-JOUR-V2_color=J10&to=54#viewtype=grid-view-small&sz=192&to=54&start=1 113300
[25/12/18 19:17:35][DEBUG]scrape BERLUTI start
[25/12/18 19:17:37][DEBUG]open done OK
[25/12/18 19:17:39][DEBUG]https://www.berluti.com/ja-jp/wapa-sukurittoreza-jippu-fukikoinpasu/WAPA_NEO-JOUR-V2.html?dwvar_WAPA__NEO-JOUR-V2_color=J12&to=55#viewtype=grid-view-small&sz=192&to=55&start=1 113300
[25/12/18 19:17:41][DEBUG]scrape BERLUTI start
[25/12/18 19:17:44][DEBUG]open done OK
[25/12/18 19:17:48][DEBUG]https://www.berluti.com/ja-jp/sukurittoreza-iphone-15-proforio/IPHONE_15_PRO_FOLIO-SCRITTO-V2.html?dwvar_IPHONE__15__PRO__FOLIO-SCRITTO-V2_color=B07&to=56#viewtype=grid-view-small&sz=192&to=56&start=1 NOTFOUND
[25/12/18 19:17:50][DEBUG]scrape BERLUTI start
[25/12/18 19:17:52][DEBUG]open done OK
[25/12/18 19:17:56][DEBUG]https://www.berluti.com/ja-jp/sukurittoreza-iphone-15-proforio/IPHONE_15_PRO_FOLIO-SCRITTO-V2.html?dwvar_IPHONE__15__PRO__FOLIO-SCRITTO-V2_color=MH2&to=57#viewtype=grid-view-small&sz=192&to=57&start=1 NOTFOUND
[25/12/18 19:17:59][DEBUG]scrape BERLUTI start
[25/12/18 19:18:01][DEBUG]open done OK
[25/12/18 19:18:05][DEBUG]https://www.berluti.com/ja-jp/sukurittoreza-iphone-15-pro-maxforio/IPHONE_15_PRO_MAX_FOLIO-SCRITTO-V2.html?dwvar_IPHONE__15__PRO__MAX__FOLIO-SCRITTO-V2_color=B07&to=58#viewtype=grid-view-small&sz=192&to=58&start=1 NOTFOUND
[25/12/18 19:18:07][DEBUG]scrape BERLUTI start
[25/12/18 19:18:10][DEBUG]open done OK
[25/12/18 19:18:14][DEBUG]https://www.berluti.com/ja-jp/sukurittoreza-iphone-16-pro-maxforio/IPHONE_16_PRO_MAX_FOLIO-SCRITTO-V2.html?dwvar_IPHONE__16__PRO__MAX__FOLIO-SCRITTO-V2_color=KD4&to=59#viewtype=grid-view-small&sz=192&to=59&start=1 NOTFOUND
[25/12/18 19:18:16][DEBUG]scrape BERLUTI start
[25/12/18 19:18:18][DEBUG]open done OK
[25/12/18 19:18:22][DEBUG]https://www.berluti.com/ja-jp/sukurittoreza-iphone-16-prokesu/IPHONE_16_PRO_CASE-SCRITTO-V2.html?dwvar_IPHONE__16__PRO__CASE-SCRITTO-V2_color=KD4&to=60#viewtype=grid-view-small&sz=192&to=60&start=1 NOTFOUND
[25/12/18 19:18:24][DEBUG]scrape BERLUTI start
[25/12/18 19:18:27][DEBUG]open done OK
[25/12/18 19:18:31][DEBUG]https://www.berluti.com/ja-jp/sukurittoreza-iphone-16-pro-maxkesu/IPHONE_16_PRO_MAX_CASE-SCRITTO-V2.html?dwvar_IPHONE__16__PRO__MAX__CASE-SCRITTO-V2_color=KD4&to=61#viewtype=grid-view-small&sz=192&to=61&start=1 NOTFOUND
[25/12/18 19:18:33][DEBUG]scrape BERLUTI start
[25/12/18 19:18:35][DEBUG]open done OK
[25/12/18 19:18:39][DEBUG]https://www.berluti.com/ja-jp/sukurittoreza-iphone-15-pro-maxkesu/IPHONE_15_PRO_MAX_CASE-SCRITTO-V2.html?dwvar_IPHONE__15__PRO__MAX__CASE-SCRITTO-V2_color=B07&to=62#viewtype=grid-view-small&sz=192&to=62&start=1 NOTFOUND
[25/12/18 19:18:41][DEBUG]scrape BERLUTI start
[25/12/18 19:18:44][DEBUG]open done OK
[25/12/18 19:18:48][DEBUG]https://www.berluti.com/ja-jp/sukurittoreza-iphone-16-proforio/IPHONE_16_PRO_FOLIO-SCRITTO-V2.html?dwvar_IPHONE__16__PRO__FOLIO-SCRITTO-V2_color=KD4&to=63#viewtype=grid-view-small&sz=192&to=63&start=1 NOTFOUND
[25/12/18 19:18:50][DEBUG]scrape BERLUTI start
[25/12/18 19:18:52][DEBUG]open done OK
[25/12/18 19:18:56][DEBUG]https://www.berluti.com/ja-jp/sukurittoreza-iphone-15-prokesu/IPHONE_15_PRO_CASE-SCRITTO-V2.html?dwvar_IPHONE__15__PRO__CASE-SCRITTO-V2_color=MH2&to=64#viewtype=grid-view-small&sz=192&to=64&start=1 NOTFOUND
[25/12/18 19:18:59][DEBUG]scrape BERLUTI start
[25/12/18 19:19:01][DEBUG]open done OK
[25/12/18 19:19:05][DEBUG]https://www.berluti.com/ja-jp/sukurittoreza-iphone-15-prokesu/IPHONE_15_PRO_CASE-SCRITTO-V2.html?dwvar_IPHONE__15__PRO__CASE-SCRITTO-V2_color=B07&to=65#viewtype=grid-view-small&sz=192&to=65&start=1 NOTFOUND
[25/12/18 19:19:07][DEBUG]scrape BERLUTI start
[25/12/18 19:19:09][DEBUG]open done OK
[25/12/18 19:19:11][DEBUG]https://www.berluti.com/ja-jp/sukurittoreza-iphone-16-prokesu/IPHONE_16_PRO_CASE-SCRITTO-V82.html?dwvar_IPHONE__16__PRO__CASE-SCRITTO-V82_color=B02&to=66#viewtype=grid-view-small&sz=192&to=66&start=1 77550
[25/12/18 19:19:14][DEBUG]scrape BERLUTI start
[25/12/18 19:19:16][DEBUG]open done OK
[25/12/18 19:19:18][DEBUG]https://www.berluti.com/ja-jp/sukurittoreza-iphone-16-proforio/IPHONE_16_PRO_FOLIO-SCRITTO-V82.html?dwvar_IPHONE__16__PRO__FOLIO-SCRITTO-V82_color=B02&to=67#viewtype=grid-view-small&sz=192&to=67&start=1 97900
[25/12/18 19:19:20][DEBUG]scrape BERLUTI start
[25/12/18 19:19:23][DEBUG]open done OK
[25/12/18 19:19:27][DEBUG]https://www.berluti.com/ja-jp/itauba-waido-guradianto-sukurittoreza-rongu-jippuu-oretto/ITAUBA_WIDE_NEO_GRADIANT-JOUR-V2.html?dwvar_ITAUBA__WIDE__NEO__GRADIANT-JOUR-V2_color=B07&to=68#viewtype=grid-view-small&sz=192&to=68&start=1 NOTFOUND
[25/12/18 19:19:29][DEBUG]scrape BERLUTI start
[25/12/18 19:19:32][DEBUG]open done OK
[25/12/18 19:19:36][DEBUG]https://www.berluti.com/ja-jp/itauba-waido-guradianto-sukurittoreza-rongu-jippuu-oretto/ITAUBA_WIDE_NEO_GRADIANT-JOUR-V2.html?dwvar_ITAUBA__WIDE__NEO__GRADIANT-JOUR-V2_color=KH6&to=69#viewtype=grid-view-small&sz=192&to=69&start=1 NOTFOUND
[25/12/18 19:19:38][DEBUG]scrape BERLUTI start
[25/12/18 19:19:40][DEBUG]open done OK
[25/12/18 19:19:42][DEBUG]https://www.berluti.com/ja-jp/koa-rojikku-sukurittoreza-jippu-kadohoruda/KOA_LOGIC_NEO-JOUR-V2.html?dwvar_KOA__LOGIC__NEO-JOUR-V2_color=ML6&to=70#viewtype=grid-view-small&sz=192&to=70&start=1 101200
[25/12/18 19:19:44][DEBUG]scrape BERLUTI start
[25/12/18 19:19:47][DEBUG]open done OK
[25/12/18 19:19:49][DEBUG]https://www.berluti.com/ja-jp/koto-sukurittoreza-jippu-kihoruda/KOTO_NEO-JOUR-V2.html?dwvar_KOTO__NEO-JOUR-V2_color=K02&to=71#viewtype=grid-view-small&sz=192&to=71&start=1 124300
[25/12/18 19:19:51][DEBUG]scrape BERLUTI start
[25/12/18 19:19:53][DEBUG]open done OK
[25/12/18 19:19:55][DEBUG]https://www.berluti.com/ja-jp/tari-sukurittoreza-rongujippuu-oretto/TALI_NEO-JOUR-V2.html?dwvar_TALI__NEO-JOUR-V2_color=K02&to=72#viewtype=grid-view-small&sz=192&to=72&start=1 342100
[25/12/18 19:19:57][DEBUG]scrape BERLUTI start
[25/12/18 19:20:00][DEBUG]open done OK
[25/12/18 19:20:02][DEBUG]https://www.berluti.com/ja-jp/tari-sukurittoreza-rongujippuu-oretto/TALI_NEO-JOUR-V2.html?dwvar_TALI__NEO-JOUR-V2_color=KE4&to=73#viewtype=grid-view-small&sz=192&to=73&start=1 342100
[25/12/18 19:20:04][DEBUG]scrape BERLUTI start
[25/12/18 19:20:07][DEBUG]open done OK
[25/12/18 19:20:09][DEBUG]https://www.berluti.com/ja-jp/tari-sukurittoreza-rongujippuu-oretto/TALI_NEO-JOUR-V2.html?dwvar_TALI__NEO-JOUR-V2_color=KE5&to=74#viewtype=grid-view-small&sz=192&to=74&start=1 342100
[25/12/18 19:20:11][DEBUG]scrape BERLUTI start
[25/12/18 19:20:13][DEBUG]open done OK
[25/12/18 19:20:15][DEBUG]https://www.berluti.com/ja-jp/makore-sukurittoreza-konpakutou-oretto/MAKORE_NEO-JOUR-V2.html?dwvar_MAKORE__NEO-JOUR-V2_color=K02&to=77#viewtype=grid-view-small&sz=192&to=77&start=1 127600
[25/12/18 19:20:17][DEBUG]scrape BERLUTI start
[25/12/18 19:20:19][DEBUG]open done OK
[25/12/18 19:20:21][DEBUG]https://www.berluti.com/ja-jp/makore-sukurittoreza-konpakutou-oretto/MAKORE_NEO-JOUR-V2.html?dwvar_MAKORE__NEO-JOUR-V2_color=ML6&to=78#viewtype=grid-view-small&sz=192&to=78&start=1 127600
[25/12/18 19:20:24][DEBUG]scrape BERLUTI start
[25/12/18 19:20:26][DEBUG]open done OK
[25/12/18 19:20:28][DEBUG]https://www.berluti.com/ja-jp/makore-sukurittoreza-konpakutou-oretto/MAKORE_NEO-JOUR-V2.html?dwvar_MAKORE__NEO-JOUR-V2_color=G11&to=79#viewtype=grid-view-small&sz=192&to=79&start=1 127600
[25/12/18 19:20:30][DEBUG]scrape BERLUTI start
[25/12/18 19:20:32][DEBUG]open done OK
[25/12/18 19:20:34][DEBUG]https://www.berluti.com/ja-jp/akaju-sukurittoreza-u-oretto/ACAJOU_NEO-JOUR-V2.html?dwvar_ACAJOU__NEO-JOUR-V2_color=ML6&to=80#viewtype=grid-view-small&sz=192&to=80&start=1 136400
[25/12/18 19:20:36][DEBUG]scrape BERLUTI start
[25/12/18 19:20:38][DEBUG]open done OK
[25/12/18 19:20:40][DEBUG]https://www.berluti.com/ja-jp/itauba-sukuea-sukurittoreza-jippuu-oretto/ITAUBA_SQUARE_NEO-JOUR-V2.html?dwvar_ITAUBA__SQUARE__NEO-JOUR-V2_color=K02&to=81#viewtype=grid-view-small&sz=192&to=81&start=1 156200
[25/12/18 19:20:42][DEBUG]scrape BERLUTI start
[25/12/18 19:20:44][DEBUG]open done OK
[25/12/18 19:20:46][DEBUG]https://www.berluti.com/ja-jp/aibi-sukurittosuwaipu-reza-toiretaripochi/IVY-JOUR-V2.html?dwvar_IVY-JOUR-V2_color=G27&to=82#viewtype=grid-view-small&sz=192&to=82&start=1 191400
[25/12/18 19:20:48][DEBUG]scrape BERLUTI start
[25/12/18 19:20:50][DEBUG]open done OK
[25/12/18 19:20:54][DEBUG]https://www.berluti.com/ja-jp/badi-towaru-marubufu-ronguu-oretto/BADI-TOILE_MARBEUF-T19.html?dwvar_BADI-TOILE__MARBEUF-T19_color=MO5&to=83#viewtype=grid-view-small&sz=192&to=83&start=1 NOTFOUND
[25/12/18 19:20:56][DEBUG]scrape BERLUTI start
[25/12/18 19:20:59][DEBUG]open done OK
[25/12/18 19:21:01][DEBUG]https://www.berluti.com/ja-jp/inbuia-guradianto-sukurittoreza-kadohoruda/IMBUIA_NEO_GRADIANT-JOUR-V2.html?dwvar_IMBUIA__NEO__GRADIANT-JOUR-V2_color=RA1&to=84#viewtype=grid-view-small&sz=192&to=84&start=1 108900
[25/12/18 19:21:03][DEBUG]scrape BERLUTI start
[25/12/18 19:21:05][DEBUG]open done OK
[25/12/18 19:21:09][DEBUG]https://www.berluti.com/ja-jp/inbuia-towaru-marubufu-kadohoruda/IMBUIA_NEO-TOILE_MARBEUF-T19.html?dwvar_IMBUIA__NEO-TOILE__MARBEUF-T19_color=MO5&to=85#viewtype=grid-view-small&sz=192&to=85&start=1 NOTFOUND
[25/12/18 19:21:11][DEBUG]scrape BERLUTI start
[25/12/18 19:21:13][DEBUG]open done OK
[25/12/18 19:21:15][DEBUG]https://www.berluti.com/ja-jp/buna-sukurittoreza-kadohoruda/BUNA-JOUR-V2.html?dwvar_BUNA-JOUR-V2_color=ML6&to=86#viewtype=grid-view-small&sz=192&to=86&start=1 127600
[25/12/18 19:21:17][DEBUG]scrape BERLUTI start
[25/12/18 19:21:20][DEBUG]open done OK
[25/12/18 19:21:22][DEBUG]https://www.berluti.com/ja-jp/makore-surimu-reza-konpakutou-oretto/MAKORE_SLIM_NEO-JOUR-V1.html?dwvar_MAKORE__SLIM__NEO-JOUR-V1_color=ML6&to=87#viewtype=grid-view-small&sz=192&to=87&start=1 123200
[25/12/18 19:21:24][DEBUG]scrape BERLUTI start
[25/12/18 19:21:26][DEBUG]open done OK
[25/12/18 19:21:30][DEBUG]https://www.berluti.com/ja-jp/jagua-towaru-marubufu-kadohoruda/JAGUA_NEO-TOILE_MARBEUF-T19.html?dwvar_JAGUA__NEO-TOILE__MARBEUF-T19_color=MO5&to=88#viewtype=grid-view-small&sz=192&to=88&start=1 NOTFOUND
[25/12/18 19:21:32][DEBUG]scrape BERLUTI start
[25/12/18 19:21:34][DEBUG]open done OK
[25/12/18 19:21:38][DEBUG]https://www.berluti.com/ja-jp/banbu-towaru-marubufu-kadohoruda/BAMBOU_NEO-TOILE_MARBEUF-T19.html?dwvar_BAMBOU__NEO-TOILE__MARBEUF-T19_color=MO5&to=89#viewtype=grid-view-small&sz=192&to=89&start=1 NOTFOUND
[25/12/18 19:21:40][DEBUG]scrape BERLUTI start
[25/12/18 19:21:42][DEBUG]open done OK
[25/12/18 19:21:46][DEBUG]https://www.berluti.com/ja-jp/akaju-towaru-marubufu-u-oretto/ACAJOU_NEO-TOILE_MARBEUF-T19.html?dwvar_ACAJOU__NEO-TOILE__MARBEUF-T19_color=MO5&to=90#viewtype=grid-view-small&sz=192&to=90&start=1 NOTFOUND
[25/12/18 19:21:48][DEBUG]scrape BERLUTI start
[25/12/18 19:21:48][DEBUG]open done ERR_NAME_NOT_RESOLVED
[25/12/18 19:21:48][DEBUG]scrape BERLUTI start
[25/12/18 19:21:51][DEBUG]open done OK
[25/12/18 19:21:53][DEBUG]https://www.berluti.com/ja-jp/esupasu-sukurittoreza-ronguu-oretto/ESPACE_NEO-JOUR-V2.html?dwvar_ESPACE__NEO-JOUR-V2_color=ML6&to=92#viewtype=grid-view-small&sz=192&to=92&start=1 174900
[25/12/18 19:21:55][DEBUG]scrape BERLUTI start
[25/12/18 19:21:58][DEBUG]open done OK
[25/12/18 19:22:00][DEBUG]https://www.berluti.com/ja-jp/esupasu-sukurittoreza-ronguu-oretto/ESPACE_NEO-JOUR-V2.html?dwvar_ESPACE__NEO-JOUR-V2_color=K02&to=93#viewtype=grid-view-small&sz=192&to=93&start=1 174900
[25/12/18 19:22:02][DEBUG]scrape BERLUTI start
[25/12/18 19:22:04][DEBUG]open done OK
[25/12/18 19:22:06][DEBUG]https://www.berluti.com/ja-jp/esupasu-guradianto-sukurittoreza-ronguu-oretto/ESPACE_NEO_GRADIANT-JOUR-V2.html?dwvar_ESPACE__NEO__GRADIANT-JOUR-V2_color=B07&to=94#viewtype=grid-view-small&sz=192&to=94&start=1 191400
[25/12/18 19:22:08][DEBUG]scrape BERLUTI start
[25/12/18 19:22:10][DEBUG]open done OK
[25/12/18 19:22:12][DEBUG]https://www.berluti.com/ja-jp/jagua-reza-poketto-oganaiza/JAGUA_NEO-JOUR-V1.html?dwvar_JAGUA__NEO-JOUR-V1_color=ML6&to=95#viewtype=grid-view-small&sz=192&to=95&start=1 90200
[25/12/18 19:22:14][DEBUG]scrape BERLUTI start
[25/12/18 19:22:17][DEBUG]open done OK
[25/12/18 19:22:19][DEBUG]https://www.berluti.com/ja-jp/jagua-reza-poketto-oganaiza/JAGUA_NEO-JOUR-V1.html?dwvar_JAGUA__NEO-JOUR-V1_color=F06&to=96#viewtype=grid-view-small&sz=192&to=96&start=1 90200
[25/12/18 19:22:21][DEBUG]scrape BERLUTI start
[25/12/18 19:22:23][DEBUG]open done OK
[25/12/18 19:22:25][DEBUG]https://www.berluti.com/ja-jp/jagua-sukurittoreza-kadohoruda/JAGUA_NEO-JOUR-V2.html?dwvar_JAGUA__NEO-JOUR-V2_color=K02&to=97#viewtype=grid-view-small&sz=192&to=97&start=1 99000
[25/12/18 19:22:27][DEBUG]scrape BERLUTI start
[25/12/18 19:22:29][DEBUG]open done OK
[25/12/18 19:22:31][DEBUG]https://www.berluti.com/ja-jp/jagua-sukurittoreza-kadohoruda/JAGUA_NEO-JOUR-V2.html?dwvar_JAGUA__NEO-JOUR-V2_color=ML6&to=98#viewtype=grid-view-small&sz=192&to=98&start=1 99000
[25/12/18 19:22:33][DEBUG]scrape BERLUTI start
[25/12/18 19:22:35][DEBUG]open done OK
[25/12/18 19:22:40][DEBUG]https://www.berluti.com/ja-jp/itauba-waido-sukurittoreza/ITAUBA_WIDE_NEO-JOUR-V2.html?dwvar_ITAUBA__WIDE__NEO-JOUR-V2_color=BJ3&to=99#viewtype=grid-view-small&sz=192&to=99&start=1 NOTFOUND
[25/12/18 19:22:42][DEBUG]scrape BERLUTI start
[25/12/18 19:22:44][DEBUG]open done OK
[25/12/18 19:22:49][DEBUG]https://www.berluti.com/ja-jp/itauba-waido-sukurittoreza/ITAUBA_WIDE_NEO-JOUR-V2.html?dwvar_ITAUBA__WIDE__NEO-JOUR-V2_color=ML6&to=100#viewtype=grid-view-small&sz=192&to=100&start=1 NOTFOUND
[25/12/18 19:22:51][DEBUG]scrape BERLUTI start
[25/12/18 19:22:53][DEBUG]open done OK
[25/12/18 19:22:55][DEBUG]https://www.berluti.com/ja-jp/banbu-tetorisu-sukurittoreza-kadohoruda/BAMBOU_TETRIS_NEO-JOUR-V2.html?dwvar_BAMBOU__TETRIS__NEO-JOUR-V2_color=K02&to=101#viewtype=grid-view-small&sz=192&to=101&start=1 92400
[25/12/18 19:22:57][DEBUG]scrape BERLUTI start
[25/12/18 19:22:59][DEBUG]open done OK
[25/12/18 19:23:01][DEBUG]https://www.berluti.com/ja-jp/banbu-tetorisu-sukurittoreza-kadohoruda/BAMBOU_TETRIS_NEO-JOUR-V2.html?dwvar_BAMBOU__TETRIS__NEO-JOUR-V2_color=BJ3&to=102#viewtype=grid-view-small&sz=192&to=102&start=1 92400
[25/12/18 19:23:04][DEBUG]scrape BERLUTI start
[25/12/18 19:23:06][DEBUG]open done OK
[25/12/18 19:23:08][DEBUG]https://www.berluti.com/ja-jp/banbu-neo-sukurittosuwaipurezakadohoruda/BAMBOU_NEO-JOUR-V2.html?dwvar_BAMBOU__NEO-JOUR-V2_color=K02&to=103#viewtype=grid-view-small&sz=192&to=103&start=1 68200
[25/12/18 19:23:10][DEBUG]scrape BERLUTI start
[25/12/18 19:23:11][DEBUG]open done OK
[25/12/18 19:23:14][DEBUG]https://www.berluti.com/ja-jp/banbu-neo-sukurittosuwaipurezakadohoruda/BAMBOU_NEO-JOUR-V2.html?dwvar_BAMBOU__NEO-JOUR-V2_color=ML6&to=104#viewtype=grid-view-small&sz=192&to=104&start=1 68200
[25/12/18 19:23:16][DEBUG]scrape BERLUTI start
[25/12/18 19:23:18][DEBUG]open done OK
[25/12/18 19:23:20][DEBUG]https://www.berluti.com/ja-jp/banbu-neo-sukurittosuwaipurezakadohoruda/BAMBOU_NEO-JOUR-V2.html?dwvar_BAMBOU__NEO-JOUR-V2_color=G02&to=105#viewtype=grid-view-small&sz=192&to=105&start=1 68200
[25/12/18 19:23:22][DEBUG]scrape BERLUTI start
[25/12/18 19:23:24][DEBUG]open done OK
[25/12/18 19:23:26][DEBUG]https://www.berluti.com/ja-jp/banbu-neo-sukurittosuwaipurezakadohoruda/BAMBOU_NEO-JOUR-V2.html?dwvar_BAMBOU__NEO-JOUR-V2_color=R78&to=106#viewtype=grid-view-small&sz=192&to=106&start=1 68200
[25/12/18 19:23:28][DEBUG]scrape BERLUTI start
[25/12/18 19:23:31][DEBUG]open done OK
[25/12/18 19:23:35][DEBUG]https://www.berluti.com/ja-jp/inbuia-sukurittoreza-kadohoruda/IMBUIA_NEO-JOUR-V2.html?dwvar_IMBUIA__NEO-JOUR-V2_color=K02&to=107#viewtype=grid-view-small&sz=192&to=107&start=1 NOTFOUND
[25/12/18 19:23:37][DEBUG]scrape BERLUTI start
[25/12/18 19:23:40][DEBUG]open done OK
[25/12/18 19:23:44][DEBUG]https://www.berluti.com/ja-jp/inbuia-sukurittoreza-kadohoruda/IMBUIA_NEO-JOUR-V2.html?dwvar_IMBUIA__NEO-JOUR-V2_color=ML6&to=108#viewtype=grid-view-small&sz=192&to=108&start=1 NOTFOUND
[25/12/18 19:23:46][DEBUG]scrape BERLUTI start
[25/12/18 19:23:48][DEBUG]open done OK
[25/12/18 19:23:50][DEBUG]https://www.berluti.com/ja-jp/figyua-sukurittoreza-konpakutou-oretto/FIGURE_NEO-JOUR-V2.html?dwvar_FIGURE__NEO-JOUR-V2_color=K02&to=109#viewtype=grid-view-small&sz=192&to=109&start=1 124300
[25/12/18 19:23:52][DEBUG]scrape BERLUTI start
[25/12/18 19:23:54][DEBUG]open done OK
[25/12/18 19:23:56][DEBUG]https://www.berluti.com/ja-jp/figyua-sukurittoreza-konpakutou-oretto/FIGURE_NEO-JOUR-V2.html?dwvar_FIGURE__NEO-JOUR-V2_color=ML6&to=110#viewtype=grid-view-small&sz=192&to=110&start=1 124300
[25/12/18 19:23:58][DEBUG]scrape BERLUTI start
[25/12/18 19:24:00][DEBUG]open done OK
[25/12/18 19:24:04][DEBUG]https://www.berluti.com/ja-jp/esukaru-towaru-marubufu-pasupotohoruda/ESCALE_NEO-TOILE_MARBEUF-T19.html?dwvar_ESCALE__NEO-TOILE__MARBEUF-T19_color=MO5&to=111#viewtype=grid-view-small&sz=192&to=111&start=1 NOTFOUND
[25/12/18 19:24:06][DEBUG]scrape BERLUTI start
[25/12/18 19:24:08][DEBUG]open done OK
[25/12/18 19:24:10][DEBUG]https://www.berluti.com/ja-jp/makore-2in1-sukurittoreza-u-oretto/MAKORE_2IN1_NEO-JOUR-V2.html?dwvar_MAKORE__2IN1__NEO-JOUR-V2_color=ML6&to=112#viewtype=grid-view-small&sz=192&to=112&start=1 161700
[25/12/18 19:24:12][DEBUG]scrape BERLUTI start
[25/12/18 19:24:14][DEBUG]open done OK
[25/12/18 19:24:16][DEBUG]https://www.berluti.com/ja-jp/juru-sukurittoreza-manekurippu/MC004-V2.html?dwvar_MC004-V2_color=ML6&to=113#viewtype=grid-view-small&sz=192&to=113&start=1 60500
[25/12/18 19:24:22][DEBUG]scrape BERLUTI start
[25/12/18 19:24:24][DEBUG]open done OK
[25/12/18 19:24:28][DEBUG]https://www.berluti.com/ja-jp/vu-enechia-appuru-u-otchi-buresuretto/APPLE_WATCH_BRACELET-VENEZIA-V2.html?dwvar_APPLE__WATCH__BRACELET-VENEZIA-V2_color=M10&to=114#viewtype=grid-view-small&sz=192&to=114&start=1 NOTFOUND
[25/12/18 19:24:30][DEBUG]scrape BERLUTI start
[25/12/18 19:24:32][DEBUG]open done OK
[25/12/18 19:24:36][DEBUG]https://www.berluti.com/ja-jp/vu-enechia-appuru-u-otchi-buresuretto/APPLE_WATCH_BRACELET-VENEZIA-V2.html?dwvar_APPLE__WATCH__BRACELET-VENEZIA-V2_color=MH2&to=115#viewtype=grid-view-small&sz=192&to=115&start=1 NOTFOUND
[25/12/18 19:24:38][DEBUG]scrape BERLUTI start
[25/12/18 19:24:40][DEBUG]open done OK
[25/12/18 19:24:42][DEBUG]https://www.berluti.com/ja-jp/inbuia-guradianto-sukurittoreza-kadohoruda/IMBUIA_NEO_GRADIANT-JOUR-V2.html?dwvar_IMBUIA__NEO__GRADIANT-JOUR-V2_color=Y23&to=116#viewtype=grid-view-small&sz=192&to=116&start=1 108900
[25/12/18 19:24:45][DEBUG]scrape BERLUTI start
[25/12/18 19:24:46][DEBUG]open done OK
[25/12/18 19:24:50][DEBUG]https://www.berluti.com/ja-jp/makore-towaru-marubufu-u-oretto/MAKORE_NEO-TOILE_MARBEUF-T19.html?dwvar_MAKORE__NEO-TOILE__MARBEUF-T19_color=MO5&to=117#viewtype=grid-view-small&sz=192&to=117&start=1 NOTFOUND
[25/12/18 19:24:52][DEBUG]scrape BERLUTI start
[25/12/18 19:24:54][DEBUG]open done OK
[25/12/18 19:24:58][DEBUG]https://www.berluti.com/ja-jp/itauba-neo-sukuritto-reza-rongu-jippu-fuki-u-oretto/ITAUBA_NEO-JOUR-V2.html?dwvar_ITAUBA__NEO-JOUR-V2_color=KE4&to=118#viewtype=grid-view-small&sz=192&to=118&start=1 NOTFOUND
[25/12/18 19:25:00][DEBUG]scrape BERLUTI start
[25/12/18 19:25:02][DEBUG]open done OK
[25/12/18 19:25:04][DEBUG]https://www.berluti.com/ja-jp/buna-sukurittoreza-kadohoruda/BUNA-JOUR-V29.html?dwvar_BUNA-JOUR-V29_color=K02&to=119#viewtype=grid-view-small&sz=192&to=119&start=1 127600
[25/12/18 19:25:06][DEBUG]scrape BERLUTI start
[25/12/18 19:25:08][DEBUG]open done OK
[25/12/18 19:25:12][DEBUG]https://www.berluti.com/ja-jp/itauba-neo-sukuritto-reza-rongu-jippu-fuki-u-oretto/ITAUBA_NEO-JOUR-V2.html?dwvar_ITAUBA__NEO-JOUR-V2_color=J10&to=120#viewtype=grid-view-small&sz=192&to=120&start=1 NOTFOUND
[25/12/18 19:25:14][DEBUG]scrape BERLUTI start
[25/12/18 19:25:16][DEBUG]open done OK
[25/12/18 19:25:18][DEBUG]https://www.berluti.com/ja-jp/wapa-guradianto-sukurittoreza-koinpasu/WAPA_NEO_GRADIANT-JOUR_GRADIANT-VX.html?dwvar_WAPA__NEO__GRADIANT-JOUR__GRADIANT-VX_color=MS3&to=121#viewtype=grid-view-small&sz=192&to=121&start=1 133100
[25/12/18 19:25:20][DEBUG]scrape BERLUTI start
[25/12/18 19:25:22][DEBUG]open done OK
[25/12/18 19:25:24][DEBUG]https://www.berluti.com/ja-jp/itauba-waido-guradianto-sukurittoreza-jippupochi/ITAUBA_WIDE_GRADIANT-JOUR_GRADIANT-VX.html?dwvar_ITAUBA__WIDE__GRADIANT-JOUR__GRADIANT-VX_color=K66&to=122#viewtype=grid-view-small&sz=192&to=122&start=1 345400
[25/12/18 19:25:26][DEBUG]scrape BERLUTI start
[25/12/18 19:25:27][DEBUG]open done OK
[25/12/18 19:25:32][DEBUG]https://www.berluti.com/ja-jp/itauba-neo-sukuritto-reza-rongu-jippu-fuki-u-oretto/ITAUBA_NEO-JOUR-V2.html?dwvar_ITAUBA__NEO-JOUR-V2_color=KM7&to=123#viewtype=grid-view-small&sz=192&to=123&start=1 NOTFOUND
[25/12/18 19:25:34][DEBUG]scrape BERLUTI start
[25/12/18 19:25:35][DEBUG]open done OK
[25/12/18 19:25:38][DEBUG]https://www.berluti.com/ja-jp/santaru-sukurittoreza-jippuronguu-oretto/SANTAL_NEO-JOUR-V2.html?dwvar_SANTAL__NEO-JOUR-V2_color=J10&to=124#viewtype=grid-view-small&sz=192&to=124&start=1 174900
[25/12/18 19:25:40][DEBUG]scrape BERLUTI start
[25/12/18 19:25:42][DEBUG]open done OK
[25/12/18 19:25:44][DEBUG]https://www.berluti.com/ja-jp/esupasu-sukurittoreza-ronguu-oretto/ESPACE_NEO-JOUR-V2.html?dwvar_ESPACE__NEO-JOUR-V2_color=BJ3&to=125#viewtype=grid-view-small&sz=192&to=125&start=1 174900
[25/12/18 19:25:46][DEBUG]scrape BERLUTI start
[25/12/18 19:25:47][DEBUG]open done OK
[25/12/18 19:25:51][DEBUG]https://www.berluti.com/ja-jp/itauba-neo-sukuritto-reza-rongu-jippu-fuki-u-oretto/ITAUBA_NEO-JOUR-V2.html?dwvar_ITAUBA__NEO-JOUR-V2_color=KE5&to=126#viewtype=grid-view-small&sz=192&to=126&start=1 NOTFOUND
[25/12/18 19:25:54][DEBUG]scrape BERLUTI start
[25/12/18 19:25:55][DEBUG]open done OK
[25/12/18 19:25:59][DEBUG]https://www.berluti.com/ja-jp/itauba-neo-sukuritto-reza-rongu-jippu-fuki-u-oretto/ITAUBA_NEO-JOUR-V2.html?dwvar_ITAUBA__NEO-JOUR-V2_color=J12&to=127#viewtype=grid-view-small&sz=192&to=127&start=1 NOTFOUND
[25/12/18 19:26:01][DEBUG]scrape BERLUTI start
[25/12/18 19:26:03][DEBUG]open done OK
[25/12/18 19:26:07][DEBUG]https://www.berluti.com/ja-jp/itauba-neo-sukuritto-reza-rongu-jippu-fuki-u-oretto/ITAUBA_NEO-JOUR-V2.html?dwvar_ITAUBA__NEO-JOUR-V2_color=J20&to=128#viewtype=grid-view-small&sz=192&to=128&start=1 NOTFOUND
[25/12/18 19:26:09][DEBUG]scrape BERLUTI start
[25/12/18 19:26:11][DEBUG]open done OK
[25/12/18 19:26:13][DEBUG]https://www.berluti.com/ja-jp/figyua-sukurittoreza-konpakutou-oretto/FIGURE_NEO-JOUR-V2.html?dwvar_FIGURE__NEO-JOUR-V2_color=KM7&to=129#viewtype=grid-view-small&sz=192&to=129&start=1 124300
[25/12/18 19:26:15][DEBUG]scrape BERLUTI start
[25/12/18 19:26:18][DEBUG]open done OK
[25/12/18 19:26:22][DEBUG]https://www.berluti.com/ja-jp/inbuia-sukurittoreza-kadohoruda/IMBUIA_NEO-JOUR-V2.html?dwvar_IMBUIA__NEO-JOUR-V2_color=J10&to=130#viewtype=grid-view-small&sz=192&to=130&start=1 NOTFOUND
[25/12/18 19:26:24][DEBUG]scrape BERLUTI start
[25/12/18 19:26:26][DEBUG]open done OK
[25/12/18 19:26:28][DEBUG]https://www.berluti.com/ja-jp/santaru-sukurittoreza-jippuronguu-oretto/SANTAL_NEO-JOUR-V2.html?dwvar_SANTAL__NEO-JOUR-V2_color=KE4&to=131#viewtype=grid-view-small&sz=192&to=131&start=1 174900
[25/12/18 19:26:30][DEBUG]scrape BERLUTI start
[25/12/18 19:26:32][DEBUG]open done OK
[25/12/18 19:26:34][DEBUG]https://www.berluti.com/ja-jp/terushio-reza-oruinwan/TERSIO_NEO-JOUR-V2.html?dwvar_TERSIO__NEO-JOUR-V2_color=MR5&to=132#viewtype=grid-view-small&sz=192&to=132&start=1 324500
[25/12/18 19:26:36][DEBUG]scrape BERLUTI start
[25/12/18 19:26:39][DEBUG]open done OK
[25/12/18 19:26:43][DEBUG]https://www.berluti.com/ja-jp/inbuia-sukurittoreza-kadohoruda/IMBUIA_NEO-JOUR-V2.html?dwvar_IMBUIA__NEO-JOUR-V2_color=KE4&to=133#viewtype=grid-view-small&sz=192&to=133&start=1 NOTFOUND
[25/12/18 19:26:45][DEBUG]scrape BERLUTI start
[25/12/18 19:26:48][DEBUG]open done OK
[25/12/18 19:26:52][DEBUG]https://www.berluti.com/ja-jp/inbuia-sukurittoreza-kadohoruda/IMBUIA_NEO-JOUR-V2.html?dwvar_IMBUIA__NEO-JOUR-V2_color=KE5&to=134#viewtype=grid-view-small&sz=192&to=134&start=1 NOTFOUND
[25/12/18 19:26:54][DEBUG]scrape BERLUTI start
[25/12/18 19:26:56][DEBUG]open done OK
[25/12/18 19:26:58][DEBUG]https://www.berluti.com/ja-jp/santaru-sukurittoreza-jippuronguu-oretto/SANTAL_NEO-JOUR-V2.html?dwvar_SANTAL__NEO-JOUR-V2_color=KE5&to=135#viewtype=grid-view-small&sz=192&to=135&start=1 174900
[25/12/18 19:27:00][DEBUG]scrape BERLUTI start
[25/12/18 19:27:02][DEBUG]open done OK
[25/12/18 19:27:04][DEBUG]https://www.berluti.com/ja-jp/figyua-sukurittoreza-konpakutou-oretto/FIGURE_NEO-JOUR-V2.html?dwvar_FIGURE__NEO-JOUR-V2_color=KE5&to=136#viewtype=grid-view-small&sz=192&to=136&start=1 124300
[25/12/18 19:27:06][DEBUG]scrape BERLUTI start
[25/12/18 19:27:08][DEBUG]open done OK
[25/12/18 19:27:13][DEBUG]https://www.berluti.com/ja-jp/vu-enechia-appuru-u-otchi-buresuretto/APPLE_WATCH_BRACELET-VENEZIA-V2.html?dwvar_APPLE__WATCH__BRACELET-VENEZIA-V2_color=B07&to=137#viewtype=grid-view-small&sz=192&to=137&start=1 NOTFOUND
[25/12/18 19:27:15][DEBUG]scrape BERLUTI start
[25/12/18 19:27:17][DEBUG]open done OK
[25/12/18 19:27:21][DEBUG]https://www.berluti.com/ja-jp/ete-yui-do-u-vu-oyaju-towaru-marubufu-toraberupochi/ETUI_DE_VOYAGE-TOILE_MARBEUF-T19.html?dwvar_ETUI__DE__VOYAGE-TOILE__MARBEUF-T19_color=MO5&to=138#viewtype=grid-view-small&sz=192&to=138&start=1 NOTFOUND
[25/12/18 19:27:23][DEBUG]scrape BERLUTI start
[25/12/18 19:27:26][DEBUG]open done OK
[25/12/18 19:27:28][DEBUG]https://www.berluti.com/ja-jp/figyua-sukurittoreza-konpakutou-oretto/FIGURE_NEO-JOUR-V2.html?dwvar_FIGURE__NEO-JOUR-V2_color=KE4&to=139#viewtype=grid-view-small&sz=192&to=139&start=1 124300
[25/12/18 19:27:30][DEBUG]scrape BERLUTI start
[25/12/18 19:27:33][DEBUG]open done OK
[25/12/18 19:27:37][DEBUG]https://www.berluti.com/ja-jp/itauba-waido-sukurittoreza/ITAUBA_WIDE_NEO-JOUR-V2.html?dwvar_ITAUBA__WIDE__NEO-JOUR-V2_color=J10&to=140#viewtype=grid-view-small&sz=192&to=140&start=1 NOTFOUND
[25/12/18 19:27:39][DEBUG]scrape BERLUTI start
[25/12/18 19:27:41][DEBUG]open done OK
[25/12/18 19:27:45][DEBUG]https://www.berluti.com/ja-jp/itauba-waido-sukurittoreza/ITAUBA_WIDE_NEO-JOUR-V2.html?dwvar_ITAUBA__WIDE__NEO-JOUR-V2_color=J12&to=141#viewtype=grid-view-small&sz=192&to=141&start=1 NOTFOUND
[25/12/18 19:27:48][DEBUG]scrape BERLUTI start
[25/12/18 19:27:49][DEBUG]open done OK
[25/12/18 19:27:53][DEBUG]https://www.berluti.com/ja-jp/notobukkurefirua-5/REFILL_NOTEBOOK_A5_II.html?dwvar_REFILL__NOTEBOOK__A5__II_color=K01&to=142#viewtype=grid-view-small&sz=192&to=142&start=1 NOTFOUND
[25/12/18 19:27:55][DEBUG]scrape BERLUTI start
[25/12/18 19:27:58][DEBUG]open done OK
[25/12/18 19:28:02][DEBUG]https://www.berluti.com/ja-jp/inbuia-sukurittoreza-kadohoruda/IMBUIA_NEO-JOUR-V2.html?dwvar_IMBUIA__NEO-JOUR-V2_color=J12&to=143#viewtype=grid-view-small&sz=192&to=143&start=1 NOTFOUND
[25/12/18 19:28:04][DEBUG]scrape BERLUTI start
[25/12/18 19:28:06][DEBUG]open done OK
[25/12/18 19:28:08][DEBUG]https://www.berluti.com/ja-jp/figyua-sukurittoreza-konpakutou-oretto/FIGURE_NEO-JOUR-V2.html?dwvar_FIGURE__NEO-JOUR-V2_color=J10&to=144#viewtype=grid-view-small&sz=192&to=144&start=1 124300
[25/12/18 19:28:11][DEBUG]scrape BERLUTI start
[25/12/18 19:28:13][DEBUG]open done OK
[25/12/18 19:28:17][DEBUG]https://www.berluti.com/ja-jp/sukurittoreza-airpods-prokesu/AIRPODS_PRO_CASE-SCRITTO-V2.html?dwvar_AIRPODS__PRO__CASE-SCRITTO-V2_color=G27&to=145#viewtype=grid-view-small&sz=192&to=145&start=1 NOTFOUND
[25/12/18 19:28:19][DEBUG]scrape BERLUTI start
[25/12/18 19:28:21][DEBUG]open done OK
[25/12/18 19:28:23][DEBUG]https://www.berluti.com/ja-jp/sukurittoreza-1ben-yongu-otchikesu/WATCH_CASE_1_NEO-SCRITTO-V2.html?dwvar_WATCH__CASE__1__NEO-SCRITTO-V2_color=ML6&to=146#viewtype=grid-view-small&sz=192&to=146&start=1 177100
[25/12/18 19:28:25][DEBUG]scrape BERLUTI start
[25/12/18 19:28:27][DEBUG]open done OK
[25/12/18 19:28:29][DEBUG]https://www.berluti.com/ja-jp/sukurittoreza-3ben-yongu-otchikesu/WATCH_CASE_3_NEO-SCRITTO_SWIPE-V2.html?dwvar_WATCH__CASE__3__NEO-SCRITTO__SWIPE-V2_color=ML6&to=147#viewtype=grid-view-small&sz=192&to=147&start=1 290400
[25/12/18 19:28:35][DEBUG]scrape BERLUTI start
[25/12/18 19:28:38][DEBUG]open done OK
[25/12/18 19:28:40][DEBUG]https://www.berluti.com/ja-jp/sukuritto-reza-2-shiga-kesu/CIGAR_CASE_2_NEO-V2.html?dwvar_CIGAR__CASE__2__NEO-V2_color=ML6&to=148#viewtype=grid-view-small&sz=192&to=148&start=1 190300
[25/12/18 19:28:42][DEBUG]scrape BERLUTI start
[25/12/18 19:28:44][DEBUG]open done OK
[25/12/18 19:28:46][DEBUG]https://www.berluti.com/ja-jp/sukuritto-reza-4-shiga-kesu/CIGAR_CASE_4_NEO-V2.html?dwvar_CIGAR__CASE__4__NEO-V2_color=BJ3&to=149#viewtype=grid-view-small&sz=192&to=149&start=1 259600
[25/12/18 19:28:48][DEBUG]scrape BERLUTI start
[25/12/18 19:28:50][DEBUG]open done OK
[25/12/18 19:28:52][DEBUG]https://www.berluti.com/ja-jp/banbu-neo-sukurittosuwaipurezakadohoruda/BAMBOU_NEO-JOUR-V2.html?dwvar_BAMBOU__NEO-JOUR-V2_color=F06&to=150#viewtype=grid-view-small&sz=192&to=150&start=1 68200
[25/12/18 19:28:54][DEBUG]scrape BERLUTI start
[25/12/18 19:28:56][DEBUG]open done OK
[25/12/18 19:28:58][DEBUG]https://www.berluti.com/ja-jp/santaru-sukurittoreza-jippuronguu-oretto/SANTAL_NEO-JOUR-V2.html?dwvar_SANTAL__NEO-JOUR-V2_color=J12&to=151#viewtype=grid-view-small&sz=192&to=151&start=1 174900
[25/12/18 19:29:00][DEBUG]scrape BERLUTI start
[25/12/18 19:29:03][DEBUG]open done OK
[25/12/18 19:29:05][DEBUG]https://www.berluti.com/ja-jp/sukuritto-reza-2-shiga-kesu/CIGAR_CASE_2_NEO-V2.html?dwvar_CIGAR__CASE__2__NEO-V2_color=F06&to=152#viewtype=grid-view-small&sz=192&to=152&start=1 190300
[25/12/18 19:29:07][DEBUG]scrape BERLUTI start
[25/12/18 19:29:09][DEBUG]open done OK
[25/12/18 19:29:11][DEBUG]https://www.berluti.com/ja-jp/sukurittoreza-3ben-yongu-otchikesu/WATCH_CASE_3_NEO-SCRITTO_SWIPE-V2.html?dwvar_WATCH__CASE__3__NEO-SCRITTO__SWIPE-V2_color=BJ3&to=153#viewtype=grid-view-small&sz=192&to=153&start=1 290400
[25/12/18 19:29:18][DEBUG]scrape BERLUTI start
[25/12/18 19:29:20][DEBUG]open done OK
[25/12/18 19:29:22][DEBUG]https://www.berluti.com/ja-jp/sukuritto-reza-2-shiga-kesu/CIGAR_CASE_2_NEO-V2.html?dwvar_CIGAR__CASE__2__NEO-V2_color=MQ4&to=154#viewtype=grid-view-small&sz=192&to=154&start=1 190300
[25/12/18 19:29:24][DEBUG]scrape BERLUTI start
[25/12/18 19:29:26][DEBUG]open done OK
[25/12/18 19:29:28][DEBUG]https://www.berluti.com/ja-jp/sukurittoreza-3ben-yongu-otchikesu/WATCH_CASE_3_NEO-SCRITTO_SWIPE-V2.html?dwvar_WATCH__CASE__3__NEO-SCRITTO__SWIPE-V2_color=B07&to=155#viewtype=grid-view-small&sz=192&to=155&start=1 290400
[25/12/18 19:29:35][DEBUG]scrape BERLUTI start
[25/12/18 19:29:37][DEBUG]open done OK
[25/12/18 19:29:39][DEBUG]https://www.berluti.com/ja-jp/sukurittoreza-1ben-yongu-otchikesu/WATCH_CASE_1_NEO-SCRITTO-V2.html?dwvar_WATCH__CASE__1__NEO-SCRITTO-V2_color=G02&to=156#viewtype=grid-view-small&sz=192&to=156&start=1 177100
[25/12/18 19:29:41][DEBUG]scrape BERLUTI start
[25/12/18 19:29:43][DEBUG]open done OK
[25/12/18 19:29:45][DEBUG]https://www.berluti.com/ja-jp/sukurittoreza-1ben-yongu-otchikesu/WATCH_CASE_1_NEO-SCRITTO-V2.html?dwvar_WATCH__CASE__1__NEO-SCRITTO-V2_color=F06&to=157#viewtype=grid-view-small&sz=192&to=157&start=1 177100
[25/12/18 19:29:47][DEBUG]scrape BERLUTI start
[25/12/18 19:29:49][DEBUG]open done OK
[25/12/18 19:29:51][DEBUG]https://www.berluti.com/ja-jp/figyua-sukurittoreza-konpakutou-oretto/FIGURE_NEO-JOUR-V2.html?dwvar_FIGURE__NEO-JOUR-V2_color=J12&to=158#viewtype=grid-view-small&sz=192&to=158&start=1 124300
[25/12/18 19:29:53][DEBUG]scrape BERLUTI start
[25/12/18 19:29:56][DEBUG]open done OK
[25/12/18 19:29:58][DEBUG]https://www.berluti.com/ja-jp/sukurittoreza-1ben-yongu-otchikesu/WATCH_CASE_1_NEO-SCRITTO-V2.html?dwvar_WATCH__CASE__1__NEO-SCRITTO-V2_color=G11&to=159#viewtype=grid-view-small&sz=192&to=159&start=1 177100
[25/12/18 19:30:00][DEBUG]scrape BERLUTI start
[25/12/18 19:30:02][DEBUG]open done OK
[25/12/18 19:30:04][DEBUG]https://www.berluti.com/ja-jp/sukurittoreza-3ben-yongu-otchikesu/WATCH_CASE_3_NEO-SCRITTO_SWIPE-V2.html?dwvar_WATCH__CASE__3__NEO-SCRITTO__SWIPE-V2_color=MQ4&to=160#viewtype=grid-view-small&sz=192&to=160&start=1 290400
[25/12/18 19:30:10][DEBUG]scrape BERLUTI start
[25/12/18 19:30:13][DEBUG]open done OK
[25/12/18 19:30:15][DEBUG]https://www.berluti.com/ja-jp/itauba-sukuea-guradianto-sukurittoreza-konpakutou-oretto/ITAUBA_SQUARE_NEO_GRADIANT-JOUR_GRADIANT-VX3.html?dwvar_ITAUBA__SQUARE__NEO__GRADIANT-JOUR__GRADIANT-VX3_color=G94&to=161#viewtype=grid-view-small&sz=192&to=161&start=1 156200
[25/12/18 19:30:17][DEBUG]scrape BERLUTI start
[25/12/18 19:30:19][DEBUG]open done OK
[25/12/18 19:30:21][DEBUG]https://www.berluti.com/ja-jp/figyua-koin-sukurittoreza-u-oretto/FIGURE_COIN-JOUR-V29.html?dwvar_FIGURE__COIN-JOUR-V29_color=K02&to=162#viewtype=grid-view-small&sz=192&to=162&start=1 143000
[25/12/18 19:30:23][DEBUG]scrape BERLUTI start
[25/12/18 19:30:26][DEBUG]open done OK
[25/12/18 19:30:30][DEBUG]https://www.berluti.com/ja-jp/engravedvu-enetsu-ia-kafureza4shigakesu/CIGAR_CASE_4-V2.html?dwvar_CIGAR__CASE__4-V2_color=M04&to=181#viewtype=grid-view-small&sz=192&to=181&start=1 NOTFOUND
[25/12/18 19:30:32][DEBUG]scrape BERLUTI start
[25/12/18 19:30:34][DEBUG]open done OK
[25/12/18 19:30:36][DEBUG]https://www.berluti.com/ja-jp/andi-fon-pochi-reza-messenja/ANDY_PHONE_POUCH-V1.html?dwvar_ANDY__PHONE__POUCH-V1_color=ML6&to=1#prefn1=product_online_sales&prefv1=true&viewtype=grid-view-small&sz=48&to=1&start=1 367400
[25/12/18 19:30:38][DEBUG]scrape BERLUTI start
[25/12/18 19:30:40][DEBUG]open done OK
[25/12/18 19:30:42][DEBUG]https://www.berluti.com/ja-jp/andi-kurosubodi-reza-messenja/ANDY_CROSSBODY-V1.html?dwvar_ANDY__CROSSBODY-V1_color=ML6&to=2#prefn1=product_online_sales&prefv1=true&viewtype=grid-view-small&sz=48&to=2&start=1 665500
[25/12/18 19:30:44][DEBUG]scrape BERLUTI start
[25/12/18 19:30:47][DEBUG]open done OK
[25/12/18 19:30:49][DEBUG]https://www.berluti.com/ja-jp/andi-messenja-rezaburifukesu/ANDY_MESSENGER-V1.html?dwvar_ANDY__MESSENGER-V1_color=ML6&to=3#prefn1=product_online_sales&prefv1=true&viewtype=grid-view-small&sz=48&to=3&start=1 731500
[25/12/18 19:30:51][DEBUG]scrape BERLUTI start
[25/12/18 19:30:53][DEBUG]open done OK
[25/12/18 19:30:55][DEBUG]https://www.berluti.com/ja-jp/moningu-on-sutorappu-reza-messenja/MORNING_ON_STRAP-V81.html?dwvar_MORNING__ON__STRAP-V81_color=MM5&to=4#prefn1=product_online_sales&prefv1=true&viewtype=grid-view-small&sz=48&to=4&start=1 409200
[25/12/18 19:31:01][DEBUG]scrape BERLUTI start
[25/12/18 19:31:03][DEBUG]open done OK
[25/12/18 19:31:06][DEBUG]https://www.berluti.com/ja-jp/to-ujuru-sofuto-jippu-hobo-xs-sukurittoreza-messenja/ZIPPED_HOBO_XS-V41.html?dwvar_ZIPPED__HOBO__XS-V41_color=MA1&to=5#prefn1=product_online_sales&prefv1=true&viewtype=grid-view-small&sz=48&to=5&start=1 451000
[25/12/18 19:31:12][DEBUG]scrape BERLUTI start
[25/12/18 19:31:15][DEBUG]open done OK
[25/12/18 19:31:17][DEBUG]https://www.berluti.com/ja-jp/to-ujuru-sofuto-jippu-hobo-xs-sukurittoreza-messenja/ZIPPED_HOBO_XS-V82.html?dwvar_ZIPPED__HOBO__XS-V82_color=MM5&to=6#prefn1=product_online_sales&prefv1=true&viewtype=grid-view-small&sz=48&to=6&start=1 451000
[25/12/18 19:31:19][DEBUG]scrape BERLUTI start
[25/12/18 19:31:21][DEBUG]open done OK
[25/12/18 19:31:23][DEBUG]https://www.berluti.com/ja-jp/to-ujuru-sofuto-jippu-hobo-xs-reza-messenja/ZIPPED_HOBO_XS-V3.html?dwvar_ZIPPED__HOBO__XS-V3_color=F06&to=7#prefn1=product_online_sales&prefv1=true&viewtype=grid-view-small&sz=48&to=7&start=1 409200
[25/12/18 19:31:25][DEBUG]scrape BERLUTI start
[25/12/18 19:31:27][DEBUG]open done OK
[25/12/18 19:31:30][DEBUG]https://www.berluti.com/ja-jp/to-ujuru-sofuto-jippu-hobo-sukurittoreza-messenja/ZIPPED_HOBO-V82.html?dwvar_ZIPPED__HOBO-V82_color=MM5&to=8#prefn1=product_online_sales&prefv1=true&viewtype=grid-view-small&sz=48&to=8&start=1 545600
[25/12/18 19:31:32][DEBUG]scrape BERLUTI start
[25/12/18 19:31:34][DEBUG]open done OK
[25/12/18 19:31:36][DEBUG]https://www.berluti.com/ja-jp/to-ujuru-sofuto-jippu-hobo-reza-messenja/ZIPPED_HOBO-V3.html?dwvar_ZIPPED__HOBO-V3_color=MH2&to=9#prefn1=product_online_sales&prefv1=true&viewtype=grid-view-small&sz=48&to=9&start=1 490600
[25/12/18 19:31:38][DEBUG]scrape BERLUTI start
[25/12/18 19:31:41][DEBUG]open done OK
[25/12/18 19:31:43][DEBUG]https://www.berluti.com/ja-jp/to-ujuru-sofuto-jippu-hobo-reza-messenja/ZIPPED_HOBO-V3.html?dwvar_ZIPPED__HOBO-V3_color=MQ4&to=10#prefn1=product_online_sales&prefv1=true&viewtype=grid-view-small&sz=48&to=10&start=1 490600
[25/12/18 19:31:45][DEBUG]scrape BERLUTI start
[25/12/18 19:31:47][DEBUG]open done OK
[25/12/18 19:31:49][DEBUG]https://www.berluti.com/ja-jp/shadou-kashimiya-bamubaggu/B5820_BUMBAG-Z65.html?dwvar_B5820__BUMBAG-Z65_color=K58&to=11#prefn1=product_online_sales&prefv1=true&viewtype=grid-view-small&sz=48&to=11&start=1 322300
[25/12/18 19:31:51][DEBUG]scrape BERLUTI start
[25/12/18 19:31:54][DEBUG]open done OK
[25/12/18 19:31:56][DEBUG]https://www.berluti.com/ja-jp/jurunarie-xs-reza-messenja/JOURNALIER_XS-CE0.html?dwvar_JOURNALIER__XS-CE0_color=K62&to=12#prefn1=product_online_sales&prefv1=true&viewtype=grid-view-small&sz=48&to=12&start=1 331100
[25/12/18 19:31:58][DEBUG]scrape BERLUTI start
[25/12/18 19:32:00][DEBUG]open done OK
[25/12/18 19:32:02][DEBUG]https://www.berluti.com/ja-jp/jurunarie-xs-reza-messenja/JOURNALIER_XS-CE0.html?dwvar_JOURNALIER__XS-CE0_color=MC5&to=13#prefn1=product_online_sales&prefv1=true&viewtype=grid-view-small&sz=48&to=13&start=1 331100
[25/12/18 19:32:04][DEBUG]scrape BERLUTI start
[25/12/18 19:32:07][DEBUG]open done OK
[25/12/18 19:32:11][DEBUG]https://www.berluti.com/ja-jp/jurunarie-torio-sukurittoreza-messenja/JOURNALIER_TRIO-V82.html?dwvar_JOURNALIER__TRIO-V82_color=MM5&to=14#prefn1=product_online_sales&prefv1=true&viewtype=grid-view-small&sz=48&to=14&start=1 NOTFOUND
[25/12/18 19:32:13][DEBUG]scrape BERLUTI start
[25/12/18 19:32:15][DEBUG]open done OK
[25/12/18 19:32:19][DEBUG]https://www.berluti.com/ja-jp/jurunarie-reza-messenja/JOURNALIER-V1.html?dwvar_JOURNALIER-V1_color=R78&to=15#prefn1=product_online_sales&prefv1=true&viewtype=grid-view-small&sz=48&to=15&start=1 NOTFOUND
[25/12/18 19:32:21][DEBUG]scrape BERLUTI start
[25/12/18 19:32:23][DEBUG]open done OK
[25/12/18 19:32:25][DEBUG]https://www.berluti.com/ja-jp/emio-sukurittoreza-messenja/E_MIO_MESSENGER-V2.html?dwvar_E__MIO__MESSENGER-V2_color=KD1&to=16#prefn1=product_online_sales&prefv1=true&viewtype=grid-view-small&sz=48&to=16&start=1 588500
[25/12/18 19:32:27][DEBUG]scrape BERLUTI start
[25/12/18 19:32:29][DEBUG]open done OK
[25/12/18 19:32:31][DEBUG]https://www.berluti.com/ja-jp/emio-sukurittoreza-messenja/E_MIO_MESSENGER-V2.html?dwvar_E__MIO__MESSENGER-V2_color=MR5&to=17#prefn1=product_online_sales&prefv1=true&viewtype=grid-view-small&sz=48&to=17&start=1 588500
[25/12/18 19:32:33][DEBUG]scrape BERLUTI start
[25/12/18 19:32:36][DEBUG]open done OK
[25/12/18 19:32:38][DEBUG]https://www.berluti.com/ja-jp/anjuru-gariba-sukurittoreza-burifukesu/1_JOUR_GULLIVER_NEO-V2.html?dwvar_1__JOUR__GULLIVER__NEO-V2_color=ML6&to=18#prefn1=product_online_sales&prefv1=true&viewtype=grid-view-small&sz=48&to=18&start=1 441100
[25/12/18 19:32:40][DEBUG]scrape BERLUTI start
[25/12/18 19:32:42][DEBUG]open done OK
[25/12/18 19:32:44][DEBUG]https://www.berluti.com/ja-jp/anjuru-gariba-sukurittoreza-burifukesu/1_JOUR_GULLIVER_NEO-V2.html?dwvar_1__JOUR__GULLIVER__NEO-V2_color=KD4&to=19#prefn1=product_online_sales&prefv1=true&viewtype=grid-view-small&sz=48&to=19&start=1 441100
[25/12/18 19:32:46][DEBUG]scrape BERLUTI start
[25/12/18 19:32:49][DEBUG]open done OK
[25/12/18 19:32:51][DEBUG]https://www.berluti.com/ja-jp/anjuru-gariba-sukurittoreza-burifukesu/1_JOUR_GULLIVER_NEO-V2.html?dwvar_1__JOUR__GULLIVER__NEO-V2_color=G11&to=20#prefn1=product_online_sales&prefv1=true&viewtype=grid-view-small&sz=48&to=20&start=1 441100
[25/12/18 19:32:53][DEBUG]scrape BERLUTI start
[25/12/18 19:32:55][DEBUG]open done OK
[25/12/18 19:32:59][DEBUG]https://www.berluti.com/ja-jp/to-ujuru-gariba-guradianto-sukurittoreza-messenja/TOUJOURS_GULLIVER_NEO_GRADIANT-V2.html?dwvar_TOUJOURS__GULLIVER__NEO__GRADIANT-V2_color=R78&to=21#prefn1=product_online_sales&prefv1=true&viewtype=grid-view-small&sz=48&to=21&start=1 NOTFOUND
[25/12/18 19:33:01][DEBUG]scrape BERLUTI start
[25/12/18 19:33:03][DEBUG]open done OK
[25/12/18 19:33:05][DEBUG]https://www.berluti.com/ja-jp/to-ujuru-gariba-sukurittoreza-messenja/TOUJOURS_GULLIVER_NEO-V2.html?dwvar_TOUJOURS__GULLIVER__NEO-V2_color=KD4&to=22#prefn1=product_online_sales&prefv1=true&viewtype=grid-view-small&sz=48&to=22&start=1 409200
[25/12/18 19:33:11][DEBUG]scrape BERLUTI start
[25/12/18 19:33:14][DEBUG]open done OK
[25/12/18 19:33:16][DEBUG]https://www.berluti.com/ja-jp/to-ujuru-gariba-sukurittoreza-messenja/TOUJOURS_GULLIVER_NEO-V2.html?dwvar_TOUJOURS__GULLIVER__NEO-V2_color=G27&to=23#prefn1=product_online_sales&prefv1=true&viewtype=grid-view-small&sz=48&to=23&start=1 409200
[25/12/18 19:33:22][DEBUG]scrape BERLUTI start
[25/12/18 19:33:24][DEBUG]open done OK
[25/12/18 19:33:26][DEBUG]https://www.berluti.com/ja-jp/to-ujuru-gariba-sukurittoreza-messenja/TOUJOURS_GULLIVER_NEO-V2.html?dwvar_TOUJOURS__GULLIVER__NEO-V2_color=M10&to=24#prefn1=product_online_sales&prefv1=true&viewtype=grid-view-small&sz=48&to=24&start=1 409200
[25/12/18 19:33:33][DEBUG]scrape BERLUTI start
[25/12/18 19:33:35][DEBUG]open done OK
[25/12/18 19:33:37][DEBUG]https://www.berluti.com/ja-jp/to-ujuru-gariba-sukurittoreza-messenja/TOUJOURS_GULLIVER_NEO-V2.html?dwvar_TOUJOURS__GULLIVER__NEO-V2_color=G11&to=25#prefn1=product_online_sales&prefv1=true&viewtype=grid-view-small&sz=48&to=25&start=1 409200
[25/12/18 19:33:43][DEBUG]scrape BERLUTI start
[25/12/18 19:33:45][DEBUG]open done OK
[25/12/18 19:33:47][DEBUG]https://www.berluti.com/ja-jp/to-ujuru-gariba-sukurittoreza-messenja/TOUJOURS_GULLIVER_NEO-V2.html?dwvar_TOUJOURS__GULLIVER__NEO-V2_color=MQ4&to=26#prefn1=product_online_sales&prefv1=true&viewtype=grid-view-small&sz=48&to=26&start=1 409200
[25/12/18 19:33:53][DEBUG]scrape BERLUTI start
[25/12/18 19:33:55][DEBUG]open done OK
[25/12/18 19:33:59][DEBUG]https://www.berluti.com/ja-jp/anjuru-nano-sukurittoreza-pochi/1_JOUR__NANO_NEO-JOUR-V2.html?dwvar_1__JOUR____NANO__NEO-JOUR-V2_color=ML6&to=27#prefn1=product_online_sales&prefv1=true&viewtype=grid-view-small&sz=48&to=27&start=1 NOTFOUND
[25/12/18 19:34:01][DEBUG]scrape BERLUTI start
[25/12/18 19:34:03][DEBUG]open done OK
[25/12/18 19:34:07][DEBUG]https://www.berluti.com/ja-jp/myuzetto-towaru-marubufu-messenja/MUSETTE-T19.html?dwvar_MUSETTE-T19_color=MO5&to=28#prefn1=product_online_sales&prefv1=true&viewtype=grid-view-small&sz=48&to=28&start=1 NOTFOUND
[25/12/18 19:34:09][DEBUG]scrape BERLUTI start
[25/12/18 19:34:11][DEBUG]open done OK
[25/12/18 19:34:13][DEBUG]https://www.berluti.com/ja-jp/jurunarie-towaru-marubufu-messenja/JOURNALIER-T19.html?dwvar_JOURNALIER-T19_color=MO5&to=29#prefn1=product_online_sales&prefv1=true&viewtype=grid-view-small&sz=48&to=29&start=1 367400
[25/12/18 19:34:15][DEBUG]scrape BERLUTI start
[25/12/18 19:34:17][DEBUG]open done OK
[25/12/18 19:34:19][DEBUG]https://www.berluti.com/ja-jp/ruti-25-reza-messenja/LUTI_25-V1.html?dwvar_LUTI__25-V1_color=MR5&to=30#prefn1=product_online_sales&prefv1=true&viewtype=grid-view-small&sz=48&to=30&start=1 709500
[25/12/18 19:34:21][DEBUG]scrape BERLUTI start
[25/12/18 19:34:24][DEBUG]open done OK
[25/12/18 19:34:28][DEBUG]https://www.berluti.com/ja-jp/purumiejuru-kabasukurittoreza-totobaggu/PREMIER_JOUR_CABAS-V2.html?dwvar_PREMIER__JOUR__CABAS-V2_color=KD4&to=31#prefn1=product_online_sales&prefv1=true&viewtype=grid-view-small&sz=48&to=31&start=1 NOTFOUND
[25/12/18 19:34:30][DEBUG]scrape BERLUTI start
[25/12/18 19:34:33][DEBUG]open done OK
[25/12/18 19:34:37][DEBUG]https://www.berluti.com/ja-jp/purumiejuru-kabasukurittoreza-totobaggu/PREMIER_JOUR_CABAS-V2.html?dwvar_PREMIER__JOUR__CABAS-V2_color=MA1&to=32#prefn1=product_online_sales&prefv1=true&viewtype=grid-view-small&sz=48&to=32&start=1 NOTFOUND
[25/12/18 19:34:39][DEBUG]scrape BERLUTI start
[25/12/18 19:34:41][DEBUG]open done OK
[25/12/18 19:34:44][DEBUG]https://www.berluti.com/ja-jp/purumiejuru-gariba-sukurittoreza-messenja/PREMIER_JOUR_GULLIVER-V2.html?dwvar_PREMIER__JOUR__GULLIVER-V2_color=G11&to=33#prefn1=product_online_sales&prefv1=true&viewtype=grid-view-small&sz=48&to=33&start=1 313500
[25/12/18 19:34:46][DEBUG]scrape BERLUTI start
[25/12/18 19:34:47][DEBUG]open done OK
[25/12/18 19:34:50][DEBUG]https://www.berluti.com/ja-jp/purumiejuru-gariba-sukurittoreza-messenja/PREMIER_JOUR_GULLIVER-V2.html?dwvar_PREMIER__JOUR__GULLIVER-V2_color=G02&to=34#prefn1=product_online_sales&prefv1=true&viewtype=grid-view-small&sz=48&to=34&start=1 313500
[25/12/18 19:34:52][DEBUG]scrape BERLUTI start
[25/12/18 19:34:54][DEBUG]open done OK
[25/12/18 19:34:56][DEBUG]https://www.berluti.com/ja-jp/purumiejuru-gariba-sukurittoreza-messenja/PREMIER_JOUR_GULLIVER-V2.html?dwvar_PREMIER__JOUR__GULLIVER-V2_color=Y23&to=35#prefn1=product_online_sales&prefv1=true&viewtype=grid-view-small&sz=48&to=35&start=1 313500
[25/12/18 19:34:58][DEBUG]scrape BERLUTI start
[25/12/18 19:35:00][DEBUG]open done OK
[25/12/18 19:35:02][DEBUG]https://www.berluti.com/ja-jp/raida-sukurittoreza-berutobaggu/RIDER-V82.html?dwvar_RIDER-V82_color=K02&to=36#prefn1=product_online_sales&prefv1=true&viewtype=grid-view-small&sz=48&to=36&start=1 322300
[25/12/18 19:35:04][DEBUG]scrape BERLUTI start
[25/12/18 19:35:07][DEBUG]open done OK
[25/12/18 19:35:09][DEBUG]https://www.berluti.com/ja-jp/jurunarie-sukurittoreza-messenja/JOURNALIER-V82.html?dwvar_JOURNALIER-V82_color=MM5&to=37#prefn1=product_online_sales&prefv1=true&viewtype=grid-view-small&sz=48&to=37&start=1 379500
[25/12/18 19:35:11][DEBUG]scrape BERLUTI start
[25/12/18 19:35:13][DEBUG]open done OK
[25/12/18 19:35:15][DEBUG]https://www.berluti.com/ja-jp/terushio-reza-oruinwan/TERSIO_NEO-JOUR-V2.html?dwvar_TERSIO__NEO-JOUR-V2_color=K02&to=1#prefn1=product_online_sales&prefv1=true&viewtype=grid-view-small&sz=36&to=1&start=1 324500
[25/12/18 19:35:18][DEBUG]scrape BERLUTI start
[25/12/18 19:35:19][DEBUG]open done OK
[25/12/18 19:35:22][DEBUG]https://www.berluti.com/ja-jp/terushio-reza-oruinwan/TERSIO_NEO-JOUR-V2.html?dwvar_TERSIO__NEO-JOUR-V2_color=G11&to=2#prefn1=product_online_sales&prefv1=true&viewtype=grid-view-small&sz=36&to=2&start=1 324500
[25/12/18 19:35:24][DEBUG]scrape BERLUTI start
[25/12/18 19:35:26][DEBUG]open done OK
[25/12/18 19:35:28][DEBUG]https://www.berluti.com/ja-jp/terushio-reza-oruinwan/TERSIO_NEO-JOUR-V2.html?dwvar_TERSIO__NEO-JOUR-V2_color=MR5&to=3#prefn1=product_online_sales&prefv1=true&viewtype=grid-view-small&sz=36&to=3&start=1 324500
[25/12/18 19:35:30][DEBUG]scrape BERLUTI start
[25/12/18 19:35:32][DEBUG]open done OK
[25/12/18 19:35:34][DEBUG]https://www.berluti.com/ja-jp/terushio-sukurittoreza-pochi/TERSIO_NEO-JOUR_SOFTY-V82.html?dwvar_TERSIO__NEO-JOUR__SOFTY-V82_color=B02&to=4#prefn1=product_online_sales&prefv1=true&viewtype=grid-view-small&sz=36&to=4&start=1 324500
[25/12/18 19:35:36][DEBUG]scrape BERLUTI start
[25/12/18 19:35:38][DEBUG]open done OK
[25/12/18 19:35:40][DEBUG]https://www.berluti.com/ja-jp/rozuuddo-sukurittoreza-pochi/ROSEWOOD_NEO-JOUR-V2.html?dwvar_ROSEWOOD__NEO-JOUR-V2_color=ML6&to=5#prefn1=product_online_sales&prefv1=true&viewtype=grid-view-small&sz=36&to=5&start=1 238700
[25/12/18 19:35:42][DEBUG]scrape BERLUTI start
[25/12/18 19:35:44][DEBUG]open done OK
[25/12/18 19:35:46][DEBUG]https://www.berluti.com/ja-jp/rozuuddo-sukurittoreza-pochi/ROSEWOOD_NEO-JOUR-V2.html?dwvar_ROSEWOOD__NEO-JOUR-V2_color=BJ3&to=6#prefn1=product_online_sales&prefv1=true&viewtype=grid-view-small&sz=36&to=6&start=1 238700
[25/12/18 19:35:48][DEBUG]scrape BERLUTI start
[25/12/18 19:35:51][DEBUG]open done OK
[25/12/18 19:35:53][DEBUG]https://www.berluti.com/ja-jp/moningu-sukurittoreza-toiretaripochi/MORNING-JOUR_TANGRAM-V87.html?dwvar_MORNING-JOUR__TANGRAM-V87_color=G89&to=7#prefn1=product_online_sales&prefv1=true&viewtype=grid-view-small&sz=36&to=7&start=1 312400
[25/12/18 19:35:55][DEBUG]scrape BERLUTI start
[25/12/18 19:35:57][DEBUG]open done OK
[25/12/18 19:36:01][DEBUG]https://www.berluti.com/ja-jp/terushio-sukurittoreza-pochi/TERSIO_NEO_BE_RR-BE_RAPIECE_REPRISE-V2.html?dwvar_TERSIO__NEO__BE__RR-BE__RAPIECE__REPRISE-V2_color=K08&to=8#prefn1=product_online_sales&prefv1=true&viewtype=grid-view-small&sz=36&to=8&start=1 NOTFOUND
[25/12/18 19:36:03][DEBUG]scrape BERLUTI start
[25/12/18 19:36:05][DEBUG]open done OK
[25/12/18 19:36:07][DEBUG]https://www.berluti.com/ja-jp/terushio-reza-arigetareza-pochi/TERSIO_NEO_BE_RR-BE_RAPIECE_REPRISE-VC.html?dwvar_TERSIO__NEO__BE__RR-BE__RAPIECE__REPRISE-VC_color=MH2&to=9#prefn1=product_online_sales&prefv1=true&viewtype=grid-view-small&sz=36&to=9&start=1 1226500
[25/12/18 19:36:09][DEBUG]scrape BERLUTI start
[25/12/18 19:36:11][DEBUG]open done OK
[25/12/18 19:36:15][DEBUG]https://www.berluti.com/ja-jp/nino-gm-sukurittoreza-kuratchi/NINO_GM_NEO_BE_RR-V2.html?dwvar_NINO__GM__NEO__BE__RR-V2_color=R79&to=10#prefn1=product_online_sales&prefv1=true&viewtype=grid-view-small&sz=36&to=10&start=1 NOTFOUND
[25/12/18 19:36:17][DEBUG]scrape BERLUTI start
[25/12/18 19:36:19][DEBUG]open done OK
[25/12/18 19:36:21][DEBUG]https://www.berluti.com/ja-jp/aibi-sukurittosuwaipu-reza-toiretaripochi/IVY-JOUR-V2.html?dwvar_IVY-JOUR-V2_color=G27&to=11#prefn1=product_online_sales&prefv1=true&viewtype=grid-view-small&sz=36&to=11&start=1 191400
[25/12/18 19:36:23][DEBUG]scrape BERLUTI start
[25/12/18 19:36:26][DEBUG]open done OK
[25/12/18 19:36:28][DEBUG]https://www.berluti.com/ja-jp/nino-tgm-sukurittoreza-kuratchi/NINO_TGM_NEO-V2.html?dwvar_NINO__TGM__NEO-V2_color=ML6&to=12#prefn1=product_online_sales&prefv1=true&viewtype=grid-view-small&sz=36&to=12&start=1 287100
[25/12/18 19:36:30][DEBUG]scrape BERLUTI start
[25/12/18 19:36:32][DEBUG]open done OK
[25/12/18 19:36:34][DEBUG]https://www.berluti.com/ja-jp/nino-tgm-sukurittoreza-kuratchi/NINO_TGM_NEO-V2.html?dwvar_NINO__TGM__NEO-V2_color=K02&to=13#prefn1=product_online_sales&prefv1=true&viewtype=grid-view-small&sz=36&to=13&start=1 287100
[25/12/18 19:36:36][DEBUG]scrape BERLUTI start
[25/12/18 19:36:38][DEBUG]open done OK
[25/12/18 19:36:42][DEBUG]https://www.berluti.com/ja-jp/nino-gm-sukurittosuwaipureza-kuratchi/NINO_GM_NEO_GRADIANT-V2.html?dwvar_NINO__GM__NEO__GRADIANT-V2_color=R78&to=14#prefn1=product_online_sales&prefv1=true&viewtype=grid-view-small&sz=36&to=14&start=1 NOTFOUND
[25/12/18 19:36:45][DEBUG]scrape BERLUTI start
[25/12/18 19:36:47][DEBUG]open done OK
[25/12/18 19:36:51][DEBUG]https://www.berluti.com/ja-jp/nino-gm-sukurittoreza-kuratchi/NINO_GM_NEO-V2.html?dwvar_NINO__GM__NEO-V2_color=K02&to=15#prefn1=product_online_sales&prefv1=true&viewtype=grid-view-small&sz=36&to=15&start=1 NOTFOUND
[25/12/18 19:36:53][DEBUG]scrape BERLUTI start
[25/12/18 19:36:55][DEBUG]open done OK
[25/12/18 19:36:59][DEBUG]https://www.berluti.com/ja-jp/nino-gm-sukurittoreza-kuratchi/NINO_GM_NEO-V2.html?dwvar_NINO__GM__NEO-V2_color=ML6&to=16#prefn1=product_online_sales&prefv1=true&viewtype=grid-view-small&sz=36&to=16&start=1 NOTFOUND
[25/12/18 19:37:01][DEBUG]scrape BERLUTI start
[25/12/18 19:37:04][DEBUG]open done OK
[25/12/18 19:37:08][DEBUG]https://www.berluti.com/ja-jp/nino-gm-sukurittoreza-kuratchi/NINO_GM_NEO-V2.html?dwvar_NINO__GM__NEO-V2_color=KE4&to=17#prefn1=product_online_sales&prefv1=true&viewtype=grid-view-small&sz=36&to=17&start=1 NOTFOUND
[25/12/18 19:37:10][DEBUG]scrape BERLUTI start
[25/12/18 19:37:12][DEBUG]open done OK
[25/12/18 19:37:16][DEBUG]https://www.berluti.com/ja-jp/nino-gm-sukurittoreza-kuratchi/NINO_GM_NEO-V2.html?dwvar_NINO__GM__NEO-V2_color=J10&to=18#prefn1=product_online_sales&prefv1=true&viewtype=grid-view-small&sz=36&to=18&start=1 NOTFOUND
[25/12/18 19:37:18][DEBUG]scrape BERLUTI start
[25/12/18 19:37:20][DEBUG]open done OK
[25/12/18 19:37:25][DEBUG]https://www.berluti.com/ja-jp/nino-gm-sukurittoreza-kuratchi/NINO_GM_NEO-V2.html?dwvar_NINO__GM__NEO-V2_color=KE5&to=19#prefn1=product_online_sales&prefv1=true&viewtype=grid-view-small&sz=36&to=19&start=1 NOTFOUND
[25/12/18 19:37:27][DEBUG]scrape BERLUTI start
[25/12/18 19:37:29][DEBUG]open done OK
[25/12/18 19:37:33][DEBUG]https://www.berluti.com/ja-jp/nino-gm-sukurittoreza-kuratchi/NINO_GM_NEO-V2.html?dwvar_NINO__GM__NEO-V2_color=J12&to=20#prefn1=product_online_sales&prefv1=true&viewtype=grid-view-small&sz=36&to=20&start=1 NOTFOUND
[25/12/18 19:37:35][DEBUG]scrape BERLUTI start
[25/12/18 19:37:38][DEBUG]open done OK
[25/12/18 19:37:42][DEBUG]https://www.berluti.com/ja-jp/nino-gm-sukurittoreza-kuratchi/NINO_GM_NEO-V2.html?dwvar_NINO__GM__NEO-V2_color=G02&to=21#prefn1=product_online_sales&prefv1=true&viewtype=grid-view-small&sz=36&to=21&start=1 NOTFOUND
[25/12/18 19:37:44][DEBUG]scrape BERLUTI start
[25/12/18 19:37:46][DEBUG]open done OK
[25/12/18 19:37:50][DEBUG]https://www.berluti.com/ja-jp/nino-gm-sukurittoreza-kuratchi/NINO_GM_NEO-V2.html?dwvar_NINO__GM__NEO-V2_color=KM7&to=22#prefn1=product_online_sales&prefv1=true&viewtype=grid-view-small&sz=36&to=22&start=1 NOTFOUND
[25/12/18 19:37:52][DEBUG]scrape BERLUTI start
[25/12/18 19:37:55][DEBUG]open done OK
[25/12/18 19:37:57][DEBUG]https://www.berluti.com/ja-jp/to-ujuru-nano-sukurittoreza-pochi/TOUJOURS_NANO-JOUR-V2.html?dwvar_TOUJOURS__NANO-JOUR-V2_color=M10&to=23#prefn1=product_online_sales&prefv1=true&viewtype=grid-view-small&sz=36&to=23&start=1 462000
[25/12/18 19:37:59][DEBUG]scrape BERLUTI start
[25/12/18 19:38:01][DEBUG]open done OK
[25/12/18 19:38:05][DEBUG]https://www.berluti.com/ja-jp/anjuru-nano-sukurittoreza-pochi/1_JOUR__NANO_NEO-JOUR-V2.html?dwvar_1__JOUR____NANO__NEO-JOUR-V2_color=ML6&to=24#prefn1=product_online_sales&prefv1=true&viewtype=grid-view-small&sz=36&to=24&start=1 NOTFOUND
[25/12/18 19:38:07][DEBUG]scrape BERLUTI start
[25/12/18 19:38:09][DEBUG]open done OK
[25/12/18 19:38:11][DEBUG]https://www.berluti.com/ja-jp/anjuru-gariba-sukurittoreza-burifukesu/1_JOUR_GULLIVER_NEO-V2.html?dwvar_1__JOUR__GULLIVER__NEO-V2_color=ML6&to=25#prefn1=product_online_sales&prefv1=true&viewtype=grid-view-small&sz=36&to=25&start=1 441100
[25/12/18 19:38:14][DEBUG]scrape BERLUTI start
[25/12/18 19:38:16][DEBUG]open done OK
[25/12/18 19:38:18][DEBUG]https://www.berluti.com/ja-jp/anjuru-gariba-sukurittoreza-burifukesu/1_JOUR_GULLIVER_NEO-V2.html?dwvar_1__JOUR__GULLIVER__NEO-V2_color=KD4&to=26#prefn1=product_online_sales&prefv1=true&viewtype=grid-view-small&sz=36&to=26&start=1 441100
[25/12/18 19:38:20][DEBUG]scrape BERLUTI start
[25/12/18 19:38:22][DEBUG]open done OK
[25/12/18 19:38:24][DEBUG]https://www.berluti.com/ja-jp/anjuru-gariba-sukurittoreza-burifukesu/1_JOUR_GULLIVER_NEO-V2.html?dwvar_1__JOUR__GULLIVER__NEO-V2_color=G11&to=27#prefn1=product_online_sales&prefv1=true&viewtype=grid-view-small&sz=36&to=27&start=1 441100
[25/12/18 19:38:26][DEBUG]scrape BERLUTI start
[25/12/18 19:38:28][DEBUG]open done OK
[25/12/18 19:38:30][DEBUG]https://www.berluti.com/ja-jp/tersio-arigetarezaoruinwan-berurutti/TERSIO-ALLIGATOR-E2.html?dwvar_TERSIO-ALLIGATOR-E2_color=M04&to=28#prefn1=product_online_sales&prefv1=true&viewtype=grid-view-small&sz=36&to=28&start=1 1331000
[25/12/18 19:38:32][DEBUG]scrape BERLUTI start
[25/12/18 19:38:34][DEBUG]open done OK
[25/12/18 19:38:38][DEBUG]https://www.berluti.com/ja-jp/ete-yui-do-u-vu-oyaju-towaru-marubufu-toraberupochi/ETUI_DE_VOYAGE-TOILE_MARBEUF-T19.html?dwvar_ETUI__DE__VOYAGE-TOILE__MARBEUF-T19_color=MO5&to=29#prefn1=product_online_sales&prefv1=true&viewtype=grid-view-small&sz=36&to=29&start=1 NOTFOUND
[25/12/18 19:38:40][DEBUG]scrape BERLUTI start
[25/12/18 19:38:42][DEBUG]open done OK
[25/12/18 19:38:44][DEBUG]https://www.berluti.com/ja-jp/itauba-waido-guradianto-sukurittoreza-jippupochi/ITAUBA_WIDE_GRADIANT-JOUR_GRADIANT-VX.html?dwvar_ITAUBA__WIDE__GRADIANT-JOUR__GRADIANT-VX_color=K66&to=30#prefn1=product_online_sales&prefv1=true&viewtype=grid-view-small&sz=36&to=30&start=1 345400
[25/12/18 19:38:46][DEBUG]scrape BERLUTI start
[25/12/18 19:38:49][DEBUG]open done OK
[25/12/18 19:38:51][DEBUG]https://www.berluti.com/ja-jp/fomyura-1003-sukurittopochi/FORMULA_1003_NEO-JOUR-V2.html?dwvar_FORMULA__1003__NEO-JOUR-V2_color=ML6&to=31#prefn1=product_online_sales&prefv1=true&viewtype=grid-view-small&sz=36&to=31&start=1 217800
[25/12/18 19:38:53][DEBUG]scrape BERLUTI start
[25/12/18 19:38:56][DEBUG]open done OK
[25/12/18 19:38:58][DEBUG]https://www.berluti.com/ja-jp/to-ujuru-xs-sukurittoreza-totobaggu/TOUJOURS_XS-V2.html?dwvar_TOUJOURS__XS-V2_color=K02&to=1#prefn1=product_online_sales&prefv1=true&viewtype=grid-view-small&sz=36&to=1&start=1 462000
[25/12/18 19:39:00][DEBUG]scrape BERLUTI start
[25/12/18 19:39:03][DEBUG]open done OK
[25/12/18 19:39:05][DEBUG]https://www.berluti.com/ja-jp/to-ujuru-xs-sukurittoreza-totobaggu/TOUJOURS_XS-V2.html?dwvar_TOUJOURS__XS-V2_color=Y23&to=2#prefn1=product_online_sales&prefv1=true&viewtype=grid-view-small&sz=36&to=2&start=1 462000
[25/12/18 19:39:07][DEBUG]scrape BERLUTI start
[25/12/18 19:39:09][DEBUG]open done OK
[25/12/18 19:39:11][DEBUG]https://www.berluti.com/ja-jp/to-ujuru-xs-sukurittoreza-totobaggu/TOUJOURS_XS-V2.html?dwvar_TOUJOURS__XS-V2_color=KM7&to=3#prefn1=product_online_sales&prefv1=true&viewtype=grid-view-small&sz=36&to=3&start=1 462000
[25/12/18 19:39:13][DEBUG]scrape BERLUTI start
[25/12/18 19:39:16][DEBUG]open done OK
[25/12/18 19:39:18][DEBUG]https://www.berluti.com/ja-jp/obasaizu-toto-suponji-sukuritto-toto/OVERSIZE_TOTE-ZB.html?dwvar_OVERSIZE__TOTE-ZB_color=BJ5&to=4#prefn1=product_online_sales&prefv1=true&viewtype=grid-view-small&sz=36&to=4&start=1 216700
[25/12/18 19:39:24][DEBUG]scrape BERLUTI start
[25/12/18 19:39:26][DEBUG]open done OK
[25/12/18 19:39:31][DEBUG]https://www.berluti.com/ja-jp/purumiejuru-kabasukurittoreza-totobaggu/PREMIER_JOUR_CABAS-V2.html?dwvar_PREMIER__JOUR__CABAS-V2_color=KD4&to=5#prefn1=product_online_sales&prefv1=true&viewtype=grid-view-small&sz=36&to=5&start=1 NOTFOUND
[25/12/18 19:39:33][DEBUG]scrape BERLUTI start
[25/12/18 19:39:35][DEBUG]open done OK
[25/12/18 19:39:39][DEBUG]https://www.berluti.com/ja-jp/purumiejuru-kabasukurittoreza-totobaggu/PREMIER_JOUR_CABAS-V2.html?dwvar_PREMIER__JOUR__CABAS-V2_color=MA1&to=6#prefn1=product_online_sales&prefv1=true&viewtype=grid-view-small&sz=36&to=6&start=1 NOTFOUND
[25/12/18 19:39:41][DEBUG]scrape BERLUTI start
[25/12/18 19:39:43][DEBUG]open done OK
[25/12/18 19:39:45][DEBUG]https://www.berluti.com/ja-jp/to-ujuru-xs-poketto-sukurittoreza-totobaggu/TOUJOURS_XS_POCKET-V2.html?dwvar_TOUJOURS__XS__POCKET-V2_color=MR5&to=7#prefn1=product_online_sales&prefv1=true&viewtype=grid-view-small&sz=36&to=7&start=1 616000
[25/12/18 19:39:48][DEBUG]scrape BERLUTI start
[25/12/18 19:39:50][DEBUG]open done OK
[25/12/18 19:39:52][DEBUG]https://www.berluti.com/ja-jp/rutti-38-rezabaggu/LUTI_38-V1.html?dwvar_LUTI__38-V1_color=ML6&to=8#prefn1=product_online_sales&prefv1=true&viewtype=grid-view-small&sz=36&to=8&start=1 803000
[25/12/18 19:39:54][DEBUG]scrape BERLUTI start
[25/12/18 19:39:56][DEBUG]open done OK
[25/12/18 19:39:58][DEBUG]https://www.berluti.com/ja-jp/rutti-38-rezabaggu/LUTI_38-V1.html?dwvar_LUTI__38-V1_color=K02&to=9#prefn1=product_online_sales&prefv1=true&viewtype=grid-view-small&sz=36&to=9&start=1 803000
[25/12/18 19:40:01][DEBUG]scrape BERLUTI start
[25/12/18 19:40:03][DEBUG]open done OK
[25/12/18 19:40:05][DEBUG]https://www.berluti.com/ja-jp/to-ujuru-sukurittoreza-totobaggu/TOUJOURS_NEO-V2.html?dwvar_TOUJOURS__NEO-V2_color=K02&to=10#prefn1=product_online_sales&prefv1=true&viewtype=grid-view-small&sz=36&to=10&start=1 545600
[25/12/18 19:40:07][DEBUG]scrape BERLUTI start
[25/12/18 19:40:10][DEBUG]open done OK
[25/12/18 19:40:12][DEBUG]https://www.berluti.com/ja-jp/to-ujuru-sukurittoreza-totobaggu/TOUJOURS_NEO-V2.html?dwvar_TOUJOURS__NEO-V2_color=KE4&to=11#prefn1=product_online_sales&prefv1=true&viewtype=grid-view-small&sz=36&to=11&start=1 545600
[25/12/18 19:40:14][DEBUG]scrape BERLUTI start
[25/12/18 19:40:16][DEBUG]open done OK
[25/12/18 19:40:18][DEBUG]https://www.berluti.com/ja-jp/to-ujuru-sukurittoreza-totobaggu/TOUJOURS_NEO-V2.html?dwvar_TOUJOURS__NEO-V2_color=KE5&to=12#prefn1=product_online_sales&prefv1=true&viewtype=grid-view-small&sz=36&to=12&start=1 545600
[25/12/18 19:40:20][DEBUG]scrape BERLUTI start
[25/12/18 19:40:22][DEBUG]open done OK
[25/12/18 19:40:24][DEBUG]https://www.berluti.com/ja-jp/to-ujuru-sukurittoreza-totobaggu/TOUJOURS_NEO-V2.html?dwvar_TOUJOURS__NEO-V2_color=KM7&to=13#prefn1=product_online_sales&prefv1=true&viewtype=grid-view-small&sz=36&to=13&start=1 545600
[25/12/18 19:40:27][DEBUG]scrape BERLUTI start
[25/12/18 19:40:29][DEBUG]open done OK
[25/12/18 19:40:31][DEBUG]https://www.berluti.com/ja-jp/to-ujuru-mini-neo-sukurittoreza-totobaggu/TOUJOURS_MINI_NEO-V2.html?dwvar_TOUJOURS__MINI__NEO-V2_color=KD4&to=14#prefn1=product_online_sales&prefv1=true&viewtype=grid-view-small&sz=36&to=14&start=1 490600
[25/12/18 19:40:33][DEBUG]scrape BERLUTI start
[25/12/18 19:40:35][DEBUG]open done OK
[25/12/18 19:40:39][DEBUG]https://www.berluti.com/ja-jp/to-ujuru-mini-sukurittoreza-totobaggu/TOUJOURS_MINI_NEO_GRADIANT-V2.html?dwvar_TOUJOURS__MINI__NEO__GRADIANT-V2_color=B07&to=15#prefn1=product_online_sales&prefv1=true&viewtype=grid-view-small&sz=36&to=15&start=1 NOTFOUND
[25/12/18 19:40:42][DEBUG]scrape BERLUTI start
[25/12/18 19:40:44][DEBUG]open done OK
[25/12/18 19:40:46][DEBUG]https://www.berluti.com/ja-jp/to-ujuru-xs-towaru-marubufu-totobaggu/TOUJOURS_XS-T19.html?dwvar_TOUJOURS__XS-T19_color=MO5&to=16#prefn1=product_online_sales&prefv1=true&viewtype=grid-view-small&sz=36&to=16&start=1 409200
[25/12/18 19:40:48][DEBUG]scrape BERLUTI start
[25/12/18 19:40:50][DEBUG]open done OK
[25/12/18 19:40:52][DEBUG]https://www.berluti.com/ja-jp/to-ujuru-gariba-sukurittoreza-messenja/TOUJOURS_GULLIVER_NEO-V2.html?dwvar_TOUJOURS__GULLIVER__NEO-V2_color=KD4&to=17#prefn1=product_online_sales&prefv1=true&viewtype=grid-view-small&sz=36&to=17&start=1 409200
[25/12/18 19:40:59][DEBUG]scrape BERLUTI start
[25/12/18 19:41:01][DEBUG]open done OK
[25/12/18 19:41:03][DEBUG]https://www.berluti.com/ja-jp/to-ujuru-gariba-sukurittoreza-messenja/TOUJOURS_GULLIVER_NEO-V2.html?dwvar_TOUJOURS__GULLIVER__NEO-V2_color=G27&to=18#prefn1=product_online_sales&prefv1=true&viewtype=grid-view-small&sz=36&to=18&start=1 409200
[25/12/18 19:41:09][DEBUG]scrape BERLUTI start
[25/12/18 19:41:11][DEBUG]open done OK
[25/12/18 19:41:13][DEBUG]https://www.berluti.com/ja-jp/to-ujuru-gariba-sukurittoreza-messenja/TOUJOURS_GULLIVER_NEO-V2.html?dwvar_TOUJOURS__GULLIVER__NEO-V2_color=M10&to=19#prefn1=product_online_sales&prefv1=true&viewtype=grid-view-small&sz=36&to=19&start=1 409200
[25/12/18 19:41:19][DEBUG]scrape BERLUTI start
[25/12/18 19:41:21][DEBUG]open done OK
[25/12/18 19:41:23][DEBUG]https://www.berluti.com/ja-jp/to-ujuru-gariba-sukurittoreza-messenja/TOUJOURS_GULLIVER_NEO-V2.html?dwvar_TOUJOURS__GULLIVER__NEO-V2_color=G11&to=20#prefn1=product_online_sales&prefv1=true&viewtype=grid-view-small&sz=36&to=20&start=1 409200
[25/12/18 19:41:29][DEBUG]scrape BERLUTI start
[25/12/18 19:41:32][DEBUG]open done OK
[25/12/18 19:41:34][DEBUG]https://www.berluti.com/ja-jp/to-ujuru-gariba-sukurittoreza-messenja/TOUJOURS_GULLIVER_NEO-V2.html?dwvar_TOUJOURS__GULLIVER__NEO-V2_color=MQ4&to=21#prefn1=product_online_sales&prefv1=true&viewtype=grid-view-small&sz=36&to=21&start=1 409200
[25/12/18 19:41:40][DEBUG]scrape BERLUTI start
[25/12/18 19:41:42][DEBUG]open done OK
[25/12/18 19:41:44][DEBUG]https://www.berluti.com/ja-jp/reitoawa-sukurittoreza-shoppa/LATE_HOUR_SHOPPER_NEO-V82.html?dwvar_LATE__HOUR__SHOPPER__NEO-V82_color=K02&to=22#prefn1=product_online_sales&prefv1=true&viewtype=grid-view-small&sz=36&to=22&start=1 616000
[25/12/18 19:41:50][DEBUG]scrape BERLUTI start
[25/12/18 19:41:52][DEBUG]open done OK
[25/12/18 19:41:56][DEBUG]https://www.berluti.com/ja-jp/bvu-oryuto-kurowaze-reza-toraberubaggu/CROISEE-CE.html?dwvar_CROISEE-CE_color=MJ1&to=23#prefn1=product_online_sales&prefv1=true&viewtype=grid-view-small&sz=36&to=23&start=1 NOTFOUND
[25/12/18 19:41:58][DEBUG]scrape BERLUTI start
[25/12/18 19:42:00][DEBUG]open done OK
[25/12/18 19:42:04][DEBUG]https://www.berluti.com/ja-jp/kaba-do-u-vu-oyaju-towaru-marubufu-totobaggu/CABAS_DE_VOYAGE-T19.html?dwvar_CABAS__DE__VOYAGE-T19_color=MO5&to=24#prefn1=product_online_sales&prefv1=true&viewtype=grid-view-small&sz=36&to=24&start=1 NOTFOUND
[25/12/18 19:42:06][DEBUG]scrape BERLUTI start
[25/12/18 19:42:08][DEBUG]open done OK
[25/12/18 19:42:10][DEBUG]https://www.berluti.com/ja-jp/to-ujuru-sukurittoreza-totobaggu-xs/TOUJOURS_XS-VX3.html?dwvar_TOUJOURS__XS-VX3_color=G94&to=25#prefn1=product_online_sales&prefv1=true&viewtype=grid-view-small&sz=36&to=25&start=1 462000
[25/12/18 21:38:53][DEBUG]exit
