scraper1
Using User-Agent: Mozilla/5.0 (Windows NT 10.0; Win64; x64) AppleWebKit/537.36 (KHTML, like Gecko) Chrome/133.0.0.0 Safari/537.36
-----------------------------
https://www.berluti.com/ja-jp/makore-sukurittoreza-konpakutou-oretto/MAKORE_NEO-JOUR_TANGRAM-V87.html?dwvar_MAKORE__NEO-JOUR__TANGRAM-V87_color=G89&to=1#prefn1=product_online_sales&prefv1=true&viewtype=grid-view-small&sz=144&to=1&start=1
OPEN
OPEN DONE
OK RETURN
URL PRICE https://www.berluti.com/ja-jp/makore-sukurittoreza-konpakutou-oretto/MAKORE_NEO-JOUR_TANGRAM-V87.html?dwvar_MAKORE__NEO-JOUR__TANGRAM-V87_color=G89&to=1#prefn1=product_online_sales&prefv1=true&viewtype=grid-view-small&sz=144&to=1&start=1 139700
colorCheck len 1
 attval NERO CAVIAR & SAVANA
color check 一致なし zaiko 0
close modal start
modalEles len 11
continue modal
continue modal
continue modal
continue modal
continue modal
continue modal
continue modal
continue modal
continue modal
continue modal
modal closed done
key: css val:button[data-select-id='size-1']
sizeSelect len 0
cartButton len 0
zaiko 0 x1
cartButton2 len 0
zaiko 0 2x1
zaiko 0 x3
-----------------------------
https://www.berluti.com/ja-jp/makore-reza-konpakutou-oretto/MAKORE_NEO_LUTI-JOUR-V1.html?dwvar_MAKORE__NEO__LUTI-JOUR-V1_color=KD1&to=2#prefn1=product_online_sales&prefv1=true&viewtype=grid-view-small&sz=144&to=2&start=1
OPEN
OPEN DONE
OK RETURN
URL PRICE https://www.berluti.com/ja-jp/makore-reza-konpakutou-oretto/MAKORE_NEO_LUTI-JOUR-V1.html?dwvar_MAKORE__NEO__LUTI-JOUR-V1_color=KD1&to=2#prefn1=product_online_sales&prefv1=true&viewtype=grid-view-small&sz=144&to=2&start=1 202400
colorCheck len 2
 attval NERO LEGNO
color found
modal one time skip
key: css val:button[data-select-id='size-1']
sizeSelect len 0
cartButton len 2
att nashi
-----------------------------
https://www.berluti.com/ja-jp/badi-reza-ronguu-oretto/BADI_LUTI-JOUR-V1.html?dwvar_BADI__LUTI-JOUR-V1_color=KD1&to=3#prefn1=product_online_sales&prefv1=true&viewtype=grid-view-small&sz=144&to=3&start=1
OPEN
OPEN DONE
OK RETURN
URL PRICE https://www.berluti.com/ja-jp/badi-reza-ronguu-oretto/BADI_LUTI-JOUR-V1.html?dwvar_BADI__LUTI-JOUR-V1_color=KD1&to=3#prefn1=product_online_sales&prefv1=true&viewtype=grid-view-small&sz=144&to=3&start=1 276100
colorCheck len 1
 attval LEGNO BRUCIATO
color check 一致なし zaiko 0
modal one time skip
key: css val:button[data-select-id='size-1']
sizeSelect len 0
cartButton len 2
att nashi
zaiko 0 x3
-----------------------------
https://www.berluti.com/ja-jp/jagua-reza-kadohoruda/JAGUA_NEO_LUTI-JOUR-V1.html?dwvar_JAGUA__NEO__LUTI-JOUR-V1_color=KD1&to=4#prefn1=product_online_sales&prefv1=true&viewtype=grid-view-small&sz=144&to=4&start=1
OPEN
OPEN DONE
OK RETURN
URL PRICE https://www.berluti.com/ja-jp/jagua-reza-kadohoruda/JAGUA_NEO_LUTI-JOUR-V1.html?dwvar_JAGUA__NEO__LUTI-JOUR-V1_color=KD1&to=4#prefn1=product_online_sales&prefv1=true&viewtype=grid-view-small&sz=144&to=4&start=1 NOTFOUND
colorCheck len 0
-----------------------------
https://www.berluti.com/ja-jp/itauba-sukurittoreza-rongu-jippuu-oretto/ITAUBA_NEO_BE_RR-BE_RAPIECE_REPRISE-V2.html?dwvar_ITAUBA__NEO__BE__RR-BE__RAPIECE__REPRISE-V2_color=G77&to=5#prefn1=product_online_sales&prefv1=true&viewtype=grid-view-small&sz=144&to=5&start=1
OPEN
OPEN DONE
OK RETURN
URL PRICE https://www.berluti.com/ja-jp/itauba-sukurittoreza-rongu-jippuu-oretto/ITAUBA_NEO_BE_RR-BE_RAPIECE_REPRISE-V2.html?dwvar_ITAUBA__NEO__BE__RR-BE__RAPIECE__REPRISE-V2_color=G77&to=5#prefn1=product_online_sales&prefv1=true&viewtype=grid-view-small&sz=144&to=5&start=1 NOTFOUND
colorCheck len 0
-----------------------------
https://www.berluti.com/ja-jp/itauba-neo-sukuritto-reza-rongu-jippu-fuki-u-oretto/ITAUBA_NEO-JOUR-V2.html?dwvar_ITAUBA__NEO-JOUR-V2_color=K02&to=6#prefn1=product_online_sales&prefv1=true&viewtype=grid-view-small&sz=144&to=6&start=1
OPEN
OPEN DONE
OK RETURN
URL PRICE https://www.berluti.com/ja-jp/itauba-neo-sukuritto-reza-rongu-jippu-fuki-u-oretto/ITAUBA_NEO-JOUR-V2.html?dwvar_ITAUBA__NEO-JOUR-V2_color=K02&to=6#prefn1=product_online_sales&prefv1=true&viewtype=grid-view-small&sz=144&to=6&start=1 NOTFOUND
colorCheck len 0
-----------------------------
https://www.berluti.com/ja-jp/itauba-neo-sukuritto-reza-rongu-jippu-fuki-u-oretto/ITAUBA_NEO-JOUR-V2.html?dwvar_ITAUBA__NEO-JOUR-V2_color=ML6&to=7#prefn1=product_online_sales&prefv1=true&viewtype=grid-view-small&sz=144&to=7&start=1
OPEN
OPEN DONE
OK RETURN
URL PRICE https://www.berluti.com/ja-jp/itauba-neo-sukuritto-reza-rongu-jippu-fuki-u-oretto/ITAUBA_NEO-JOUR-V2.html?dwvar_ITAUBA__NEO-JOUR-V2_color=ML6&to=7#prefn1=product_online_sales&prefv1=true&viewtype=grid-view-small&sz=144&to=7&start=1 NOTFOUND
colorCheck len 0
-----------------------------
https://www.berluti.com/ja-jp/itauba-neo-sukuritto-reza-rongu-jippu-fuki-u-oretto/ITAUBA_NEO-JOUR-V2.html?dwvar_ITAUBA__NEO-JOUR-V2_color=R77&to=8#prefn1=product_online_sales&prefv1=true&viewtype=grid-view-small&sz=144&to=8&start=1
OPEN
OPEN DONE
OK RETURN
URL PRICE https://www.berluti.com/ja-jp/itauba-neo-sukuritto-reza-rongu-jippu-fuki-u-oretto/ITAUBA_NEO-JOUR-V2.html?dwvar_ITAUBA__NEO-JOUR-V2_color=R77&to=8#prefn1=product_online_sales&prefv1=true&viewtype=grid-view-small&sz=144&to=8&start=1 NOTFOUND
colorCheck len 0
-----------------------------
https://www.berluti.com/ja-jp/itauba-sukurittosuwaipureza-rongujippuu-oretto/ITAUBA_NEO_GRADIANT-JOUR-V2.html?dwvar_ITAUBA__NEO__GRADIANT-JOUR-V2_color=RA1&to=9#prefn1=product_online_sales&prefv1=true&viewtype=grid-view-small&sz=144&to=9&start=1
OPEN
OPEN DONE
OK RETURN
URL PRICE https://www.berluti.com/ja-jp/itauba-sukurittosuwaipureza-rongujippuu-oretto/ITAUBA_NEO_GRADIANT-JOUR-V2.html?dwvar_ITAUBA__NEO__GRADIANT-JOUR-V2_color=RA1&to=9#prefn1=product_online_sales&prefv1=true&viewtype=grid-view-small&sz=144&to=9&start=1 NOTFOUND
colorCheck len 0
-----------------------------
https://www.berluti.com/ja-jp/itauba-towaru-marubufu-rongu-jippuu-oretto/ITAUBA_NEO-TOILE_MARBEUF-T19.html?dwvar_ITAUBA__NEO-TOILE__MARBEUF-T19_color=MO5&to=10#prefn1=product_online_sales&prefv1=true&viewtype=grid-view-small&sz=144&to=10&start=1
OPEN
OPEN DONE
OK RETURN
URL PRICE https://www.berluti.com/ja-jp/itauba-towaru-marubufu-rongu-jippuu-oretto/ITAUBA_NEO-TOILE_MARBEUF-T19.html?dwvar_ITAUBA__NEO-TOILE__MARBEUF-T19_color=MO5&to=10#prefn1=product_online_sales&prefv1=true&viewtype=grid-view-small&sz=144&to=10&start=1 NOTFOUND
colorCheck len 0
-----------------------------
https://www.berluti.com/ja-jp/itauba-arigeta-rezajippu-zhang-cai-bu-berurutti/ITAUBA-ALLIGATOR-E2.html?dwvar_ITAUBA-ALLIGATOR-E2_color=B01&to=11#prefn1=product_online_sales&prefv1=true&viewtype=grid-view-small&sz=144&to=11&start=1
OPEN
OPEN DONE
OK RETURN
URL PRICE https://www.berluti.com/ja-jp/itauba-arigeta-rezajippu-zhang-cai-bu-berurutti/ITAUBA-ALLIGATOR-E2.html?dwvar_ITAUBA-ALLIGATOR-E2_color=B01&to=11#prefn1=product_online_sales&prefv1=true&viewtype=grid-view-small&sz=144&to=11&start=1 885500
colorCheck len 2
 attval NERO BLU
color found
modal one time skip
key: css val:button[data-select-id='size-1']
sizeSelect len 0
cartButton len 2
att nashi
-----------------------------
https://www.berluti.com/ja-jp/itauba-arigeta-rezajippu-zhang-cai-bu-berurutti/ITAUBA-ALLIGATOR-E2.html?dwvar_ITAUBA-ALLIGATOR-E2_color=M04&to=12#prefn1=product_online_sales&prefv1=true&viewtype=grid-view-small&sz=144&to=12&start=1
OPEN
OPEN DONE
OK RETURN
URL PRICE https://www.berluti.com/ja-jp/itauba-arigeta-rezajippu-zhang-cai-bu-berurutti/ITAUBA-ALLIGATOR-E2.html?dwvar_ITAUBA-ALLIGATOR-E2_color=M04&to=12#prefn1=product_online_sales&prefv1=true&viewtype=grid-view-small&sz=144&to=12&start=1 885500
colorCheck len 2
 attval NERO BLU
 attval TOBACCO BIS
color found
modal one time skip
key: css val:button[data-select-id='size-1']
sizeSelect len 0
cartButton len 2
att nashi
-----------------------------
https://www.berluti.com/ja-jp/badi-towaru-marubufu-ronguu-oretto/BADI-TOILE_MARBEUF-T19.html?dwvar_BADI-TOILE__MARBEUF-T19_color=MO5&to=13#prefn1=product_online_sales&prefv1=true&viewtype=grid-view-small&sz=144&to=13&start=1
OPEN
OPEN DONE
OK RETURN
URL PRICE https://www.berluti.com/ja-jp/badi-towaru-marubufu-ronguu-oretto/BADI-TOILE_MARBEUF-T19.html?dwvar_BADI-TOILE__MARBEUF-T19_color=MO5&to=13#prefn1=product_online_sales&prefv1=true&viewtype=grid-view-small&sz=144&to=13&start=1 NOTFOUND
colorCheck len 0
-----------------------------
https://www.berluti.com/ja-jp/santaru-guradianto-sukurittoreza-ronguu-oretto/SANTAL_NEO_GRADIANT-JOUR-V2.html?dwvar_SANTAL__NEO__GRADIANT-JOUR-V2_color=R78&to=14#prefn1=product_online_sales&prefv1=true&viewtype=grid-view-small&sz=144&to=14&start=1
OPEN
OPEN ERROR COUGHT
ERROR MESSAGE[Message: unknown error: net::ERR_NAME_NOT_RESOLVED
  (Session info: chrome=143.0.7499.110)
Stacktrace:
Symbols not available. Dumping unresolved backtrace:
	0x7ff634018895
	0x7ff6340188f0
	0x7ff633df165d
	0x7ff633dee1dd
	0x7ff633ddeb69
	0x7ff633de0974
	0x7ff633ddf10f
	0x7ff633dde871
	0x7ff633dde5bd
	0x7ff633ddc20a
	0x7ff633ddc9f2
	0x7ff633df5950
	0x7ff633e9bad4
	0x7ff633e71fda
	0x7ff633e9ac97
	0x7ff633e3ac29
	0x7ff633e3ba93
	0x7ff6343305f0
	0x7ff63432af30
	0x7ff634349696
	0x7ff634035d94
	0x7ff63403ed3c
	0x7ff634021fb4
	0x7ff634022165
	0x7ff634007e92
	0x7fff0fd9e8d7
	0x7fff11aac53c
]
DNS ERROR FOUND, WILL RETURN
-----------------------------
https://www.berluti.com/ja-jp/santaru-sukurittoreza-jippuronguu-oretto/SANTAL_NEO-JOUR-V2.html?dwvar_SANTAL__NEO-JOUR-V2_color=ML6&to=15#prefn1=product_online_sales&prefv1=true&viewtype=grid-view-small&sz=144&to=15&start=1
OPEN
OPEN DONE
OK RETURN
URL PRICE https://www.berluti.com/ja-jp/santaru-sukurittoreza-jippuronguu-oretto/SANTAL_NEO-JOUR-V2.html?dwvar_SANTAL__NEO-JOUR-V2_color=ML6&to=15#prefn1=product_online_sales&prefv1=true&viewtype=grid-view-small&sz=144&to=15&start=1 174900
colorCheck len 2
 attval NERO GRIGIO
 attval CACAO INTENSO
color found
modal one time skip
key: css val:button[data-select-id='size-1']
sizeSelect len 0
cartButton len 2
att nashi
-----------------------------
https://www.berluti.com/ja-jp/santaru-sukurittoreza-jippuronguu-oretto/SANTAL_NEO-JOUR-V2.html?dwvar_SANTAL__NEO-JOUR-V2_color=K02&to=16#prefn1=product_online_sales&prefv1=true&viewtype=grid-view-small&sz=144&to=16&start=1
OPEN
OPEN DONE
OK RETURN
URL PRICE https://www.berluti.com/ja-jp/santaru-sukurittoreza-jippuronguu-oretto/SANTAL_NEO-JOUR-V2.html?dwvar_SANTAL__NEO-JOUR-V2_color=K02&to=16#prefn1=product_online_sales&prefv1=true&viewtype=grid-view-small&sz=144&to=16&start=1 174900
colorCheck len 2
 attval NERO GRIGIO
color found
modal one time skip
key: css val:button[data-select-id='size-1']
sizeSelect len 0
cartButton len 2
att nashi
-----------------------------
https://www.berluti.com/ja-jp/itauba-waido-sukurittoreza/ITAUBA_WIDE_NEO-JOUR-V2.html?dwvar_ITAUBA__WIDE__NEO-JOUR-V2_color=R77&to=17#prefn1=product_online_sales&prefv1=true&viewtype=grid-view-small&sz=144&to=17&start=1
OPEN
OPEN DONE
OK RETURN
URL PRICE https://www.berluti.com/ja-jp/itauba-waido-sukurittoreza/ITAUBA_WIDE_NEO-JOUR-V2.html?dwvar_ITAUBA__WIDE__NEO-JOUR-V2_color=R77&to=17#prefn1=product_online_sales&prefv1=true&viewtype=grid-view-small&sz=144&to=17&start=1 NOTFOUND
colorCheck len 0
-----------------------------
https://www.berluti.com/ja-jp/itauba-waido-sukurittoreza/ITAUBA_WIDE_NEO-JOUR-V2.html?dwvar_ITAUBA__WIDE__NEO-JOUR-V2_color=ML6&to=18#prefn1=product_online_sales&prefv1=true&viewtype=grid-view-small&sz=144&to=18&start=1
OPEN
OPEN DONE
OK RETURN
URL PRICE https://www.berluti.com/ja-jp/itauba-waido-sukurittoreza/ITAUBA_WIDE_NEO-JOUR-V2.html?dwvar_ITAUBA__WIDE__NEO-JOUR-V2_color=ML6&to=18#prefn1=product_online_sales&prefv1=true&viewtype=grid-view-small&sz=144&to=18&start=1 NOTFOUND
colorCheck len 0
-----------------------------
https://www.berluti.com/ja-jp/itauba-waido-guradianto-sukurittoreza-rongu-jippuu-oretto/ITAUBA_WIDE_NEO_GRADIANT-JOUR-V2.html?dwvar_ITAUBA__WIDE__NEO__GRADIANT-JOUR-V2_color=B07&to=19#prefn1=product_online_sales&prefv1=true&viewtype=grid-view-small&sz=144&to=19&start=1
OPEN
OPEN DONE
OK RETURN
URL PRICE https://www.berluti.com/ja-jp/itauba-waido-guradianto-sukurittoreza-rongu-jippuu-oretto/ITAUBA_WIDE_NEO_GRADIANT-JOUR-V2.html?dwvar_ITAUBA__WIDE__NEO__GRADIANT-JOUR-V2_color=B07&to=19#prefn1=product_online_sales&prefv1=true&viewtype=grid-view-small&sz=144&to=19&start=1 NOTFOUND
colorCheck len 0
-----------------------------
https://www.berluti.com/ja-jp/itauba-waido-guradianto-sukurittoreza-rongu-jippuu-oretto/ITAUBA_WIDE_NEO_GRADIANT-JOUR-V2.html?dwvar_ITAUBA__WIDE__NEO__GRADIANT-JOUR-V2_color=KH6&to=20#prefn1=product_online_sales&prefv1=true&viewtype=grid-view-small&sz=144&to=20&start=1
OPEN
OPEN DONE
OK RETURN
URL PRICE https://www.berluti.com/ja-jp/itauba-waido-guradianto-sukurittoreza-rongu-jippuu-oretto/ITAUBA_WIDE_NEO_GRADIANT-JOUR-V2.html?dwvar_ITAUBA__WIDE__NEO__GRADIANT-JOUR-V2_color=KH6&to=20#prefn1=product_online_sales&prefv1=true&viewtype=grid-view-small&sz=144&to=20&start=1 NOTFOUND
colorCheck len 0
-----------------------------
https://www.berluti.com/ja-jp/esupasu-sukurittoreza-ronguu-oretto/ESPACE_NEO-JOUR-V2.html?dwvar_ESPACE__NEO-JOUR-V2_color=ML6&to=21#prefn1=product_online_sales&prefv1=true&viewtype=grid-view-small&sz=144&to=21&start=1
OPEN
OPEN DONE
OK RETURN
URL PRICE https://www.berluti.com/ja-jp/esupasu-sukurittoreza-ronguu-oretto/ESPACE_NEO-JOUR-V2.html?dwvar_ESPACE__NEO-JOUR-V2_color=ML6&to=21#prefn1=product_online_sales&prefv1=true&viewtype=grid-view-small&sz=144&to=21&start=1 174900
colorCheck len 3
 attval NERO GRIGIO
 attval CACAO INTENSO
color found
modal one time skip
key: css val:button[data-select-id='size-1']
sizeSelect len 0
cartButton len 2
att nashi
-----------------------------
https://www.berluti.com/ja-jp/esupasu-sukurittoreza-ronguu-oretto/ESPACE_NEO-JOUR-V2.html?dwvar_ESPACE__NEO-JOUR-V2_color=K02&to=22#prefn1=product_online_sales&prefv1=true&viewtype=grid-view-small&sz=144&to=22&start=1
OPEN
OPEN DONE
OK RETURN
URL PRICE https://www.berluti.com/ja-jp/esupasu-sukurittoreza-ronguu-oretto/ESPACE_NEO-JOUR-V2.html?dwvar_ESPACE__NEO-JOUR-V2_color=K02&to=22#prefn1=product_online_sales&prefv1=true&viewtype=grid-view-small&sz=144&to=22&start=1 174900
colorCheck len 3
 attval NERO GRIGIO
color found
modal one time skip
key: css val:button[data-select-id='size-1']
sizeSelect len 0
cartButton len 2
att nashi
-----------------------------
https://www.berluti.com/ja-jp/esupasu-guradianto-sukurittoreza-ronguu-oretto/ESPACE_NEO_GRADIANT-JOUR-V2.html?dwvar_ESPACE__NEO__GRADIANT-JOUR-V2_color=B07&to=23#prefn1=product_online_sales&prefv1=true&viewtype=grid-view-small&sz=144&to=23&start=1
OPEN
OPEN DONE
OK RETURN
URL PRICE https://www.berluti.com/ja-jp/esupasu-guradianto-sukurittoreza-ronguu-oretto/ESPACE_NEO_GRADIANT-JOUR-V2.html?dwvar_ESPACE__NEO__GRADIANT-JOUR-V2_color=B07&to=23#prefn1=product_online_sales&prefv1=true&viewtype=grid-view-small&sz=144&to=23&start=1 191400
colorCheck len 1
 attval STONE DENIM
color found
modal one time skip
key: css val:button[data-select-id='size-1']
sizeSelect len 0
cartButton len 2
att nashi
-----------------------------
https://www.berluti.com/ja-jp/makore-sukurittoreza-konpakutou-oretto/MAKORE_NEO_BE_RR-BE_RAPIECE_REPRISE-V2.html?dwvar_MAKORE__NEO__BE__RR-BE__RAPIECE__REPRISE-V2_color=R79&to=24#prefn1=product_online_sales&prefv1=true&viewtype=grid-view-small&sz=144&to=24&start=1
OPEN
OPEN DONE
OK RETURN
URL PRICE https://www.berluti.com/ja-jp/makore-sukurittoreza-konpakutou-oretto/MAKORE_NEO_BE_RR-BE_RAPIECE_REPRISE-V2.html?dwvar_MAKORE__NEO__BE__RR-BE__RAPIECE__REPRISE-V2_color=R79&to=24#prefn1=product_online_sales&prefv1=true&viewtype=grid-view-small&sz=144&to=24&start=1 NOTFOUND
colorCheck len 0
-----------------------------
https://www.berluti.com/ja-jp/inbuia-sukurittoreza-kadohoruda/IMBUIA_NEO_BE_RR-BE_RAPIECE_REPRISE-V2.html?dwvar_IMBUIA__NEO__BE__RR-BE__RAPIECE__REPRISE-V2_color=MH2&to=25#prefn1=product_online_sales&prefv1=true&viewtype=grid-view-small&sz=144&to=25&start=1
OPEN
OPEN DONE
OK RETURN
URL PRICE https://www.berluti.com/ja-jp/inbuia-sukurittoreza-kadohoruda/IMBUIA_NEO_BE_RR-BE_RAPIECE_REPRISE-V2.html?dwvar_IMBUIA__NEO__BE__RR-BE__RAPIECE__REPRISE-V2_color=MH2&to=25#prefn1=product_online_sales&prefv1=true&viewtype=grid-view-small&sz=144&to=25&start=1 NOTFOUND
colorCheck len 0
-----------------------------
https://www.berluti.com/ja-jp/makore-reza-arigetareza-konpakutou-oretto/MAKORE_NEO_BE_RR-BE_RAPIECE_REPRISE-VC.html?dwvar_MAKORE__NEO__BE__RR-BE__RAPIECE__REPRISE-VC_color=MH2&to=26#prefn1=product_online_sales&prefv1=true&viewtype=grid-view-small&sz=144&to=26&start=1
OPEN
OPEN DONE
OK RETURN
URL PRICE https://www.berluti.com/ja-jp/makore-reza-arigetareza-konpakutou-oretto/MAKORE_NEO_BE_RR-BE_RAPIECE_REPRISE-VC.html?dwvar_MAKORE__NEO__BE__RR-BE__RAPIECE__REPRISE-VC_color=MH2&to=26#prefn1=product_online_sales&prefv1=true&viewtype=grid-view-small&sz=144&to=26&start=1 NOTFOUND
colorCheck len 0
-----------------------------
https://www.berluti.com/ja-jp/tari-sukurittoreza-rongujippuu-oretto/TALI_NEO-JOUR_TANGRAM-V87.html?dwvar_TALI__NEO-JOUR__TANGRAM-V87_color=G89&to=27#prefn1=product_online_sales&prefv1=true&viewtype=grid-view-small&sz=144&to=27&start=1
OPEN
OPEN DONE
OK RETURN
URL PRICE https://www.berluti.com/ja-jp/tari-sukurittoreza-rongujippuu-oretto/TALI_NEO-JOUR_TANGRAM-V87.html?dwvar_TALI__NEO-JOUR__TANGRAM-V87_color=G89&to=27#prefn1=product_online_sales&prefv1=true&viewtype=grid-view-small&sz=144&to=27&start=1 361900
colorCheck len 1
 attval NERO CAVIAR & SAVANA
color check 一致なし zaiko 0
modal one time skip
key: css val:button[data-select-id='size-1']
sizeSelect len 0
cartButton len 0
zaiko 0 x1
cartButton2 len 0
zaiko 0 2x1
zaiko 0 x3
-----------------------------
https://www.berluti.com/ja-jp/inbuia-sukurittoreza-kadohoruda/IMBUIA_NEO-JOUR_TANGRAM-V88.html?dwvar_IMBUIA__NEO-JOUR__TANGRAM-V88_color=MQ8&to=28#prefn1=product_online_sales&prefv1=true&viewtype=grid-view-small&sz=144&to=28&start=1
OPEN
OPEN DONE
OK RETURN
URL PRICE https://www.berluti.com/ja-jp/inbuia-sukurittoreza-kadohoruda/IMBUIA_NEO-JOUR_TANGRAM-V88.html?dwvar_IMBUIA__NEO-JOUR__TANGRAM-V88_color=MQ8&to=28#prefn1=product_online_sales&prefv1=true&viewtype=grid-view-small&sz=144&to=28&start=1 104500
colorCheck len 1
 attval SOFT BROWN & MIDNIGHT BLUE
color check 一致なし zaiko 0
modal one time skip
key: css val:button[data-select-id='size-1']
sizeSelect len 0
cartButton len 2
att nashi
zaiko 0 x3
-----------------------------
https://www.berluti.com/ja-jp/banbu-sukurittoreza-kadohoruda/BAMBOU_NEO-JOUR_TANGRAM-V88.html?dwvar_BAMBOU__NEO-JOUR__TANGRAM-V88_color=MQ8&to=29#prefn1=product_online_sales&prefv1=true&viewtype=grid-view-small&sz=144&to=29&start=1
OPEN
OPEN DONE
OK RETURN
URL PRICE https://www.berluti.com/ja-jp/banbu-sukurittoreza-kadohoruda/BAMBOU_NEO-JOUR_TANGRAM-V88.html?dwvar_BAMBOU__NEO-JOUR__TANGRAM-V88_color=MQ8&to=29#prefn1=product_online_sales&prefv1=true&viewtype=grid-view-small&sz=144&to=29&start=1 69300
colorCheck len 1
 attval SOFT BROWN & MIDNIGHT BLUE
color check 一致なし zaiko 0
modal one time skip
key: css val:button[data-select-id='size-1']
sizeSelect len 0
cartButton len 2
att nashi
zaiko 0 x3
-----------------------------
https://www.berluti.com/ja-jp/jagua-sukurittoreza-kadohoruda/JAGUA_NEO-JOUR_TANGRAM-V88.html?dwvar_JAGUA__NEO-JOUR__TANGRAM-V88_color=MQ8&to=30#prefn1=product_online_sales&prefv1=true&viewtype=grid-view-small&sz=144&to=30&start=1
OPEN
OPEN DONE
OK RETURN
URL PRICE https://www.berluti.com/ja-jp/jagua-sukurittoreza-kadohoruda/JAGUA_NEO-JOUR_TANGRAM-V88.html?dwvar_JAGUA__NEO-JOUR__TANGRAM-V88_color=MQ8&to=30#prefn1=product_online_sales&prefv1=true&viewtype=grid-view-small&sz=144&to=30&start=1 NOTFOUND
colorCheck len 0
-----------------------------
https://www.berluti.com/ja-jp/makore-sukurittosuwaipureza-u-oretto/MAKORE_NEO_GRADIANT-JOUR-V2.html?dwvar_MAKORE__NEO__GRADIANT-JOUR-V2_color=B07&to=31#prefn1=product_online_sales&prefv1=true&viewtype=grid-view-small&sz=144&to=31&start=1
OPEN
OPEN DONE
OK RETURN
URL PRICE https://www.berluti.com/ja-jp/makore-sukurittosuwaipureza-u-oretto/MAKORE_NEO_GRADIANT-JOUR-V2.html?dwvar_MAKORE__NEO__GRADIANT-JOUR-V2_color=B07&to=31#prefn1=product_online_sales&prefv1=true&viewtype=grid-view-small&sz=144&to=31&start=1 145200
colorCheck len 1
 attval LIGHT SAINT EMILION
color check 一致なし zaiko 0
modal one time skip
key: css val:button[data-select-id='size-1']
sizeSelect len 0
cartButton len 2
att nashi
zaiko 0 x3
-----------------------------
https://www.berluti.com/ja-jp/makore-sukurittosuwaipureza-u-oretto/MAKORE_NEO_GRADIANT-JOUR-V2.html?dwvar_MAKORE__NEO__GRADIANT-JOUR-V2_color=R78&to=32#prefn1=product_online_sales&prefv1=true&viewtype=grid-view-small&sz=144&to=32&start=1
OPEN
OPEN DONE
OK RETURN
URL PRICE https://www.berluti.com/ja-jp/makore-sukurittosuwaipureza-u-oretto/MAKORE_NEO_GRADIANT-JOUR-V2.html?dwvar_MAKORE__NEO__GRADIANT-JOUR-V2_color=R78&to=32#prefn1=product_online_sales&prefv1=true&viewtype=grid-view-small&sz=144&to=32&start=1 145200
colorCheck len 1
 attval LIGHT SAINT EMILION
color found
modal one time skip
key: css val:button[data-select-id='size-1']
sizeSelect len 0
cartButton len 2
att nashi
-----------------------------
https://www.berluti.com/ja-jp/tersio-arigetarezaoruinwan-berurutti/TERSIO-ALLIGATOR-E2.html?dwvar_TERSIO-ALLIGATOR-E2_color=M04&to=33#prefn1=product_online_sales&prefv1=true&viewtype=grid-view-small&sz=144&to=33&start=1
OPEN
OPEN DONE
OK RETURN
URL PRICE https://www.berluti.com/ja-jp/tersio-arigetarezaoruinwan-berurutti/TERSIO-ALLIGATOR-E2.html?dwvar_TERSIO-ALLIGATOR-E2_color=M04&to=33#prefn1=product_online_sales&prefv1=true&viewtype=grid-view-small&sz=144&to=33&start=1 1331000
colorCheck len 1
 attval TOBACCO BIS
color found
modal one time skip
key: css val:button[data-select-id='size-1']
sizeSelect len 0
cartButton len 2
att nashi
-----------------------------
https://www.berluti.com/ja-jp/akaju-towaru-marubufu-u-oretto/ACAJOU_NEO-TOILE_MARBEUF-T19.html?dwvar_ACAJOU__NEO-TOILE__MARBEUF-T19_color=MO5&to=34#prefn1=product_online_sales&prefv1=true&viewtype=grid-view-small&sz=144&to=34&start=1
OPEN
OPEN DONE
OK RETURN
URL PRICE https://www.berluti.com/ja-jp/akaju-towaru-marubufu-u-oretto/ACAJOU_NEO-TOILE_MARBEUF-T19.html?dwvar_ACAJOU__NEO-TOILE__MARBEUF-T19_color=MO5&to=34#prefn1=product_online_sales&prefv1=true&viewtype=grid-view-small&sz=144&to=34&start=1 NOTFOUND
colorCheck len 0
-----------------------------
https://www.berluti.com/ja-jp/tari-sukurittoreza-rongujippuu-oretto/TALI_NEO-JOUR-V2.html?dwvar_TALI__NEO-JOUR-V2_color=K02&to=35#prefn1=product_online_sales&prefv1=true&viewtype=grid-view-small&sz=144&to=35&start=1
OPEN
OPEN DONE
OK RETURN
URL PRICE https://www.berluti.com/ja-jp/tari-sukurittoreza-rongujippuu-oretto/TALI_NEO-JOUR-V2.html?dwvar_TALI__NEO-JOUR-V2_color=K02&to=35#prefn1=product_online_sales&prefv1=true&viewtype=grid-view-small&sz=144&to=35&start=1 342100
colorCheck len 1
 attval NERO GRIGIO
color found
modal one time skip
key: css val:button[data-select-id='size-1']
sizeSelect len 0
cartButton len 2
att nashi
-----------------------------
https://www.berluti.com/ja-jp/terushio-reza-oruinwan/TERSIO_NEO-JOUR-V2.html?dwvar_TERSIO__NEO-JOUR-V2_color=K02&to=36#prefn1=product_online_sales&prefv1=true&viewtype=grid-view-small&sz=144&to=36&start=1
OPEN
OPEN DONE
OK RETURN
URL PRICE https://www.berluti.com/ja-jp/terushio-reza-oruinwan/TERSIO_NEO-JOUR-V2.html?dwvar_TERSIO__NEO-JOUR-V2_color=K02&to=36#prefn1=product_online_sales&prefv1=true&viewtype=grid-view-small&sz=144&to=36&start=1 324500
colorCheck len 5
 attval MADURO
 attval CREPUSCULO
 attval NERO GRIGIO
color found
modal one time skip
key: css val:button[data-select-id='size-1']
sizeSelect len 0
cartButton len 2
att nashi
-----------------------------
https://www.berluti.com/ja-jp/terushio-reza-oruinwan/TERSIO_NEO-JOUR-V2.html?dwvar_TERSIO__NEO-JOUR-V2_color=G11&to=37#prefn1=product_online_sales&prefv1=true&viewtype=grid-view-small&sz=144&to=37&start=1
OPEN
OPEN DONE
OK RETURN
URL PRICE https://www.berluti.com/ja-jp/terushio-reza-oruinwan/TERSIO_NEO-JOUR-V2.html?dwvar_TERSIO__NEO-JOUR-V2_color=G11&to=37#prefn1=product_online_sales&prefv1=true&viewtype=grid-view-small&sz=144&to=37&start=1 324500
colorCheck len 5
 attval MADURO
 attval CREPUSCULO
 attval NERO GRIGIO
 attval JUNGLE GREEN
color found
modal one time skip
key: css val:button[data-select-id='size-1']
sizeSelect len 0
cartButton len 2
att nashi
-----------------------------
https://www.berluti.com/ja-jp/aibi-sukurittosuwaipu-reza-toiretaripochi/IVY-JOUR-V2.html?dwvar_IVY-JOUR-V2_color=G27&to=38#prefn1=product_online_sales&prefv1=true&viewtype=grid-view-small&sz=144&to=38&start=1
OPEN
OPEN DONE
OK RETURN
URL PRICE https://www.berluti.com/ja-jp/aibi-sukurittosuwaipu-reza-toiretaripochi/IVY-JOUR-V2.html?dwvar_IVY-JOUR-V2_color=G27&to=38#prefn1=product_online_sales&prefv1=true&viewtype=grid-view-small&sz=144&to=38&start=1 191400
colorCheck len 1
 attval OPUNTIA 
color check 一致なし zaiko 0
modal one time skip
key: css val:button[data-select-id='size-1']
sizeSelect len 0
cartButton len 2
att nashi
zaiko 0 x3
-----------------------------
https://www.berluti.com/ja-jp/tiriwa-tiriwa-rezaoruinwan/TIRIWA_NEO-JOUR-V2.html?dwvar_TIRIWA__NEO-JOUR-V2_color=ML6&to=39#prefn1=product_online_sales&prefv1=true&viewtype=grid-view-small&sz=144&to=39&start=1
OPEN
OPEN DONE
OK RETURN
URL PRICE https://www.berluti.com/ja-jp/tiriwa-tiriwa-rezaoruinwan/TIRIWA_NEO-JOUR-V2.html?dwvar_TIRIWA__NEO-JOUR-V2_color=ML6&to=39#prefn1=product_online_sales&prefv1=true&viewtype=grid-view-small&sz=144&to=39&start=1 282700
colorCheck len 1
 attval CACAO INTENSO
color found
modal one time skip
key: css val:button[data-select-id='size-1']
sizeSelect len 0
cartButton len 2
att nashi
-----------------------------
https://www.berluti.com/ja-jp/koa-makishi-sukurittoreza-rongu-jippu-kadohoruda/KOA_MAXI_NEO-JOUR-V2.html?dwvar_KOA__MAXI__NEO-JOUR-V2_color=K02&to=40#prefn1=product_online_sales&prefv1=true&viewtype=grid-view-small&sz=144&to=40&start=1
OPEN
OPEN DONE
OK RETURN
URL PRICE https://www.berluti.com/ja-jp/koa-makishi-sukurittoreza-rongu-jippu-kadohoruda/KOA_MAXI_NEO-JOUR-V2.html?dwvar_KOA__MAXI__NEO-JOUR-V2_color=K02&to=40#prefn1=product_online_sales&prefv1=true&viewtype=grid-view-small&sz=144&to=40&start=1 NOTFOUND
colorCheck len 0
-----------------------------
https://www.berluti.com/ja-jp/koa-makishi-sukurittoreza-rongu-jippu-kadohoruda/KOA_MAXI_NEO-JOUR-V2.html?dwvar_KOA__MAXI__NEO-JOUR-V2_color=ML6&to=41#prefn1=product_online_sales&prefv1=true&viewtype=grid-view-small&sz=144&to=41&start=1
OPEN
OPEN DONE
OK RETURN
URL PRICE https://www.berluti.com/ja-jp/koa-makishi-sukurittoreza-rongu-jippu-kadohoruda/KOA_MAXI_NEO-JOUR-V2.html?dwvar_KOA__MAXI__NEO-JOUR-V2_color=ML6&to=41#prefn1=product_online_sales&prefv1=true&viewtype=grid-view-small&sz=144&to=41&start=1 NOTFOUND
colorCheck len 0
-----------------------------
https://www.berluti.com/ja-jp/makorearigetarezakonpakuto-cai-bu/MAKORE-ALLIGATOR-E2.html?dwvar_MAKORE-ALLIGATOR-E2_color=B01&to=42#prefn1=product_online_sales&prefv1=true&viewtype=grid-view-small&sz=144&to=42&start=1
OPEN
OPEN DONE
OK RETURN
URL PRICE https://www.berluti.com/ja-jp/makorearigetarezakonpakuto-cai-bu/MAKORE-ALLIGATOR-E2.html?dwvar_MAKORE-ALLIGATOR-E2_color=B01&to=42#prefn1=product_online_sales&prefv1=true&viewtype=grid-view-small&sz=144&to=42&start=1 561000
colorCheck len 2
 attval NERO BLU
color found
modal one time skip
key: css val:button[data-select-id='size-1']
sizeSelect len 0
cartButton len 2
att nashi
-----------------------------
https://www.berluti.com/ja-jp/makorearigetarezakonpakuto-cai-bu/MAKORE-ALLIGATOR-E2.html?dwvar_MAKORE-ALLIGATOR-E2_color=M04&to=43#prefn1=product_online_sales&prefv1=true&viewtype=grid-view-small&sz=144&to=43&start=1
OPEN
OPEN DONE
OK RETURN
URL PRICE https://www.berluti.com/ja-jp/makorearigetarezakonpakuto-cai-bu/MAKORE-ALLIGATOR-E2.html?dwvar_MAKORE-ALLIGATOR-E2_color=M04&to=43#prefn1=product_online_sales&prefv1=true&viewtype=grid-view-small&sz=144&to=43&start=1 561000
colorCheck len 2
 attval NERO BLU
 attval TOBACCO BIS
color found
modal one time skip
key: css val:button[data-select-id='size-1']
sizeSelect len 0
cartButton len 2
att nashi
-----------------------------
https://www.berluti.com/ja-jp/makore-surimu-reza-konpakutou-oretto/MAKORE_SLIM_NEO-JOUR-V1.html?dwvar_MAKORE__SLIM__NEO-JOUR-V1_color=ML6&to=44#prefn1=product_online_sales&prefv1=true&viewtype=grid-view-small&sz=144&to=44&start=1
OPEN
OPEN DONE
OK RETURN
URL PRICE https://www.berluti.com/ja-jp/makore-surimu-reza-konpakutou-oretto/MAKORE_SLIM_NEO-JOUR-V1.html?dwvar_MAKORE__SLIM__NEO-JOUR-V1_color=ML6&to=44#prefn1=product_online_sales&prefv1=true&viewtype=grid-view-small&sz=144&to=44&start=1 123200
colorCheck len 2
 attval ALBA
 attval CACAO INTENSO
color found
modal one time skip
key: css val:button[data-select-id='size-1']
sizeSelect len 0
cartButton len 2
att nashi
-----------------------------
https://www.berluti.com/ja-jp/makore-sukurittoreza-konpakutou-oretto/MAKORE_NEO-JOUR_SOFTY-V82.html?dwvar_MAKORE__NEO-JOUR__SOFTY-V82_color=B02&to=45#prefn1=product_online_sales&prefv1=true&viewtype=grid-view-small&sz=144&to=45&start=1
OPEN
OPEN DONE
OK RETURN
URL PRICE https://www.berluti.com/ja-jp/makore-sukurittoreza-konpakutou-oretto/MAKORE_NEO-JOUR_SOFTY-V82.html?dwvar_MAKORE__NEO-JOUR__SOFTY-V82_color=B02&to=45#prefn1=product_online_sales&prefv1=true&viewtype=grid-view-small&sz=144&to=45&start=1 127600
colorCheck len 1
 attval INDIGO DENIM
color found
modal one time skip
key: css val:button[data-select-id='size-1']
sizeSelect len 0
cartButton len 2
att nashi
-----------------------------
https://www.berluti.com/ja-jp/makore-sukurittoreza-konpakutou-oretto/MAKORE_NEO-JOUR-V2.html?dwvar_MAKORE__NEO-JOUR-V2_color=K02&to=46#prefn1=product_online_sales&prefv1=true&viewtype=grid-view-small&sz=144&to=46&start=1
OPEN
OPEN DONE
OK RETURN
URL PRICE https://www.berluti.com/ja-jp/makore-sukurittoreza-konpakutou-oretto/MAKORE_NEO-JOUR-V2.html?dwvar_MAKORE__NEO-JOUR-V2_color=K02&to=46#prefn1=product_online_sales&prefv1=true&viewtype=grid-view-small&sz=144&to=46&start=1 127600
colorCheck len 3
 attval NERO GRIGIO
color found
modal one time skip
key: css val:button[data-select-id='size-1']
sizeSelect len 0
cartButton len 2
att nashi
-----------------------------
https://www.berluti.com/ja-jp/makore-sukurittoreza-konpakutou-oretto/MAKORE_NEO-JOUR-V2.html?dwvar_MAKORE__NEO-JOUR-V2_color=ML6&to=47#prefn1=product_online_sales&prefv1=true&viewtype=grid-view-small&sz=144&to=47&start=1
OPEN
OPEN DONE
OK RETURN
URL PRICE https://www.berluti.com/ja-jp/makore-sukurittoreza-konpakutou-oretto/MAKORE_NEO-JOUR-V2.html?dwvar_MAKORE__NEO-JOUR-V2_color=ML6&to=47#prefn1=product_online_sales&prefv1=true&viewtype=grid-view-small&sz=144&to=47&start=1 127600
colorCheck len 3
 attval NERO GRIGIO
 attval CACAO INTENSO
color found
modal one time skip
key: css val:button[data-select-id='size-1']
sizeSelect len 0
cartButton len 2
att nashi
-----------------------------
https://www.berluti.com/ja-jp/makore-sukurittoreza-konpakutou-oretto/MAKORE_NEO-JOUR-V2.html?dwvar_MAKORE__NEO-JOUR-V2_color=G11&to=48#prefn1=product_online_sales&prefv1=true&viewtype=grid-view-small&sz=144&to=48&start=1
OPEN
OPEN DONE
OK RETURN
URL PRICE https://www.berluti.com/ja-jp/makore-sukurittoreza-konpakutou-oretto/MAKORE_NEO-JOUR-V2.html?dwvar_MAKORE__NEO-JOUR-V2_color=G11&to=48#prefn1=product_online_sales&prefv1=true&viewtype=grid-view-small&sz=144&to=48&start=1 127600
colorCheck len 3
 attval NERO GRIGIO
 attval CACAO INTENSO
 attval JUNGLE GREEN
color found
modal one time skip
key: css val:button[data-select-id='size-1']
sizeSelect len 0
cartButton len 2
att nashi
-----------------------------
https://www.berluti.com/ja-jp/makore-koin-sukurittoreza-u-oretto/MAKORE_COIN-JOUR-V2.html?dwvar_MAKORE__COIN-JOUR-V2_color=ML6&to=49#prefn1=product_online_sales&prefv1=true&viewtype=grid-view-small&sz=144&to=49&start=1
OPEN
OPEN DONE
OK RETURN
URL PRICE https://www.berluti.com/ja-jp/makore-koin-sukurittoreza-u-oretto/MAKORE_COIN-JOUR-V2.html?dwvar_MAKORE__COIN-JOUR-V2_color=ML6&to=49#prefn1=product_online_sales&prefv1=true&viewtype=grid-view-small&sz=144&to=49&start=1 134200
colorCheck len 1
 attval NERO GRIGIO
color check 一致なし zaiko 0
modal one time skip
key: css val:button[data-select-id='size-1']
sizeSelect len 0
cartButton len 2
att nashi
zaiko 0 x3
-----------------------------
https://www.berluti.com/ja-jp/makore-surimu-guradianto-sukurittoreza-konpakutou-oretto/MAKORE_SLIM_NEO_GRADIANT-JOUR-V2.html?dwvar_MAKORE__SLIM__NEO__GRADIANT-JOUR-V2_color=RA1&to=50#prefn1=product_online_sales&prefv1=true&viewtype=grid-view-small&sz=144&to=50&start=1
OPEN
OPEN DONE
OK RETURN
URL PRICE https://www.berluti.com/ja-jp/makore-surimu-guradianto-sukurittoreza-konpakutou-oretto/MAKORE_SLIM_NEO_GRADIANT-JOUR-V2.html?dwvar_MAKORE__SLIM__NEO__GRADIANT-JOUR-V2_color=RA1&to=50#prefn1=product_online_sales&prefv1=true&viewtype=grid-view-small&sz=144&to=50&start=1 133100
colorCheck len 2
 attval ST EMILION & CACAO INTENSO
 attval BLU MINERALE
color check 一致なし zaiko 0
modal one time skip
key: css val:button[data-select-id='size-1']
sizeSelect len 0
cartButton len 0
zaiko 0 x1
cartButton2 len 0
zaiko 0 2x1
zaiko 0 x3
-----------------------------
https://www.berluti.com/ja-jp/makore-surimu-sukurittoreza-u-oretto/MAKORE_SLIM_NEO-JOUR-V2.html?dwvar_MAKORE__SLIM__NEO-JOUR-V2_color=BF6&to=51#prefn1=product_online_sales&prefv1=true&viewtype=grid-view-small&sz=144&to=51&start=1
OPEN
OPEN DONE
OK RETURN
URL PRICE https://www.berluti.com/ja-jp/makore-surimu-sukurittoreza-u-oretto/MAKORE_SLIM_NEO-JOUR-V2.html?dwvar_MAKORE__SLIM__NEO-JOUR-V2_color=BF6&to=51#prefn1=product_online_sales&prefv1=true&viewtype=grid-view-small&sz=144&to=51&start=1 NOTFOUND
colorCheck len 0
-----------------------------
https://www.berluti.com/ja-jp/makore-surimu-sukurittoreza-u-oretto/MAKORE_SLIM_NEO-JOUR-V2.html?dwvar_MAKORE__SLIM__NEO-JOUR-V2_color=R77&to=52#prefn1=product_online_sales&prefv1=true&viewtype=grid-view-small&sz=144&to=52&start=1
OPEN
OPEN DONE
OK RETURN
URL PRICE https://www.berluti.com/ja-jp/makore-surimu-sukurittoreza-u-oretto/MAKORE_SLIM_NEO-JOUR-V2.html?dwvar_MAKORE__SLIM__NEO-JOUR-V2_color=R77&to=52#prefn1=product_online_sales&prefv1=true&viewtype=grid-view-small&sz=144&to=52&start=1 NOTFOUND
colorCheck len 0
-----------------------------
https://www.berluti.com/ja-jp/makore-sukurittoreza-u-oretto/MAKORE_NEO-JOUR-V85.html?dwvar_MAKORE__NEO-JOUR-V85_color=R35&to=53#prefn1=product_online_sales&prefv1=true&viewtype=grid-view-small&sz=144&to=53&start=1
OPEN
OPEN DONE
OK RETURN
URL PRICE https://www.berluti.com/ja-jp/makore-sukurittoreza-u-oretto/MAKORE_NEO-JOUR-V85.html?dwvar_MAKORE__NEO-JOUR-V85_color=R35&to=53#prefn1=product_online_sales&prefv1=true&viewtype=grid-view-small&sz=144&to=53&start=1 NOTFOUND
colorCheck len 0
-----------------------------
https://www.berluti.com/ja-jp/makore-2in1-sukurittoreza-u-oretto/MAKORE_2IN1_NEO-JOUR-V2.html?dwvar_MAKORE__2IN1__NEO-JOUR-V2_color=ML6&to=54#prefn1=product_online_sales&prefv1=true&viewtype=grid-view-small&sz=144&to=54&start=1
OPEN
OPEN DONE
OK RETURN
URL PRICE https://www.berluti.com/ja-jp/makore-2in1-sukurittoreza-u-oretto/MAKORE_2IN1_NEO-JOUR-V2.html?dwvar_MAKORE__2IN1__NEO-JOUR-V2_color=ML6&to=54#prefn1=product_online_sales&prefv1=true&viewtype=grid-view-small&sz=144&to=54&start=1 161700
colorCheck len 1
 attval CACAO INTENSO
color found
modal one time skip
key: css val:button[data-select-id='size-1']
sizeSelect len 0
cartButton len 2
att nashi
-----------------------------
https://www.berluti.com/ja-jp/makore-towaru-marubufu-u-oretto/MAKORE_NEO-TOILE_MARBEUF-T19.html?dwvar_MAKORE__NEO-TOILE__MARBEUF-T19_color=MO5&to=55#prefn1=product_online_sales&prefv1=true&viewtype=grid-view-small&sz=144&to=55&start=1
OPEN
OPEN DONE
OK RETURN
URL PRICE https://www.berluti.com/ja-jp/makore-towaru-marubufu-u-oretto/MAKORE_NEO-TOILE_MARBEUF-T19.html?dwvar_MAKORE__NEO-TOILE__MARBEUF-T19_color=MO5&to=55#prefn1=product_online_sales&prefv1=true&viewtype=grid-view-small&sz=144&to=55&start=1 NOTFOUND
colorCheck len 0
-----------------------------
https://www.berluti.com/ja-jp/orijin-sukurittoreza-koinpasu/ORIGINE_NEO-JOUR-V2.html?dwvar_ORIGINE__NEO-JOUR-V2_color=K02&to=56#prefn1=product_online_sales&prefv1=true&viewtype=grid-view-small&sz=144&to=56&start=1
OPEN
OPEN DONE
OK RETURN
URL PRICE https://www.berluti.com/ja-jp/orijin-sukurittoreza-koinpasu/ORIGINE_NEO-JOUR-V2.html?dwvar_ORIGINE__NEO-JOUR-V2_color=K02&to=56#prefn1=product_online_sales&prefv1=true&viewtype=grid-view-small&sz=144&to=56&start=1 68200
colorCheck len 2
 attval NERO GRIGIO
color found
modal one time skip
key: css val:button[data-select-id='size-1']
sizeSelect len 0
cartButton len 2
att nashi
-----------------------------
https://www.berluti.com/ja-jp/figyua-koin-sukurittoreza-u-oretto/FIGURE_COIN-JOUR-V2.html?dwvar_FIGURE__COIN-JOUR-V2_color=ML6&to=57#prefn1=product_online_sales&prefv1=true&viewtype=grid-view-small&sz=144&to=57&start=1
OPEN
OPEN DONE
OK RETURN
URL PRICE https://www.berluti.com/ja-jp/figyua-koin-sukurittoreza-u-oretto/FIGURE_COIN-JOUR-V2.html?dwvar_FIGURE__COIN-JOUR-V2_color=ML6&to=57#prefn1=product_online_sales&prefv1=true&viewtype=grid-view-small&sz=144&to=57&start=1 NOTFOUND
colorCheck len 0
-----------------------------
https://www.berluti.com/ja-jp/figyua-sukurittoreza-konpakutou-oretto/FIGURE_NEO-JOUR-V2.html?dwvar_FIGURE__NEO-JOUR-V2_color=K02&to=58#prefn1=product_online_sales&prefv1=true&viewtype=grid-view-small&sz=144&to=58&start=1
OPEN
OPEN DONE
OK RETURN
URL PRICE https://www.berluti.com/ja-jp/figyua-sukurittoreza-konpakutou-oretto/FIGURE_NEO-JOUR-V2.html?dwvar_FIGURE__NEO-JOUR-V2_color=K02&to=58#prefn1=product_online_sales&prefv1=true&viewtype=grid-view-small&sz=144&to=58&start=1 124300
colorCheck len 2
 attval NERO GRIGIO
color found
modal one time skip
key: css val:button[data-select-id='size-1']
sizeSelect len 0
cartButton len 2
att nashi
-----------------------------
https://www.berluti.com/ja-jp/figyua-sukurittoreza-konpakutou-oretto/FIGURE_NEO-JOUR-V2.html?dwvar_FIGURE__NEO-JOUR-V2_color=ML6&to=59#prefn1=product_online_sales&prefv1=true&viewtype=grid-view-small&sz=144&to=59&start=1
OPEN
OPEN DONE
OK RETURN
URL PRICE https://www.berluti.com/ja-jp/figyua-sukurittoreza-konpakutou-oretto/FIGURE_NEO-JOUR-V2.html?dwvar_FIGURE__NEO-JOUR-V2_color=ML6&to=59#prefn1=product_online_sales&prefv1=true&viewtype=grid-view-small&sz=144&to=59&start=1 124300
colorCheck len 2
 attval NERO GRIGIO
 attval CACAO INTENSO
color found
modal one time skip
key: css val:button[data-select-id='size-1']
sizeSelect len 0
cartButton len 2
att nashi
-----------------------------
https://www.berluti.com/ja-jp/akaju-sukurittoreza-konpakutou-oretto/ACAJOU_NEO-JOUR_SOFTY-V82.html?dwvar_ACAJOU__NEO-JOUR__SOFTY-V82_color=B02&to=60#prefn1=product_online_sales&prefv1=true&viewtype=grid-view-small&sz=144&to=60&start=1
OPEN
OPEN DONE
OK RETURN
URL PRICE https://www.berluti.com/ja-jp/akaju-sukurittoreza-konpakutou-oretto/ACAJOU_NEO-JOUR_SOFTY-V82.html?dwvar_ACAJOU__NEO-JOUR__SOFTY-V82_color=B02&to=60#prefn1=product_online_sales&prefv1=true&viewtype=grid-view-small&sz=144&to=60&start=1 136400
colorCheck len 1
 attval INDIGO DENIM
color found
modal one time skip
key: css val:button[data-select-id='size-1']
sizeSelect len 0
cartButton len 2
att nashi
-----------------------------
https://www.berluti.com/ja-jp/akaju-sukurittoreza-u-oretto/ACAJOU_NEO-JOUR-V2.html?dwvar_ACAJOU__NEO-JOUR-V2_color=ML6&to=61#prefn1=product_online_sales&prefv1=true&viewtype=grid-view-small&sz=144&to=61&start=1
OPEN
OPEN DONE
OK RETURN
URL PRICE https://www.berluti.com/ja-jp/akaju-sukurittoreza-u-oretto/ACAJOU_NEO-JOUR-V2.html?dwvar_ACAJOU__NEO-JOUR-V2_color=ML6&to=61#prefn1=product_online_sales&prefv1=true&viewtype=grid-view-small&sz=144&to=61&start=1 136400
colorCheck len 1
 attval CACAO INTENSO
color found
modal one time skip
key: css val:button[data-select-id='size-1']
sizeSelect len 0
cartButton len 2
att nashi
-----------------------------
https://www.berluti.com/ja-jp/bambouarigetarezakadohoruda/BAMBOU-ALLIGATOR-E2.html?dwvar_BAMBOU-ALLIGATOR-E2_color=M03&to=62#prefn1=product_online_sales&prefv1=true&viewtype=grid-view-small&sz=144&to=62&start=1
OPEN
OPEN DONE
OK RETURN
URL PRICE https://www.berluti.com/ja-jp/bambouarigetarezakadohoruda/BAMBOU-ALLIGATOR-E2.html?dwvar_BAMBOU-ALLIGATOR-E2_color=M03&to=62#prefn1=product_online_sales&prefv1=true&viewtype=grid-view-small&sz=144&to=62&start=1 213400
colorCheck len 1
 attval TDM
color found
modal one time skip
key: css val:button[data-select-id='size-1']
sizeSelect len 0
cartButton len 2
att nashi
-----------------------------
https://www.berluti.com/ja-jp/banbu-tetorisu-sukurittoreza-kadohoruda/BAMBOU_TETRIS_NEO-JOUR-V2.html?dwvar_BAMBOU__TETRIS__NEO-JOUR-V2_color=K02&to=63#prefn1=product_online_sales&prefv1=true&viewtype=grid-view-small&sz=144&to=63&start=1
OPEN
OPEN DONE
OK RETURN
URL PRICE https://www.berluti.com/ja-jp/banbu-tetorisu-sukurittoreza-kadohoruda/BAMBOU_TETRIS_NEO-JOUR-V2.html?dwvar_BAMBOU__TETRIS__NEO-JOUR-V2_color=K02&to=63#prefn1=product_online_sales&prefv1=true&viewtype=grid-view-small&sz=144&to=63&start=1 92400
colorCheck len 2
 attval NERO GRIGIO
color found
modal one time skip
key: css val:button[data-select-id='size-1']
sizeSelect len 0
cartButton len 2
att nashi
-----------------------------
https://www.berluti.com/ja-jp/banbu-sukurittoreza-kadohoruda/BAMBOU_NEO-JOUR_SOFTY-V82.html?dwvar_BAMBOU__NEO-JOUR__SOFTY-V82_color=B02&to=64#prefn1=product_online_sales&prefv1=true&viewtype=grid-view-small&sz=144&to=64&start=1
OPEN
OPEN DONE
OK RETURN
URL PRICE https://www.berluti.com/ja-jp/banbu-sukurittoreza-kadohoruda/BAMBOU_NEO-JOUR_SOFTY-V82.html?dwvar_BAMBOU__NEO-JOUR__SOFTY-V82_color=B02&to=64#prefn1=product_online_sales&prefv1=true&viewtype=grid-view-small&sz=144&to=64&start=1 68200
colorCheck len 1
 attval INDIGO DENIM
color found
modal one time skip
key: css val:button[data-select-id='size-1']
sizeSelect len 0
cartButton len 2
att nashi
-----------------------------
https://www.berluti.com/ja-jp/banbu-neo-sukurittosuwaipurezakadohoruda/BAMBOU_NEO-JOUR-V2.html?dwvar_BAMBOU__NEO-JOUR-V2_color=ML6&to=65#prefn1=product_online_sales&prefv1=true&viewtype=grid-view-small&sz=144&to=65&start=1
OPEN
OPEN DONE
OK RETURN
URL PRICE https://www.berluti.com/ja-jp/banbu-neo-sukurittosuwaipurezakadohoruda/BAMBOU_NEO-JOUR-V2.html?dwvar_BAMBOU__NEO-JOUR-V2_color=ML6&to=65#prefn1=product_online_sales&prefv1=true&viewtype=grid-view-small&sz=144&to=65&start=1 68200
colorCheck len 5
 attval NERO GRIGIO
 attval CACAO INTENSO
color found
modal one time skip
key: css val:button[data-select-id='size-1']
sizeSelect len 0
cartButton len 2
att nashi
-----------------------------
https://www.berluti.com/ja-jp/banbu-neo-sukurittosuwaipurezakadohoruda/BAMBOU_NEO-JOUR-V2.html?dwvar_BAMBOU__NEO-JOUR-V2_color=G02&to=66#prefn1=product_online_sales&prefv1=true&viewtype=grid-view-small&sz=144&to=66&start=1
OPEN
OPEN DONE
OK RETURN
URL PRICE https://www.berluti.com/ja-jp/banbu-neo-sukurittosuwaipurezakadohoruda/BAMBOU_NEO-JOUR-V2.html?dwvar_BAMBOU__NEO-JOUR-V2_color=G02&to=66#prefn1=product_online_sales&prefv1=true&viewtype=grid-view-small&sz=144&to=66&start=1 68200
colorCheck len 5
 attval NERO GRIGIO
 attval CACAO INTENSO
 attval LIGHT SAINT EMILION
 attval NERO CAVIAR
color found
modal one time skip
key: css val:button[data-select-id='size-1']
sizeSelect len 0
cartButton len 2
att nashi
-----------------------------
https://www.berluti.com/ja-jp/banbu-neo-sukurittosuwaipurezakadohoruda/BAMBOU_NEO-JOUR-V2.html?dwvar_BAMBOU__NEO-JOUR-V2_color=K02&to=67#prefn1=product_online_sales&prefv1=true&viewtype=grid-view-small&sz=144&to=67&start=1
OPEN
OPEN DONE
OK RETURN
URL PRICE https://www.berluti.com/ja-jp/banbu-neo-sukurittosuwaipurezakadohoruda/BAMBOU_NEO-JOUR-V2.html?dwvar_BAMBOU__NEO-JOUR-V2_color=K02&to=67#prefn1=product_online_sales&prefv1=true&viewtype=grid-view-small&sz=144&to=67&start=1 68200
colorCheck len 5
 attval NERO GRIGIO
color found
modal one time skip
key: css val:button[data-select-id='size-1']
sizeSelect len 0
cartButton len 2
att nashi
-----------------------------
https://www.berluti.com/ja-jp/banbu-neo-sukurittosuwaipurezakadohoruda/BAMBOU_NEO-JOUR-V2.html?dwvar_BAMBOU__NEO-JOUR-V2_color=B07&to=68#prefn1=product_online_sales&prefv1=true&viewtype=grid-view-small&sz=144&to=68&start=1
OPEN
OPEN DONE
OK RETURN
URL PRICE https://www.berluti.com/ja-jp/banbu-neo-sukurittosuwaipurezakadohoruda/BAMBOU_NEO-JOUR-V2.html?dwvar_BAMBOU__NEO-JOUR-V2_color=B07&to=68#prefn1=product_online_sales&prefv1=true&viewtype=grid-view-small&sz=144&to=68&start=1 68200
colorCheck len 5
 attval NERO GRIGIO
 attval CACAO INTENSO
 attval LIGHT SAINT EMILION
 attval NERO CAVIAR
 attval ARANCIO VERMIGLIO
color check 一致なし zaiko 0
modal one time skip
key: css val:button[data-select-id='size-1']
sizeSelect len 0
cartButton len 2
att nashi
zaiko 0 x3
-----------------------------
https://www.berluti.com/ja-jp/banbu-neo-sukurittosuwaipurezakadohoruda/BAMBOU_NEO-JOUR-V2.html?dwvar_BAMBOU__NEO-JOUR-V2_color=R77&to=69#prefn1=product_online_sales&prefv1=true&viewtype=grid-view-small&sz=144&to=69&start=1
OPEN
OPEN DONE
OK RETURN
URL PRICE https://www.berluti.com/ja-jp/banbu-neo-sukurittosuwaipurezakadohoruda/BAMBOU_NEO-JOUR-V2.html?dwvar_BAMBOU__NEO-JOUR-V2_color=R77&to=69#prefn1=product_online_sales&prefv1=true&viewtype=grid-view-small&sz=144&to=69&start=1 68200
colorCheck len 5
 attval NERO GRIGIO
 attval CACAO INTENSO
 attval LIGHT SAINT EMILION
 attval NERO CAVIAR
 attval ARANCIO VERMIGLIO
color check 一致なし zaiko 0
modal one time skip
key: css val:button[data-select-id='size-1']
sizeSelect len 0
cartButton len 2
att nashi
zaiko 0 x3
-----------------------------
https://www.berluti.com/ja-jp/banbu-neo-sukurittosuwaipurezakadohoruda/BAMBOU_NEO-JOUR-V2.html?dwvar_BAMBOU__NEO-JOUR-V2_color=R78&to=70#prefn1=product_online_sales&prefv1=true&viewtype=grid-view-small&sz=144&to=70&start=1
OPEN
OPEN DONE
OK RETURN
URL PRICE https://www.berluti.com/ja-jp/banbu-neo-sukurittosuwaipurezakadohoruda/BAMBOU_NEO-JOUR-V2.html?dwvar_BAMBOU__NEO-JOUR-V2_color=R78&to=70#prefn1=product_online_sales&prefv1=true&viewtype=grid-view-small&sz=144&to=70&start=1 68200
colorCheck len 5
 attval NERO GRIGIO
 attval CACAO INTENSO
 attval LIGHT SAINT EMILION
color found
modal one time skip
key: css val:button[data-select-id='size-1']
sizeSelect len 0
cartButton len 2
att nashi
-----------------------------
https://www.berluti.com/ja-jp/banbu-towaru-marubufu-kadohoruda/BAMBOU_NEO-TOILE_MARBEUF-T19.html?dwvar_BAMBOU__NEO-TOILE__MARBEUF-T19_color=MO5&to=71#prefn1=product_online_sales&prefv1=true&viewtype=grid-view-small&sz=144&to=71&start=1
OPEN
OPEN DONE
OK RETURN
URL PRICE https://www.berluti.com/ja-jp/banbu-towaru-marubufu-kadohoruda/BAMBOU_NEO-TOILE_MARBEUF-T19.html?dwvar_BAMBOU__NEO-TOILE__MARBEUF-T19_color=MO5&to=71#prefn1=product_online_sales&prefv1=true&viewtype=grid-view-small&sz=144&to=71&start=1 NOTFOUND
colorCheck len 0
-----------------------------
https://www.berluti.com/ja-jp/banbu-6ccsukurittoreza-kadohoruda/BAMBOU_6CC_NEO-JOUR-V2.html?dwvar_BAMBOU__6CC__NEO-JOUR-V2_color=ML6&to=72#prefn1=product_online_sales&prefv1=true&viewtype=grid-view-small&sz=144&to=72&start=1
OPEN
OPEN DONE
OK RETURN
URL PRICE https://www.berluti.com/ja-jp/banbu-6ccsukurittoreza-kadohoruda/BAMBOU_6CC_NEO-JOUR-V2.html?dwvar_BAMBOU__6CC__NEO-JOUR-V2_color=ML6&to=72#prefn1=product_online_sales&prefv1=true&viewtype=grid-view-small&sz=144&to=72&start=1 81400
colorCheck len 1
 attval CACAO INTENSO
color found
modal one time skip
key: css val:button[data-select-id='size-1']
sizeSelect len 0
cartButton len 0
zaiko 0 x1
cartButton2 len 0
zaiko 0 2x1
-----------------------------
https://www.berluti.com/ja-jp/jaguaarigetarezakadohoruda/JAGUA-ALLIGATOR-E2.html?dwvar_JAGUA-ALLIGATOR-E2_color=M03&to=73#prefn1=product_online_sales&prefv1=true&viewtype=grid-view-small&sz=144&to=73&start=1
OPEN
OPEN DONE
OK RETURN
URL PRICE https://www.berluti.com/ja-jp/jaguaarigetarezakadohoruda/JAGUA-ALLIGATOR-E2.html?dwvar_JAGUA-ALLIGATOR-E2_color=M03&to=73#prefn1=product_online_sales&prefv1=true&viewtype=grid-view-small&sz=144&to=73&start=1 419100
colorCheck len 1
 attval TDM
color found
modal one time skip
key: css val:button[data-select-id='size-1']
sizeSelect len 0
cartButton len 0
zaiko 0 x1
cartButton2 len 0
zaiko 0 2x1
-----------------------------
https://www.berluti.com/ja-jp/jagua-sukurittoreza-kadohoruda/JAGUA_NEO-JOUR-V2.html?dwvar_JAGUA__NEO-JOUR-V2_color=K02&to=74#prefn1=product_online_sales&prefv1=true&viewtype=grid-view-small&sz=144&to=74&start=1
OPEN
OPEN DONE
OK RETURN
URL PRICE https://www.berluti.com/ja-jp/jagua-sukurittoreza-kadohoruda/JAGUA_NEO-JOUR-V2.html?dwvar_JAGUA__NEO-JOUR-V2_color=K02&to=74#prefn1=product_online_sales&prefv1=true&viewtype=grid-view-small&sz=144&to=74&start=1 99000
colorCheck len 2
 attval NERO GRIGIO
color found
modal one time skip
key: css val:button[data-select-id='size-1']
sizeSelect len 0
cartButton len 2
att nashi
-----------------------------
https://www.berluti.com/ja-jp/jagua-sukurittoreza-kadohoruda/JAGUA_NEO-JOUR-V2.html?dwvar_JAGUA__NEO-JOUR-V2_color=ML6&to=75#prefn1=product_online_sales&prefv1=true&viewtype=grid-view-small&sz=144&to=75&start=1
OPEN
OPEN DONE
OK RETURN
URL PRICE https://www.berluti.com/ja-jp/jagua-sukurittoreza-kadohoruda/JAGUA_NEO-JOUR-V2.html?dwvar_JAGUA__NEO-JOUR-V2_color=ML6&to=75#prefn1=product_online_sales&prefv1=true&viewtype=grid-view-small&sz=144&to=75&start=1 99000
colorCheck len 2
 attval NERO GRIGIO
 attval CACAO INTENSO
color found
modal one time skip
key: css val:button[data-select-id='size-1']
sizeSelect len 0
cartButton len 2
att nashi
-----------------------------
https://www.berluti.com/ja-jp/jagua-sukurittoreza-kadohoruda/JAGUA_NEO-JOUR-V2.html?dwvar_JAGUA__NEO-JOUR-V2_color=G11&to=76#prefn1=product_online_sales&prefv1=true&viewtype=grid-view-small&sz=144&to=76&start=1
OPEN
OPEN DONE
OK RETURN
URL PRICE https://www.berluti.com/ja-jp/jagua-sukurittoreza-kadohoruda/JAGUA_NEO-JOUR-V2.html?dwvar_JAGUA__NEO-JOUR-V2_color=G11&to=76#prefn1=product_online_sales&prefv1=true&viewtype=grid-view-small&sz=144&to=76&start=1 99000
colorCheck len 2
 attval NERO GRIGIO
 attval CACAO INTENSO
color check 一致なし zaiko 0
modal one time skip
key: css val:button[data-select-id='size-1']
sizeSelect len 0
cartButton len 2
att nashi
zaiko 0 x3
-----------------------------
https://www.berluti.com/ja-jp/jagua-reza-poketto-oganaiza/JAGUA_NEO-JOUR-V1.html?dwvar_JAGUA__NEO-JOUR-V1_color=ML6&to=77#prefn1=product_online_sales&prefv1=true&viewtype=grid-view-small&sz=144&to=77&start=1
OPEN
OPEN DONE
OK RETURN
URL PRICE https://www.berluti.com/ja-jp/jagua-reza-poketto-oganaiza/JAGUA_NEO-JOUR-V1.html?dwvar_JAGUA__NEO-JOUR-V1_color=ML6&to=77#prefn1=product_online_sales&prefv1=true&viewtype=grid-view-small&sz=144&to=77&start=1 90200
colorCheck len 3
 attval BOREALE
 attval CACAO INTENSO
color found
modal one time skip
key: css val:button[data-select-id='size-1']
sizeSelect len 0
cartButton len 2
att nashi
-----------------------------
https://www.berluti.com/ja-jp/jagua-sukurittosuwaipureza-kadohoruda/JAGUA_NEO_GRADIANT-JOUR-V2.html?dwvar_JAGUA__NEO__GRADIANT-JOUR-V2_color=KH6&to=78#prefn1=product_online_sales&prefv1=true&viewtype=grid-view-small&sz=144&to=78&start=1
OPEN
OPEN DONE
OK RETURN
URL PRICE https://www.berluti.com/ja-jp/jagua-sukurittosuwaipureza-kadohoruda/JAGUA_NEO_GRADIANT-JOUR-V2.html?dwvar_JAGUA__NEO__GRADIANT-JOUR-V2_color=KH6&to=78#prefn1=product_online_sales&prefv1=true&viewtype=grid-view-small&sz=144&to=78&start=1 NOTFOUND
colorCheck len 0
-----------------------------
https://www.berluti.com/ja-jp/jagua-reza-kadohoruda/JAGUA_NEO_GRADIANT-JOUR-V1.html?dwvar_JAGUA__NEO__GRADIANT-JOUR-V1_color=B07&to=79#prefn1=product_online_sales&prefv1=true&viewtype=grid-view-small&sz=144&to=79&start=1
OPEN
OPEN DONE
OK RETURN
URL PRICE https://www.berluti.com/ja-jp/jagua-reza-kadohoruda/JAGUA_NEO_GRADIANT-JOUR-V1.html?dwvar_JAGUA__NEO__GRADIANT-JOUR-V1_color=B07&to=79#prefn1=product_online_sales&prefv1=true&viewtype=grid-view-small&sz=144&to=79&start=1 NOTFOUND
colorCheck len 0
-----------------------------
https://www.berluti.com/ja-jp/jagua-towaru-marubufu-kadohoruda/JAGUA_NEO-TOILE_MARBEUF-T19.html?dwvar_JAGUA__NEO-TOILE__MARBEUF-T19_color=MO5&to=80#prefn1=product_online_sales&prefv1=true&viewtype=grid-view-small&sz=144&to=80&start=1
OPEN
OPEN DONE
OK RETURN
URL PRICE https://www.berluti.com/ja-jp/jagua-towaru-marubufu-kadohoruda/JAGUA_NEO-TOILE_MARBEUF-T19.html?dwvar_JAGUA__NEO-TOILE__MARBEUF-T19_color=MO5&to=80#prefn1=product_online_sales&prefv1=true&viewtype=grid-view-small&sz=144&to=80&start=1 NOTFOUND
colorCheck len 0
-----------------------------
https://www.berluti.com/ja-jp/esukeru-sukurittosuwaipureza-pasupotohoruda/ESCALE_NEO-JOUR-V2.html?dwvar_ESCALE__NEO-JOUR-V2_color=ML6&to=81#prefn1=product_online_sales&prefv1=true&viewtype=grid-view-small&sz=144&to=81&start=1
OPEN
OPEN DONE
OK RETURN
URL PRICE https://www.berluti.com/ja-jp/esukeru-sukurittosuwaipureza-pasupotohoruda/ESCALE_NEO-JOUR-V2.html?dwvar_ESCALE__NEO-JOUR-V2_color=ML6&to=81#prefn1=product_online_sales&prefv1=true&viewtype=grid-view-small&sz=144&to=81&start=1 108900
colorCheck len 1
 attval CACAO INTENSO
color found
modal one time skip
key: css val:button[data-select-id='size-1']
sizeSelect len 0
cartButton len 0
zaiko 0 x1
cartButton2 len 0
zaiko 0 2x1
-----------------------------
https://www.berluti.com/ja-jp/esukaru-towaru-marubufu-pasupotohoruda/ESCALE_NEO-TOILE_MARBEUF-T19.html?dwvar_ESCALE__NEO-TOILE__MARBEUF-T19_color=MO5&to=82#prefn1=product_online_sales&prefv1=true&viewtype=grid-view-small&sz=144&to=82&start=1
OPEN
OPEN DONE
OK RETURN
URL PRICE https://www.berluti.com/ja-jp/esukaru-towaru-marubufu-pasupotohoruda/ESCALE_NEO-TOILE_MARBEUF-T19.html?dwvar_ESCALE__NEO-TOILE__MARBEUF-T19_color=MO5&to=82#prefn1=product_online_sales&prefv1=true&viewtype=grid-view-small&sz=144&to=82&start=1 NOTFOUND
colorCheck len 0
-----------------------------
https://www.berluti.com/ja-jp/inbuia-sukurittoreza-kadohoruda/IMBUIA_NEO-JOUR-V2.html?dwvar_IMBUIA__NEO-JOUR-V2_color=G11&to=83#prefn1=product_online_sales&prefv1=true&viewtype=grid-view-small&sz=144&to=83&start=1
OPEN
OPEN DONE
OK RETURN
URL PRICE https://www.berluti.com/ja-jp/inbuia-sukurittoreza-kadohoruda/IMBUIA_NEO-JOUR-V2.html?dwvar_IMBUIA__NEO-JOUR-V2_color=G11&to=83#prefn1=product_online_sales&prefv1=true&viewtype=grid-view-small&sz=144&to=83&start=1 NOTFOUND
colorCheck len 0
-----------------------------
https://www.berluti.com/ja-jp/inbuia-sukurittoreza-kadohoruda/IMBUIA_NEO-JOUR-V2.html?dwvar_IMBUIA__NEO-JOUR-V2_color=ML6&to=84#prefn1=product_online_sales&prefv1=true&viewtype=grid-view-small&sz=144&to=84&start=1
OPEN
OPEN DONE
OK RETURN
URL PRICE https://www.berluti.com/ja-jp/inbuia-sukurittoreza-kadohoruda/IMBUIA_NEO-JOUR-V2.html?dwvar_IMBUIA__NEO-JOUR-V2_color=ML6&to=84#prefn1=product_online_sales&prefv1=true&viewtype=grid-view-small&sz=144&to=84&start=1 NOTFOUND
colorCheck len 0
-----------------------------
https://www.berluti.com/ja-jp/inbuia-sukurittoreza-kadohoruda/IMBUIA_NEO-JOUR-V2.html?dwvar_IMBUIA__NEO-JOUR-V2_color=K02&to=85#prefn1=product_online_sales&prefv1=true&viewtype=grid-view-small&sz=144&to=85&start=1
OPEN
OPEN DONE
OK RETURN
URL PRICE https://www.berluti.com/ja-jp/inbuia-sukurittoreza-kadohoruda/IMBUIA_NEO-JOUR-V2.html?dwvar_IMBUIA__NEO-JOUR-V2_color=K02&to=85#prefn1=product_online_sales&prefv1=true&viewtype=grid-view-small&sz=144&to=85&start=1 NOTFOUND
colorCheck len 0
-----------------------------
https://www.berluti.com/ja-jp/inbuia-sukurittoreza-kadohoruda/IMBUIA_NEO-JOUR-V2.html?dwvar_IMBUIA__NEO-JOUR-V2_color=R77&to=86#prefn1=product_online_sales&prefv1=true&viewtype=grid-view-small&sz=144&to=86&start=1
OPEN
OPEN DONE
OK RETURN
URL PRICE https://www.berluti.com/ja-jp/inbuia-sukurittoreza-kadohoruda/IMBUIA_NEO-JOUR-V2.html?dwvar_IMBUIA__NEO-JOUR-V2_color=R77&to=86#prefn1=product_online_sales&prefv1=true&viewtype=grid-view-small&sz=144&to=86&start=1 NOTFOUND
colorCheck len 0
-----------------------------
https://www.berluti.com/ja-jp/inbuia-guradianto-sukurittoreza-kadohoruda/IMBUIA_NEO_GRADIANT-JOUR-V2.html?dwvar_IMBUIA__NEO__GRADIANT-JOUR-V2_color=RA1&to=87#prefn1=product_online_sales&prefv1=true&viewtype=grid-view-small&sz=144&to=87&start=1
OPEN
OPEN DONE
OK RETURN
URL PRICE https://www.berluti.com/ja-jp/inbuia-guradianto-sukurittoreza-kadohoruda/IMBUIA_NEO_GRADIANT-JOUR-V2.html?dwvar_IMBUIA__NEO__GRADIANT-JOUR-V2_color=RA1&to=87#prefn1=product_online_sales&prefv1=true&viewtype=grid-view-small&sz=144&to=87&start=1 108900
colorCheck len 2
 attval ST EMILION & CACAO INTENSO
 attval MIRAGGIO
color check 一致なし zaiko 0
modal one time skip
key: css val:button[data-select-id='size-1']
sizeSelect len 0
cartButton len 2
att nashi
zaiko 0 x3
-----------------------------
https://www.berluti.com/ja-jp/inbuia-guradianto-sukurittoreza-kadohoruda/IMBUIA_NEO_GRADIANT-JOUR-V2.html?dwvar_IMBUIA__NEO__GRADIANT-JOUR-V2_color=B07&to=88#prefn1=product_online_sales&prefv1=true&viewtype=grid-view-small&sz=144&to=88&start=1
OPEN
OPEN DONE
OK RETURN
URL PRICE https://www.berluti.com/ja-jp/inbuia-guradianto-sukurittoreza-kadohoruda/IMBUIA_NEO_GRADIANT-JOUR-V2.html?dwvar_IMBUIA__NEO__GRADIANT-JOUR-V2_color=B07&to=88#prefn1=product_online_sales&prefv1=true&viewtype=grid-view-small&sz=144&to=88&start=1 108900
colorCheck len 2
 attval ST EMILION & CACAO INTENSO
 attval MIRAGGIO
color check 一致なし zaiko 0
modal one time skip
key: css val:button[data-select-id='size-1']
sizeSelect len 0
cartButton len 2
att nashi
zaiko 0 x3
-----------------------------
https://www.berluti.com/ja-jp/inbuia-towaru-marubufu-kadohoruda/IMBUIA_NEO-TOILE_MARBEUF-T19.html?dwvar_IMBUIA__NEO-TOILE__MARBEUF-T19_color=MO5&to=89#prefn1=product_online_sales&prefv1=true&viewtype=grid-view-small&sz=144&to=89&start=1
OPEN
OPEN DONE
OK RETURN
URL PRICE https://www.berluti.com/ja-jp/inbuia-towaru-marubufu-kadohoruda/IMBUIA_NEO-TOILE_MARBEUF-T19.html?dwvar_IMBUIA__NEO-TOILE__MARBEUF-T19_color=MO5&to=89#prefn1=product_online_sales&prefv1=true&viewtype=grid-view-small&sz=144&to=89&start=1 NOTFOUND
colorCheck len 0
-----------------------------
https://www.berluti.com/ja-jp/wapa-sukurittoreza-jippu-fukikoinpasu/WAPA_NEO-JOUR-V2.html?dwvar_WAPA__NEO-JOUR-V2_color=K02&to=90#prefn1=product_online_sales&prefv1=true&viewtype=grid-view-small&sz=144&to=90&start=1
OPEN
OPEN DONE
OK RETURN
URL PRICE https://www.berluti.com/ja-jp/wapa-sukurittoreza-jippu-fukikoinpasu/WAPA_NEO-JOUR-V2.html?dwvar_WAPA__NEO-JOUR-V2_color=K02&to=90#prefn1=product_online_sales&prefv1=true&viewtype=grid-view-small&sz=144&to=90&start=1 113300
colorCheck len 3
 attval NERO GRIGIO
color found
modal one time skip
key: css val:button[data-select-id='size-1']
sizeSelect len 0
cartButton len 2
att nashi
-----------------------------
https://www.berluti.com/ja-jp/wapa-sukurittoreza-jippu-fukikoinpasu/WAPA_NEO-JOUR-V2.html?dwvar_WAPA__NEO-JOUR-V2_color=ML6&to=91#prefn1=product_online_sales&prefv1=true&viewtype=grid-view-small&sz=144&to=91&start=1
OPEN
OPEN DONE
OK RETURN
URL PRICE https://www.berluti.com/ja-jp/wapa-sukurittoreza-jippu-fukikoinpasu/WAPA_NEO-JOUR-V2.html?dwvar_WAPA__NEO-JOUR-V2_color=ML6&to=91#prefn1=product_online_sales&prefv1=true&viewtype=grid-view-small&sz=144&to=91&start=1 113300
colorCheck len 3
 attval NERO GRIGIO
 attval CACAO INTENSO
color found
modal one time skip
key: css val:button[data-select-id='size-1']
sizeSelect len 0
cartButton len 2
att nashi
-----------------------------
https://www.berluti.com/ja-jp/wapa-sukurittoreza-jippu-fukikoinpasu/WAPA_NEO-JOUR-V2.html?dwvar_WAPA__NEO-JOUR-V2_color=G11&to=92#prefn1=product_online_sales&prefv1=true&viewtype=grid-view-small&sz=144&to=92&start=1
OPEN
OPEN DONE
OK RETURN
URL PRICE https://www.berluti.com/ja-jp/wapa-sukurittoreza-jippu-fukikoinpasu/WAPA_NEO-JOUR-V2.html?dwvar_WAPA__NEO-JOUR-V2_color=G11&to=92#prefn1=product_online_sales&prefv1=true&viewtype=grid-view-small&sz=144&to=92&start=1 113300
colorCheck len 3
 attval NERO GRIGIO
 attval CACAO INTENSO
 attval JUNGLE GREEN
color found
modal one time skip
key: css val:button[data-select-id='size-1']
sizeSelect len 0
cartButton len 2
att nashi
-----------------------------
https://www.berluti.com/ja-jp/koa-rojikku-sukurittoreza-jippu-kadohoruda/KOA_LOGIC_NEO-JOUR-V2.html?dwvar_KOA__LOGIC__NEO-JOUR-V2_color=ML6&to=93#prefn1=product_online_sales&prefv1=true&viewtype=grid-view-small&sz=144&to=93&start=1
OPEN
OPEN DONE
OK RETURN
URL PRICE https://www.berluti.com/ja-jp/koa-rojikku-sukurittoreza-jippu-kadohoruda/KOA_LOGIC_NEO-JOUR-V2.html?dwvar_KOA__LOGIC__NEO-JOUR-V2_color=ML6&to=93#prefn1=product_online_sales&prefv1=true&viewtype=grid-view-small&sz=144&to=93&start=1 101200
colorCheck len 1
 attval CACAO INTENSO
color found
modal one time skip
key: css val:button[data-select-id='size-1']
sizeSelect len 0
cartButton len 2
att nashi
-----------------------------
https://www.berluti.com/ja-jp/wapa-guradianto-sukurittoreza-koinpasu/WAPA_NEO_GRADIANT-JOUR-V2.html?dwvar_WAPA__NEO__GRADIANT-JOUR-V2_color=RA1&to=94#prefn1=product_online_sales&prefv1=true&viewtype=grid-view-small&sz=144&to=94&start=1
OPEN
OPEN DONE
OK RETURN
URL PRICE https://www.berluti.com/ja-jp/wapa-guradianto-sukurittoreza-koinpasu/WAPA_NEO_GRADIANT-JOUR-V2.html?dwvar_WAPA__NEO__GRADIANT-JOUR-V2_color=RA1&to=94#prefn1=product_online_sales&prefv1=true&viewtype=grid-view-small&sz=144&to=94&start=1 133100
colorCheck len 2
 attval ST EMILION & CACAO INTENSO
 attval BLU MINERALE
color check 一致なし zaiko 0
modal one time skip
key: css val:button[data-select-id='size-1']
sizeSelect len 0
cartButton len 2
att nashi
zaiko 0 x3
-----------------------------
https://www.berluti.com/ja-jp/koto-sukurittoreza-jippu-kihoruda/KOTO_NEO-JOUR-V2.html?dwvar_KOTO__NEO-JOUR-V2_color=K02&to=95#prefn1=product_online_sales&prefv1=true&viewtype=grid-view-small&sz=144&to=95&start=1
OPEN
OPEN DONE
OK RETURN
URL PRICE https://www.berluti.com/ja-jp/koto-sukurittoreza-jippu-kihoruda/KOTO_NEO-JOUR-V2.html?dwvar_KOTO__NEO-JOUR-V2_color=K02&to=95#prefn1=product_online_sales&prefv1=true&viewtype=grid-view-small&sz=144&to=95&start=1 124300
colorCheck len 1
 attval NERO GRIGIO
color found
modal one time skip
key: css val:button[data-select-id='size-1']
sizeSelect len 0
cartButton len 2
att nashi
-----------------------------
https://www.berluti.com/ja-jp/itauba-sukuea-sukurittoreza-jippuu-oretto/ITAUBA_SQUARE_NEO-JOUR-V2.html?dwvar_ITAUBA__SQUARE__NEO-JOUR-V2_color=K02&to=96#prefn1=product_online_sales&prefv1=true&viewtype=grid-view-small&sz=144&to=96&start=1
OPEN
OPEN DONE
OK RETURN
URL PRICE https://www.berluti.com/ja-jp/itauba-sukuea-sukurittoreza-jippuu-oretto/ITAUBA_SQUARE_NEO-JOUR-V2.html?dwvar_ITAUBA__SQUARE__NEO-JOUR-V2_color=K02&to=96#prefn1=product_online_sales&prefv1=true&viewtype=grid-view-small&sz=144&to=96&start=1 156200
colorCheck len 1
 attval NERO GRIGIO
color found
modal one time skip
key: css val:button[data-select-id='size-1']
sizeSelect len 0
cartButton len 2
att nashi
-----------------------------
https://www.berluti.com/ja-jp/itauba-sukuea-sukurittoreza-jippuu-oretto/ITAUBA_SQUARE_NEO-JOUR-V2.html?dwvar_ITAUBA__SQUARE__NEO-JOUR-V2_color=R78&to=97#prefn1=product_online_sales&prefv1=true&viewtype=grid-view-small&sz=144&to=97&start=1
OPEN
OPEN DONE
OK RETURN
URL PRICE https://www.berluti.com/ja-jp/itauba-sukuea-sukurittoreza-jippuu-oretto/ITAUBA_SQUARE_NEO-JOUR-V2.html?dwvar_ITAUBA__SQUARE__NEO-JOUR-V2_color=R78&to=97#prefn1=product_online_sales&prefv1=true&viewtype=grid-view-small&sz=144&to=97&start=1 156200
colorCheck len 1
 attval NERO GRIGIO
color check 一致なし zaiko 0
modal one time skip
key: css val:button[data-select-id='size-1']
sizeSelect len 0
cartButton len 2
att nashi
zaiko 0 x3
-----------------------------
https://www.berluti.com/ja-jp/juru-sukurittoreza-manekurippu/MC004-V2.html?dwvar_MC004-V2_color=ML6&to=98#prefn1=product_online_sales&prefv1=true&viewtype=grid-view-small&sz=144&to=98&start=1
OPEN
OPEN DONE
OK RETURN
URL PRICE https://www.berluti.com/ja-jp/juru-sukurittoreza-manekurippu/MC004-V2.html?dwvar_MC004-V2_color=ML6&to=98#prefn1=product_online_sales&prefv1=true&viewtype=grid-view-small&sz=144&to=98&start=1 60500
colorCheck len 1
 attval CACAO INTENSO
color found
modal one time skip
key: css val:button[data-select-id='size-1']
sizeSelect len 0
cartButton len 0
zaiko 0 x1
cartButton2 len 0
zaiko 0 2x1
-----------------------------
https://www.berluti.com/ja-jp/sukurittoreza-iphone-16-prokesu/IPHONE_16_PRO_CASE-SCRITTO-V2.html?dwvar_IPHONE__16__PRO__CASE-SCRITTO-V2_color=KD4&to=99#prefn1=product_online_sales&prefv1=true&viewtype=grid-view-small&sz=144&to=99&start=1
OPEN
OPEN DONE
OK RETURN
URL PRICE https://www.berluti.com/ja-jp/sukurittoreza-iphone-16-prokesu/IPHONE_16_PRO_CASE-SCRITTO-V2.html?dwvar_IPHONE__16__PRO__CASE-SCRITTO-V2_color=KD4&to=99#prefn1=product_online_sales&prefv1=true&viewtype=grid-view-small&sz=144&to=99&start=1 NOTFOUND
colorCheck len 0
-----------------------------
https://www.berluti.com/ja-jp/sukurittoreza-iphone-16-proforio/IPHONE_16_PRO_FOLIO-SCRITTO-V2.html?dwvar_IPHONE__16__PRO__FOLIO-SCRITTO-V2_color=KD4&to=100#prefn1=product_online_sales&prefv1=true&viewtype=grid-view-small&sz=144&to=100&start=1
OPEN
OPEN DONE
OK RETURN
URL PRICE https://www.berluti.com/ja-jp/sukurittoreza-iphone-16-proforio/IPHONE_16_PRO_FOLIO-SCRITTO-V2.html?dwvar_IPHONE__16__PRO__FOLIO-SCRITTO-V2_color=KD4&to=100#prefn1=product_online_sales&prefv1=true&viewtype=grid-view-small&sz=144&to=100&start=1 NOTFOUND
colorCheck len 0
-----------------------------
https://www.berluti.com/ja-jp/sukurittoreza-iphone-16-pro-maxkesu/IPHONE_16_PRO_MAX_CASE-SCRITTO-V2.html?dwvar_IPHONE__16__PRO__MAX__CASE-SCRITTO-V2_color=KD4&to=101#prefn1=product_online_sales&prefv1=true&viewtype=grid-view-small&sz=144&to=101&start=1
OPEN
OPEN DONE
OK RETURN
URL PRICE https://www.berluti.com/ja-jp/sukurittoreza-iphone-16-pro-maxkesu/IPHONE_16_PRO_MAX_CASE-SCRITTO-V2.html?dwvar_IPHONE__16__PRO__MAX__CASE-SCRITTO-V2_color=KD4&to=101#prefn1=product_online_sales&prefv1=true&viewtype=grid-view-small&sz=144&to=101&start=1 NOTFOUND
colorCheck len 0
-----------------------------
https://www.berluti.com/ja-jp/sukurittoreza-iphone-16-pro-maxforio/IPHONE_16_PRO_MAX_FOLIO-SCRITTO-V2.html?dwvar_IPHONE__16__PRO__MAX__FOLIO-SCRITTO-V2_color=KD4&to=102#prefn1=product_online_sales&prefv1=true&viewtype=grid-view-small&sz=144&to=102&start=1
OPEN
OPEN DONE
OK RETURN
URL PRICE https://www.berluti.com/ja-jp/sukurittoreza-iphone-16-pro-maxforio/IPHONE_16_PRO_MAX_FOLIO-SCRITTO-V2.html?dwvar_IPHONE__16__PRO__MAX__FOLIO-SCRITTO-V2_color=KD4&to=102#prefn1=product_online_sales&prefv1=true&viewtype=grid-view-small&sz=144&to=102&start=1 NOTFOUND
colorCheck len 0
-----------------------------
https://www.berluti.com/ja-jp/sukurittoreza-magunetto-shikadohoruda/MAGNETIC_CARD_HOLDER-SCRITTO-V2.html?dwvar_MAGNETIC__CARD__HOLDER-SCRITTO-V2_color=KD4&to=103#prefn1=product_online_sales&prefv1=true&viewtype=grid-view-small&sz=144&to=103&start=1
OPEN
OPEN DONE
OK RETURN
URL PRICE https://www.berluti.com/ja-jp/sukurittoreza-magunetto-shikadohoruda/MAGNETIC_CARD_HOLDER-SCRITTO-V2.html?dwvar_MAGNETIC__CARD__HOLDER-SCRITTO-V2_color=KD4&to=103#prefn1=product_online_sales&prefv1=true&viewtype=grid-view-small&sz=144&to=103&start=1 60500
colorCheck len 2
 attval LIGHT ALUMINIO
color found
modal one time skip
key: css val:button[data-select-id='size-1']
sizeSelect len 0
cartButton len 2
att nashi
-----------------------------
https://www.berluti.com/ja-jp/sukurittoreza-iphone-15-proforio/IPHONE_15_PRO_FOLIO-SCRITTO-V2.html?dwvar_IPHONE__15__PRO__FOLIO-SCRITTO-V2_color=B07&to=104#prefn1=product_online_sales&prefv1=true&viewtype=grid-view-small&sz=144&to=104&start=1
OPEN
OPEN DONE
OK RETURN
URL PRICE https://www.berluti.com/ja-jp/sukurittoreza-iphone-15-proforio/IPHONE_15_PRO_FOLIO-SCRITTO-V2.html?dwvar_IPHONE__15__PRO__FOLIO-SCRITTO-V2_color=B07&to=104#prefn1=product_online_sales&prefv1=true&viewtype=grid-view-small&sz=144&to=104&start=1 NOTFOUND
colorCheck len 0
-----------------------------
https://www.berluti.com/ja-jp/sukurittoreza-iphone-15-proforio/IPHONE_15_PRO_FOLIO-SCRITTO-V2.html?dwvar_IPHONE__15__PRO__FOLIO-SCRITTO-V2_color=MH2&to=105#prefn1=product_online_sales&prefv1=true&viewtype=grid-view-small&sz=144&to=105&start=1
OPEN
OPEN DONE
OK RETURN
URL PRICE https://www.berluti.com/ja-jp/sukurittoreza-iphone-15-proforio/IPHONE_15_PRO_FOLIO-SCRITTO-V2.html?dwvar_IPHONE__15__PRO__FOLIO-SCRITTO-V2_color=MH2&to=105#prefn1=product_online_sales&prefv1=true&viewtype=grid-view-small&sz=144&to=105&start=1 NOTFOUND
colorCheck len 0
-----------------------------
https://www.berluti.com/ja-jp/sukurittoreza-iphone-15-pro-maxkesu/IPHONE_15_PRO_MAX_CASE-SCRITTO-V2.html?dwvar_IPHONE__15__PRO__MAX__CASE-SCRITTO-V2_color=B07&to=106#prefn1=product_online_sales&prefv1=true&viewtype=grid-view-small&sz=144&to=106&start=1
OPEN
OPEN DONE
OK RETURN
URL PRICE https://www.berluti.com/ja-jp/sukurittoreza-iphone-15-pro-maxkesu/IPHONE_15_PRO_MAX_CASE-SCRITTO-V2.html?dwvar_IPHONE__15__PRO__MAX__CASE-SCRITTO-V2_color=B07&to=106#prefn1=product_online_sales&prefv1=true&viewtype=grid-view-small&sz=144&to=106&start=1 NOTFOUND
colorCheck len 0
-----------------------------
https://www.berluti.com/ja-jp/sukurittoreza-iphone-15-pro-maxforio/IPHONE_15_PRO_MAX_FOLIO-SCRITTO-V2.html?dwvar_IPHONE__15__PRO__MAX__FOLIO-SCRITTO-V2_color=B07&to=107#prefn1=product_online_sales&prefv1=true&viewtype=grid-view-small&sz=144&to=107&start=1
OPEN
OPEN DONE
OK RETURN
URL PRICE https://www.berluti.com/ja-jp/sukurittoreza-iphone-15-pro-maxforio/IPHONE_15_PRO_MAX_FOLIO-SCRITTO-V2.html?dwvar_IPHONE__15__PRO__MAX__FOLIO-SCRITTO-V2_color=B07&to=107#prefn1=product_online_sales&prefv1=true&viewtype=grid-view-small&sz=144&to=107&start=1 NOTFOUND
colorCheck len 0
-----------------------------
https://www.berluti.com/ja-jp/sukurittoreza-3ben-yongu-otchikesu/WATCH_CASE_3_NEO-SCRITTO_SWIPE-V2.html?dwvar_WATCH__CASE__3__NEO-SCRITTO__SWIPE-V2_color=ML6&to=108#prefn1=product_online_sales&prefv1=true&viewtype=grid-view-small&sz=144&to=108&start=1
OPEN
OPEN DONE
OK RETURN
URL PRICE https://www.berluti.com/ja-jp/sukurittoreza-3ben-yongu-otchikesu/WATCH_CASE_3_NEO-SCRITTO_SWIPE-V2.html?dwvar_WATCH__CASE__3__NEO-SCRITTO__SWIPE-V2_color=ML6&to=108#prefn1=product_online_sales&prefv1=true&viewtype=grid-view-small&sz=144&to=108&start=1 290400
colorCheck len 2
 attval SANDSTORM
 attval BLU MINERALE
color check 一致なし zaiko 0
modal one time skip
key: css val:button[data-select-id='size-1']
sizeSelect len 0
cartButton len 0
zaiko 0 x1
cartButton2 len 0
zaiko 0 2x1
zaiko 0 x3
-----------------------------
https://www.berluti.com/ja-jp/sukurittoreza-3ben-yongu-otchikesu/WATCH_CASE_3_NEO-SCRITTO_SWIPE-V2.html?dwvar_WATCH__CASE__3__NEO-SCRITTO__SWIPE-V2_color=MQ4&to=109#prefn1=product_online_sales&prefv1=true&viewtype=grid-view-small&sz=144&to=109&start=1
OPEN
OPEN DONE
OK RETURN
URL PRICE https://www.berluti.com/ja-jp/sukurittoreza-3ben-yongu-otchikesu/WATCH_CASE_3_NEO-SCRITTO_SWIPE-V2.html?dwvar_WATCH__CASE__3__NEO-SCRITTO__SWIPE-V2_color=MQ4&to=109#prefn1=product_online_sales&prefv1=true&viewtype=grid-view-small&sz=144&to=109&start=1 290400
colorCheck len 2
 attval SANDSTORM
color found
modal one time skip
key: css val:button[data-select-id='size-1']
sizeSelect len 0
cartButton len 0
zaiko 0 x1
cartButton2 len 0
zaiko 0 2x1
-----------------------------
https://www.berluti.com/ja-jp/sukurittoreza-3ben-yongu-otchikesu/WATCH_CASE_3_NEO-SCRITTO_SWIPE-V2.html?dwvar_WATCH__CASE__3__NEO-SCRITTO__SWIPE-V2_color=B07&to=110#prefn1=product_online_sales&prefv1=true&viewtype=grid-view-small&sz=144&to=110&start=1
OPEN
OPEN DONE
OK RETURN
URL PRICE https://www.berluti.com/ja-jp/sukurittoreza-3ben-yongu-otchikesu/WATCH_CASE_3_NEO-SCRITTO_SWIPE-V2.html?dwvar_WATCH__CASE__3__NEO-SCRITTO__SWIPE-V2_color=B07&to=110#prefn1=product_online_sales&prefv1=true&viewtype=grid-view-small&sz=144&to=110&start=1 290400
colorCheck len 2
 attval SANDSTORM
 attval BLU MINERALE
color check 一致なし zaiko 0
modal one time skip
key: css val:button[data-select-id='size-1']
sizeSelect len 0
cartButton len 0
zaiko 0 x1
cartButton2 len 0
zaiko 0 2x1
zaiko 0 x3
-----------------------------
https://www.berluti.com/ja-jp/sukurittoreza-3ben-yongu-otchikesu/WATCH_CASE_3_NEO-SCRITTO_SWIPE-V2.html?dwvar_WATCH__CASE__3__NEO-SCRITTO__SWIPE-V2_color=G27&to=111#prefn1=product_online_sales&prefv1=true&viewtype=grid-view-small&sz=144&to=111&start=1
OPEN
OPEN DONE
OK RETURN
URL PRICE https://www.berluti.com/ja-jp/sukurittoreza-3ben-yongu-otchikesu/WATCH_CASE_3_NEO-SCRITTO_SWIPE-V2.html?dwvar_WATCH__CASE__3__NEO-SCRITTO__SWIPE-V2_color=G27&to=111#prefn1=product_online_sales&prefv1=true&viewtype=grid-view-small&sz=144&to=111&start=1 290400
colorCheck len 2
 attval SANDSTORM
 attval BLU MINERALE
color check 一致なし zaiko 0
modal one time skip
key: css val:button[data-select-id='size-1']
sizeSelect len 0
cartButton len 0
zaiko 0 x1
cartButton2 len 0
zaiko 0 2x1
zaiko 0 x3
-----------------------------
https://www.berluti.com/ja-jp/sukurittoreza-iphone-14-proforio/IPHONE_14_PRO_FOLIO-SCRITTO-V2.html?dwvar_IPHONE__14__PRO__FOLIO-SCRITTO-V2_color=B62&to=112#prefn1=product_online_sales&prefv1=true&viewtype=grid-view-small&sz=144&to=112&start=1
OPEN
OPEN DONE
OK RETURN
URL PRICE https://www.berluti.com/ja-jp/sukurittoreza-iphone-14-proforio/IPHONE_14_PRO_FOLIO-SCRITTO-V2.html?dwvar_IPHONE__14__PRO__FOLIO-SCRITTO-V2_color=B62&to=112#prefn1=product_online_sales&prefv1=true&viewtype=grid-view-small&sz=144&to=112&start=1 NOTFOUND
colorCheck len 0
-----------------------------
https://www.berluti.com/ja-jp/sukurittoreza-airpods-prokesu/AIRPODS_PRO_CASE-SCRITTO-V2.html?dwvar_AIRPODS__PRO__CASE-SCRITTO-V2_color=G27&to=113#prefn1=product_online_sales&prefv1=true&viewtype=grid-view-small&sz=144&to=113&start=1
OPEN
OPEN DONE
OK RETURN
URL PRICE https://www.berluti.com/ja-jp/sukurittoreza-airpods-prokesu/AIRPODS_PRO_CASE-SCRITTO-V2.html?dwvar_AIRPODS__PRO__CASE-SCRITTO-V2_color=G27&to=113#prefn1=product_online_sales&prefv1=true&viewtype=grid-view-small&sz=144&to=113&start=1 NOTFOUND
colorCheck len 0
-----------------------------
https://www.berluti.com/ja-jp/sukurittoreza-1ben-yongu-otchikesu/WATCH_CASE_1_NEO-SCRITTO-V2.html?dwvar_WATCH__CASE__1__NEO-SCRITTO-V2_color=ML6&to=114#prefn1=product_online_sales&prefv1=true&viewtype=grid-view-small&sz=144&to=114&start=1
OPEN
OPEN DONE
OK RETURN
URL PRICE https://www.berluti.com/ja-jp/sukurittoreza-1ben-yongu-otchikesu/WATCH_CASE_1_NEO-SCRITTO-V2.html?dwvar_WATCH__CASE__1__NEO-SCRITTO-V2_color=ML6&to=114#prefn1=product_online_sales&prefv1=true&viewtype=grid-view-small&sz=144&to=114&start=1 177100
colorCheck len 2
 attval NERO CAVIAR
 attval ARANCIO VERMIGLIO
color check 一致なし zaiko 0
modal one time skip
key: css val:button[data-select-id='size-1']
sizeSelect len 0
cartButton len 2
att nashi
zaiko 0 x3
-----------------------------
https://www.berluti.com/ja-jp/sukurittoreza-1ben-yongu-otchikesu/WATCH_CASE_1_NEO-SCRITTO-V2.html?dwvar_WATCH__CASE__1__NEO-SCRITTO-V2_color=G02&to=115#prefn1=product_online_sales&prefv1=true&viewtype=grid-view-small&sz=144&to=115&start=1
OPEN
OPEN DONE
OK RETURN
URL PRICE https://www.berluti.com/ja-jp/sukurittoreza-1ben-yongu-otchikesu/WATCH_CASE_1_NEO-SCRITTO-V2.html?dwvar_WATCH__CASE__1__NEO-SCRITTO-V2_color=G02&to=115#prefn1=product_online_sales&prefv1=true&viewtype=grid-view-small&sz=144&to=115&start=1 177100
colorCheck len 2
 attval NERO CAVIAR
color found
modal one time skip
key: css val:button[data-select-id='size-1']
sizeSelect len 0
cartButton len 2
att nashi
-----------------------------
https://www.berluti.com/ja-jp/sukurittoreza-1ben-yongu-otchikesu/WATCH_CASE_1_NEO-SCRITTO-V2.html?dwvar_WATCH__CASE__1__NEO-SCRITTO-V2_color=G11&to=116#prefn1=product_online_sales&prefv1=true&viewtype=grid-view-small&sz=144&to=116&start=1
OPEN
OPEN DONE
OK RETURN
URL PRICE https://www.berluti.com/ja-jp/sukurittoreza-1ben-yongu-otchikesu/WATCH_CASE_1_NEO-SCRITTO-V2.html?dwvar_WATCH__CASE__1__NEO-SCRITTO-V2_color=G11&to=116#prefn1=product_online_sales&prefv1=true&viewtype=grid-view-small&sz=144&to=116&start=1 177100
colorCheck len 2
 attval NERO CAVIAR
 attval ARANCIO VERMIGLIO
color check 一致なし zaiko 0
modal one time skip
key: css val:button[data-select-id='size-1']
sizeSelect len 0
cartButton len 2
att nashi
zaiko 0 x3
-----------------------------
https://www.berluti.com/ja-jp/sukurittoreza-iphone-14-pro-maxkesu/IPHONE_14_PRO_MAX_CASE-SCRITTO-V2.html?dwvar_IPHONE__14__PRO__MAX__CASE-SCRITTO-V2_color=B62&to=117#prefn1=product_online_sales&prefv1=true&viewtype=grid-view-small&sz=144&to=117&start=1
OPEN
OPEN DONE
OK RETURN
URL PRICE https://www.berluti.com/ja-jp/sukurittoreza-iphone-14-pro-maxkesu/IPHONE_14_PRO_MAX_CASE-SCRITTO-V2.html?dwvar_IPHONE__14__PRO__MAX__CASE-SCRITTO-V2_color=B62&to=117#prefn1=product_online_sales&prefv1=true&viewtype=grid-view-small&sz=144&to=117&start=1 NOTFOUND
colorCheck len 0
-----------------------------
https://www.berluti.com/ja-jp/sukurittoreza-iphone-15-prokesu/IPHONE_15_PRO_CASE-SCRITTO-V2.html?dwvar_IPHONE__15__PRO__CASE-SCRITTO-V2_color=MH2&to=118#prefn1=product_online_sales&prefv1=true&viewtype=grid-view-small&sz=144&to=118&start=1
OPEN
OPEN DONE
OK RETURN
URL PRICE https://www.berluti.com/ja-jp/sukurittoreza-iphone-15-prokesu/IPHONE_15_PRO_CASE-SCRITTO-V2.html?dwvar_IPHONE__15__PRO__CASE-SCRITTO-V2_color=MH2&to=118#prefn1=product_online_sales&prefv1=true&viewtype=grid-view-small&sz=144&to=118&start=1 NOTFOUND
colorCheck len 0
-----------------------------
https://www.berluti.com/ja-jp/sukurittoreza-iphone-15-prokesu/IPHONE_15_PRO_CASE-SCRITTO-V2.html?dwvar_IPHONE__15__PRO__CASE-SCRITTO-V2_color=B07&to=119#prefn1=product_online_sales&prefv1=true&viewtype=grid-view-small&sz=144&to=119&start=1
OPEN
OPEN DONE
OK RETURN
URL PRICE https://www.berluti.com/ja-jp/sukurittoreza-iphone-15-prokesu/IPHONE_15_PRO_CASE-SCRITTO-V2.html?dwvar_IPHONE__15__PRO__CASE-SCRITTO-V2_color=B07&to=119#prefn1=product_online_sales&prefv1=true&viewtype=grid-view-small&sz=144&to=119&start=1 NOTFOUND
colorCheck len 0
-----------------------------
https://www.berluti.com/ja-jp/sukurittoreza-iphone-14-pro-maxforio/IPHONE_14_PRO_MAX_FOLIO-SCRITTO-V2.html?dwvar_IPHONE__14__PRO__MAX__FOLIO-SCRITTO-V2_color=B62&to=120#prefn1=product_online_sales&prefv1=true&viewtype=grid-view-small&sz=144&to=120&start=1
OPEN
OPEN DONE
OK RETURN
URL PRICE https://www.berluti.com/ja-jp/sukurittoreza-iphone-14-pro-maxforio/IPHONE_14_PRO_MAX_FOLIO-SCRITTO-V2.html?dwvar_IPHONE__14__PRO__MAX__FOLIO-SCRITTO-V2_color=B62&to=120#prefn1=product_online_sales&prefv1=true&viewtype=grid-view-small&sz=144&to=120&start=1 NOTFOUND
colorCheck len 0
-----------------------------
https://www.berluti.com/ja-jp/sukuritto-reza-4-shiga-kesu/CIGAR_CASE_4_NEO-V2.html?dwvar_CIGAR__CASE__4__NEO-V2_color=G02&to=121#prefn1=product_online_sales&prefv1=true&viewtype=grid-view-small&sz=144&to=121&start=1
OPEN
OPEN DONE
OK RETURN
URL PRICE https://www.berluti.com/ja-jp/sukuritto-reza-4-shiga-kesu/CIGAR_CASE_4_NEO-V2.html?dwvar_CIGAR__CASE__4__NEO-V2_color=G02&to=121#prefn1=product_online_sales&prefv1=true&viewtype=grid-view-small&sz=144&to=121&start=1 259600
colorCheck len 2
 attval CACAO INTENSO
 attval BLU MINERALE
color check 一致なし zaiko 0
modal one time skip
key: css val:button[data-select-id='size-1']
sizeSelect len 1
選択： サイズ
optionEles len 1
attribute nashi
except ari2
SZEXP disabled size-selector-btn
except nashi
TTTTTT1 TU
TTTTTT2 TU
[TU]
concat size  True
-----------------------------
https://www.berluti.com/ja-jp/sukuritto-reza-4-shiga-kesu/CIGAR_CASE_4_NEO-V2.html?dwvar_CIGAR__CASE__4__NEO-V2_color=B07&to=122#prefn1=product_online_sales&prefv1=true&viewtype=grid-view-small&sz=144&to=122&start=1
OPEN
OPEN DONE
OK RETURN
URL PRICE https://www.berluti.com/ja-jp/sukuritto-reza-4-shiga-kesu/CIGAR_CASE_4_NEO-V2.html?dwvar_CIGAR__CASE__4__NEO-V2_color=B07&to=122#prefn1=product_online_sales&prefv1=true&viewtype=grid-view-small&sz=144&to=122&start=1 259600
colorCheck len 2
 attval CACAO INTENSO
 attval BLU MINERALE
color check 一致なし zaiko 0
modal one time skip
key: css val:button[data-select-id='size-1']
sizeSelect len 1
選択： サイズ
optionEles len 1
attribute nashi
except ari2
SZEXP disabled size-selector-btn
except nashi
TTTTTT1 TU
TTTTTT2 TU
[TU]
concat size  True
-----------------------------
https://www.berluti.com/ja-jp/sukuritto-reza-2-shiga-kesu/CIGAR_CASE_2_NEO-V2.html?dwvar_CIGAR__CASE__2__NEO-V2_color=MQ4&to=123#prefn1=product_online_sales&prefv1=true&viewtype=grid-view-small&sz=144&to=123&start=1
OPEN
OPEN DONE
OK RETURN
URL PRICE https://www.berluti.com/ja-jp/sukuritto-reza-2-shiga-kesu/CIGAR_CASE_2_NEO-V2.html?dwvar_CIGAR__CASE__2__NEO-V2_color=MQ4&to=123#prefn1=product_online_sales&prefv1=true&viewtype=grid-view-small&sz=144&to=123&start=1 190300
colorCheck len 3
 attval CACAO INTENSO
 attval SANDSTORM
color found
modal one time skip
key: css val:button[data-select-id='size-1']
sizeSelect len 0
cartButton len 2
att nashi
-----------------------------
https://www.berluti.com/ja-jp/sukuritto-reza-2-shiga-kesu/CIGAR_CASE_2_NEO-V2.html?dwvar_CIGAR__CASE__2__NEO-V2_color=ML6&to=124#prefn1=product_online_sales&prefv1=true&viewtype=grid-view-small&sz=144&to=124&start=1
OPEN
OPEN DONE
OK RETURN
URL PRICE https://www.berluti.com/ja-jp/sukuritto-reza-2-shiga-kesu/CIGAR_CASE_2_NEO-V2.html?dwvar_CIGAR__CASE__2__NEO-V2_color=ML6&to=124#prefn1=product_online_sales&prefv1=true&viewtype=grid-view-small&sz=144&to=124&start=1 190300
colorCheck len 3
 attval CACAO INTENSO
color found
modal one time skip
key: css val:button[data-select-id='size-1']
sizeSelect len 0
cartButton len 2
att nashi
-----------------------------
https://www.berluti.com/ja-jp/sukuritto-reza-2-shiga-kesu/CIGAR_CASE_2_NEO-V2.html?dwvar_CIGAR__CASE__2__NEO-V2_color=G11&to=125#prefn1=product_online_sales&prefv1=true&viewtype=grid-view-small&sz=144&to=125&start=1
OPEN
OPEN DONE
OK RETURN
URL PRICE https://www.berluti.com/ja-jp/sukuritto-reza-2-shiga-kesu/CIGAR_CASE_2_NEO-V2.html?dwvar_CIGAR__CASE__2__NEO-V2_color=G11&to=125#prefn1=product_online_sales&prefv1=true&viewtype=grid-view-small&sz=144&to=125&start=1 190300
colorCheck len 3
 attval CACAO INTENSO
 attval SANDSTORM
 attval ARANCIO VERMIGLIO
color check 一致なし zaiko 0
modal one time skip
key: css val:button[data-select-id='size-1']
sizeSelect len 1
選択： サイズ
optionEles len 1
attribute nashi
except ari2
SZEXP disabled size-selector-btn
except nashi
TTTTTT1 TU
TTTTTT2 TU
[TU]
concat size  True
-----------------------------
https://www.berluti.com/ja-jp/vu-enechia-appuru-u-otchi-buresuretto/APPLE_WATCH_BRACELET-VENEZIA-V2.html?dwvar_APPLE__WATCH__BRACELET-VENEZIA-V2_color=MH2&to=126#prefn1=product_online_sales&prefv1=true&viewtype=grid-view-small&sz=144&to=126&start=1
OPEN
OPEN DONE
OK RETURN
URL PRICE https://www.berluti.com/ja-jp/vu-enechia-appuru-u-otchi-buresuretto/APPLE_WATCH_BRACELET-VENEZIA-V2.html?dwvar_APPLE__WATCH__BRACELET-VENEZIA-V2_color=MH2&to=126#prefn1=product_online_sales&prefv1=true&viewtype=grid-view-small&sz=144&to=126&start=1 NOTFOUND
colorCheck len 0
-----------------------------
https://www.berluti.com/ja-jp/moningu-sukurittoreza-toiretaripochi/MORNING-JOUR_TANGRAM-V87.html?dwvar_MORNING-JOUR__TANGRAM-V87_color=G89&to=127#prefn1=product_online_sales&prefv1=true&viewtype=grid-view-small&sz=144&to=127&start=1
OPEN
OPEN DONE
OK RETURN
URL PRICE https://www.berluti.com/ja-jp/moningu-sukurittoreza-toiretaripochi/MORNING-JOUR_TANGRAM-V87.html?dwvar_MORNING-JOUR__TANGRAM-V87_color=G89&to=127#prefn1=product_online_sales&prefv1=true&viewtype=grid-view-small&sz=144&to=127&start=1 312400
colorCheck len 1
 attval NERO CAVIAR & SAVANA
color check 一致なし zaiko 0
modal one time skip
key: css val:button[data-select-id='size-1']
sizeSelect len 0
cartButton len 2
att nashi
zaiko 0 x3
-----------------------------
https://www.berluti.com/ja-jp/vu-enechia-appuru-u-otchi-buresuretto/APPLE_WATCH_BRACELET-VENEZIA-V2.html?dwvar_APPLE__WATCH__BRACELET-VENEZIA-V2_color=M10&to=128#prefn1=product_online_sales&prefv1=true&viewtype=grid-view-small&sz=144&to=128&start=1
OPEN
OPEN DONE
OK RETURN
URL PRICE https://www.berluti.com/ja-jp/vu-enechia-appuru-u-otchi-buresuretto/APPLE_WATCH_BRACELET-VENEZIA-V2.html?dwvar_APPLE__WATCH__BRACELET-VENEZIA-V2_color=M10&to=128#prefn1=product_online_sales&prefv1=true&viewtype=grid-view-small&sz=144&to=128&start=1 NOTFOUND
colorCheck len 0
-----------------------------
https://www.berluti.com/ja-jp/vu-enechia-appuru-u-otchi-buresuretto/APPLE_WATCH_BRACELET-VENEZIA-V2.html?dwvar_APPLE__WATCH__BRACELET-VENEZIA-V2_color=B07&to=129#prefn1=product_online_sales&prefv1=true&viewtype=grid-view-small&sz=144&to=129&start=1
OPEN
OPEN DONE
OK RETURN
URL PRICE https://www.berluti.com/ja-jp/vu-enechia-appuru-u-otchi-buresuretto/APPLE_WATCH_BRACELET-VENEZIA-V2.html?dwvar_APPLE__WATCH__BRACELET-VENEZIA-V2_color=B07&to=129#prefn1=product_online_sales&prefv1=true&viewtype=grid-view-small&sz=144&to=129&start=1 NOTFOUND
colorCheck len 0
-----------------------------
https://www.berluti.com/ja-jp/terushio-sukurittoreza-pochi/TERSIO_NEO_BE_RR-BE_RAPIECE_REPRISE-V2.html?dwvar_TERSIO__NEO__BE__RR-BE__RAPIECE__REPRISE-V2_color=K08&to=130#prefn1=product_online_sales&prefv1=true&viewtype=grid-view-small&sz=144&to=130&start=1
OPEN
OPEN DONE
OK RETURN
URL PRICE https://www.berluti.com/ja-jp/terushio-sukurittoreza-pochi/TERSIO_NEO_BE_RR-BE_RAPIECE_REPRISE-V2.html?dwvar_TERSIO__NEO__BE__RR-BE__RAPIECE__REPRISE-V2_color=K08&to=130#prefn1=product_online_sales&prefv1=true&viewtype=grid-view-small&sz=144&to=130&start=1 NOTFOUND
colorCheck len 0
-----------------------------
https://www.berluti.com/ja-jp/terushio-sukurittoreza-pochi/TERSIO_NEO-JOUR_SOFTY-V82.html?dwvar_TERSIO__NEO-JOUR__SOFTY-V82_color=B02&to=131#prefn1=product_online_sales&prefv1=true&viewtype=grid-view-small&sz=144&to=131&start=1
OPEN
OPEN DONE
OK RETURN
URL PRICE https://www.berluti.com/ja-jp/terushio-sukurittoreza-pochi/TERSIO_NEO-JOUR_SOFTY-V82.html?dwvar_TERSIO__NEO-JOUR__SOFTY-V82_color=B02&to=131#prefn1=product_online_sales&prefv1=true&viewtype=grid-view-small&sz=144&to=131&start=1 324500
colorCheck len 1
 attval INDIGO DENIM
color found
modal one time skip
key: css val:button[data-select-id='size-1']
sizeSelect len 0
cartButton len 2
att nashi
-----------------------------
https://www.berluti.com/ja-jp/terushio-reza-arigetareza-pochi/TERSIO_NEO_BE_RR-BE_RAPIECE_REPRISE-VC.html?dwvar_TERSIO__NEO__BE__RR-BE__RAPIECE__REPRISE-VC_color=MH2&to=132#prefn1=product_online_sales&prefv1=true&viewtype=grid-view-small&sz=144&to=132&start=1
OPEN
OPEN DONE
OK RETURN
URL PRICE https://www.berluti.com/ja-jp/terushio-reza-arigetareza-pochi/TERSIO_NEO_BE_RR-BE_RAPIECE_REPRISE-VC.html?dwvar_TERSIO__NEO__BE__RR-BE__RAPIECE__REPRISE-VC_color=MH2&to=132#prefn1=product_online_sales&prefv1=true&viewtype=grid-view-small&sz=144&to=132&start=1 1226500
colorCheck len 1
 attval ICE GOLD
color found
modal one time skip
key: css val:button[data-select-id='size-1']
sizeSelect len 0
cartButton len 2
att nashi
-----------------------------
https://www.berluti.com/ja-jp/notobukkurefirua-5/REFILL_NOTEBOOK_A5_II.html?dwvar_REFILL__NOTEBOOK__A5__II_color=K01&to=133#prefn1=product_online_sales&prefv1=true&viewtype=grid-view-small&sz=144&to=133&start=1
OPEN
OPEN DONE
OK RETURN
URL PRICE https://www.berluti.com/ja-jp/notobukkurefirua-5/REFILL_NOTEBOOK_A5_II.html?dwvar_REFILL__NOTEBOOK__A5__II_color=K01&to=133#prefn1=product_online_sales&prefv1=true&viewtype=grid-view-small&sz=144&to=133&start=1 NOTFOUND
colorCheck len 0
-----------------------------
https://www.berluti.com/ja-jp/ete-yui-do-u-vu-oyaju-towaru-marubufu-toraberupochi/ETUI_DE_VOYAGE-TOILE_MARBEUF-T19.html?dwvar_ETUI__DE__VOYAGE-TOILE__MARBEUF-T19_color=MO5&to=134#prefn1=product_online_sales&prefv1=true&viewtype=grid-view-small&sz=144&to=134&start=1
OPEN
OPEN DONE
OK RETURN
URL PRICE https://www.berluti.com/ja-jp/ete-yui-do-u-vu-oyaju-towaru-marubufu-toraberupochi/ETUI_DE_VOYAGE-TOILE_MARBEUF-T19.html?dwvar_ETUI__DE__VOYAGE-TOILE__MARBEUF-T19_color=MO5&to=134#prefn1=product_online_sales&prefv1=true&viewtype=grid-view-small&sz=144&to=134&start=1 NOTFOUND
colorCheck len 0
-----------------------------
https://www.berluti.com/ja-jp/vu-enechia-appuru-u-otchi-buresuretto/APPLE_WATCH_BRACELET-VENEZIA-V2.html?dwvar_APPLE__WATCH__BRACELET-VENEZIA-V2_color=G27&to=135#prefn1=product_online_sales&prefv1=true&viewtype=grid-view-small&sz=144&to=135&start=1
OPEN
OPEN DONE
OK RETURN
URL PRICE https://www.berluti.com/ja-jp/vu-enechia-appuru-u-otchi-buresuretto/APPLE_WATCH_BRACELET-VENEZIA-V2.html?dwvar_APPLE__WATCH__BRACELET-VENEZIA-V2_color=G27&to=135#prefn1=product_online_sales&prefv1=true&viewtype=grid-view-small&sz=144&to=135&start=1 NOTFOUND
colorCheck len 0
-----------------------------
https://www.berluti.com/ja-jp/itauba-guradianto-sukurittoreza-rongu-jippuu-oretto/ITAUBA_NEO2_GRADIANT-JOUR-V2.html?dwvar_ITAUBA__NEO2__GRADIANT-JOUR-V2_color=Y23&to=1#viewtype=grid-view-small&sz=204&to=1&start=1
OPEN
OPEN DONE
OK RETURN
URL PRICE https://www.berluti.com/ja-jp/itauba-guradianto-sukurittoreza-rongu-jippuu-oretto/ITAUBA_NEO2_GRADIANT-JOUR-V2.html?dwvar_ITAUBA__NEO2__GRADIANT-JOUR-V2_color=Y23&to=1#viewtype=grid-view-small&sz=204&to=1&start=1 224400
colorCheck len 1
 attval MIRAGGIO
color found
modal one time skip
key: css val:button[data-select-id='size-1']
sizeSelect len 0
cartButton len 2
att nashi
-----------------------------
https://www.berluti.com/ja-jp/itauba-sukurittosuwaipureza-rongujippuu-oretto/ITAUBA_NEO_GRADIANT-JOUR-V2.html?dwvar_ITAUBA__NEO__GRADIANT-JOUR-V2_color=RA1&to=2#viewtype=grid-view-small&sz=204&to=2&start=1
OPEN
OPEN DONE
OK RETURN
URL PRICE https://www.berluti.com/ja-jp/itauba-sukurittosuwaipureza-rongujippuu-oretto/ITAUBA_NEO_GRADIANT-JOUR-V2.html?dwvar_ITAUBA__NEO__GRADIANT-JOUR-V2_color=RA1&to=2#viewtype=grid-view-small&sz=204&to=2&start=1 NOTFOUND
colorCheck len 0
-----------------------------
https://www.berluti.com/ja-jp/itauba-sukurittoreza-rongu-jippuu-oretto/ITAUBA_NEO2-JOUR_SOFTY-V82.html?dwvar_ITAUBA__NEO2-JOUR__SOFTY-V82_color=B02&to=3#viewtype=grid-view-small&sz=204&to=3&start=1
OPEN
OPEN DONE
OK RETURN
URL PRICE https://www.berluti.com/ja-jp/itauba-sukurittoreza-rongu-jippuu-oretto/ITAUBA_NEO2-JOUR_SOFTY-V82.html?dwvar_ITAUBA__NEO2-JOUR__SOFTY-V82_color=B02&to=3#viewtype=grid-view-small&sz=204&to=3&start=1 195800
colorCheck len 1
 attval INDIGO DENIM
color found
modal one time skip
key: css val:button[data-select-id='size-1']
sizeSelect len 0
cartButton len 2
att nashi
-----------------------------
https://www.berluti.com/ja-jp/koa-makishi-sukurittoreza-rongu-jippu-kadohoruda/KOA_MAXI_NEO-JOUR-V2.html?dwvar_KOA__MAXI__NEO-JOUR-V2_color=K02&to=4#viewtype=grid-view-small&sz=204&to=4&start=1
OPEN
OPEN DONE
OK RETURN
URL PRICE https://www.berluti.com/ja-jp/koa-makishi-sukurittoreza-rongu-jippu-kadohoruda/KOA_MAXI_NEO-JOUR-V2.html?dwvar_KOA__MAXI__NEO-JOUR-V2_color=K02&to=4#viewtype=grid-view-small&sz=204&to=4&start=1 NOTFOUND
colorCheck len 0
-----------------------------
https://www.berluti.com/ja-jp/koa-makishi-sukurittoreza-rongu-jippu-kadohoruda/KOA_MAXI_NEO-JOUR-V2.html?dwvar_KOA__MAXI__NEO-JOUR-V2_color=ML6&to=5#viewtype=grid-view-small&sz=204&to=5&start=1
OPEN
OPEN DONE
OK RETURN
URL PRICE https://www.berluti.com/ja-jp/koa-makishi-sukurittoreza-rongu-jippu-kadohoruda/KOA_MAXI_NEO-JOUR-V2.html?dwvar_KOA__MAXI__NEO-JOUR-V2_color=ML6&to=5#viewtype=grid-view-small&sz=204&to=5&start=1 NOTFOUND
colorCheck len 0
-----------------------------
https://www.berluti.com/ja-jp/makore-sukurittosuwaipureza-u-oretto/MAKORE_NEO_GRADIANT-JOUR-V2.html?dwvar_MAKORE__NEO__GRADIANT-JOUR-V2_color=B07&to=6#viewtype=grid-view-small&sz=204&to=6&start=1
OPEN
OPEN DONE
OK RETURN
URL PRICE https://www.berluti.com/ja-jp/makore-sukurittosuwaipureza-u-oretto/MAKORE_NEO_GRADIANT-JOUR-V2.html?dwvar_MAKORE__NEO__GRADIANT-JOUR-V2_color=B07&to=6#viewtype=grid-view-small&sz=204&to=6&start=1 145200
colorCheck len 1
 attval LIGHT SAINT EMILION
color check 一致なし zaiko 0
modal one time skip
key: css val:button[data-select-id='size-1']
sizeSelect len 0
cartButton len 2
att nashi
zaiko 0 x3
-----------------------------
https://www.berluti.com/ja-jp/makore-sukurittosuwaipureza-u-oretto/MAKORE_NEO_GRADIANT-JOUR-V2.html?dwvar_MAKORE__NEO__GRADIANT-JOUR-V2_color=R78&to=7#viewtype=grid-view-small&sz=204&to=7&start=1
OPEN
OPEN DONE
OK RETURN
URL PRICE https://www.berluti.com/ja-jp/makore-sukurittosuwaipureza-u-oretto/MAKORE_NEO_GRADIANT-JOUR-V2.html?dwvar_MAKORE__NEO__GRADIANT-JOUR-V2_color=R78&to=7#viewtype=grid-view-small&sz=204&to=7&start=1 145200
colorCheck len 1
 attval LIGHT SAINT EMILION
color found
modal one time skip
key: css val:button[data-select-id='size-1']
sizeSelect len 0
cartButton len 2
att nashi
-----------------------------
https://www.berluti.com/ja-jp/koa-makishi-sukurittoreza-rongu-jippu-kadohoruda/KOA_MAXI_NEO2-JOUR-V2.html?dwvar_KOA__MAXI__NEO2-JOUR-V2_color=Y23&to=8#viewtype=grid-view-small&sz=204&to=8&start=1
OPEN
OPEN DONE
OK RETURN
URL PRICE https://www.berluti.com/ja-jp/koa-makishi-sukurittoreza-rongu-jippu-kadohoruda/KOA_MAXI_NEO2-JOUR-V2.html?dwvar_KOA__MAXI__NEO2-JOUR-V2_color=Y23&to=8#viewtype=grid-view-small&sz=204&to=8&start=1 105600
colorCheck len 3
 attval SELVA OSCURA
 attval MIRAGGIO
color found
modal one time skip
key: css val:button[data-select-id='size-1']
sizeSelect len 0
cartButton len 2
att nashi
-----------------------------
https://www.berluti.com/ja-jp/itauba-sukurittoreza-rongu-jippuu-oretto/ITAUBA_NEO2-JOUR-V2.html?dwvar_ITAUBA__NEO2-JOUR-V2_color=K02&to=9#viewtype=grid-view-small&sz=204&to=9&start=1
OPEN
OPEN DONE
OK RETURN
URL PRICE https://www.berluti.com/ja-jp/itauba-sukurittoreza-rongu-jippuu-oretto/ITAUBA_NEO2-JOUR-V2.html?dwvar_ITAUBA__NEO2-JOUR-V2_color=K02&to=9#viewtype=grid-view-small&sz=204&to=9&start=1 203500
colorCheck len 3
 attval ECLISSI
 attval CACAO INTENSO
 attval NERO GRIGIO
color found
modal one time skip
key: css val:button[data-select-id='size-1']
sizeSelect len 0
cartButton len 0
zaiko 0 x1
cartButton2 len 0
zaiko 0 2x1
-----------------------------
https://www.berluti.com/ja-jp/itauba-sukurittoreza-rongu-jippuu-oretto/ITAUBA_NEO2-JOUR-V2.html?dwvar_ITAUBA__NEO2-JOUR-V2_color=ML6&to=10#viewtype=grid-view-small&sz=204&to=10&start=1
OPEN
OPEN DONE
OK RETURN
URL PRICE https://www.berluti.com/ja-jp/itauba-sukurittoreza-rongu-jippuu-oretto/ITAUBA_NEO2-JOUR-V2.html?dwvar_ITAUBA__NEO2-JOUR-V2_color=ML6&to=10#viewtype=grid-view-small&sz=204&to=10&start=1 203500
colorCheck len 3
 attval ECLISSI
 attval CACAO INTENSO
color found
modal one time skip
key: css val:button[data-select-id='size-1']
sizeSelect len 0
cartButton len 0
zaiko 0 x1
cartButton2 len 0
zaiko 0 2x1
-----------------------------
https://www.berluti.com/ja-jp/koa-makishi-sukurittoreza-rongu-jippu-kadohoruda/KOA_MAXI_NEO2-JOUR_SOFTY-V82.html?dwvar_KOA__MAXI__NEO2-JOUR__SOFTY-V82_color=B02&to=11#viewtype=grid-view-small&sz=204&to=11&start=1
OPEN
OPEN DONE
OK RETURN
URL PRICE https://www.berluti.com/ja-jp/koa-makishi-sukurittoreza-rongu-jippu-kadohoruda/KOA_MAXI_NEO2-JOUR_SOFTY-V82.html?dwvar_KOA__MAXI__NEO2-JOUR__SOFTY-V82_color=B02&to=11#viewtype=grid-view-small&sz=204&to=11&start=1 105600
colorCheck len 1
 attval INDIGO DENIM
color found
modal one time skip
key: css val:button[data-select-id='size-1']
sizeSelect len 0
cartButton len 2
att nashi
-----------------------------
https://www.berluti.com/ja-jp/rozuuddo-sukurittoreza-pochi/ROSEWOOD_NEO-JOUR-V2.html?dwvar_ROSEWOOD__NEO-JOUR-V2_color=BJ3&to=12#viewtype=grid-view-small&sz=204&to=12&start=1
OPEN
OPEN DONE
OK RETURN
URL PRICE https://www.berluti.com/ja-jp/rozuuddo-sukurittoreza-pochi/ROSEWOOD_NEO-JOUR-V2.html?dwvar_ROSEWOOD__NEO-JOUR-V2_color=BJ3&to=12#viewtype=grid-view-small&sz=204&to=12&start=1 238700
colorCheck len 2
 attval FIAMMA
 attval CACAO INTENSO
color check 一致なし zaiko 0
modal one time skip
key: css val:button[data-select-id='size-1']
sizeSelect len 0
cartButton len 2
att nashi
zaiko 0 x3
-----------------------------
https://www.berluti.com/ja-jp/rozuuddo-sukurittoreza-pochi/ROSEWOOD_NEO-JOUR-V2.html?dwvar_ROSEWOOD__NEO-JOUR-V2_color=ML6&to=13#viewtype=grid-view-small&sz=204&to=13&start=1
OPEN
OPEN DONE
OK RETURN
URL PRICE https://www.berluti.com/ja-jp/rozuuddo-sukurittoreza-pochi/ROSEWOOD_NEO-JOUR-V2.html?dwvar_ROSEWOOD__NEO-JOUR-V2_color=ML6&to=13#viewtype=grid-view-small&sz=204&to=13&start=1 238700
colorCheck len 2
 attval FIAMMA
 attval CACAO INTENSO
color found
modal one time skip
key: css val:button[data-select-id='size-1']
sizeSelect len 0
cartButton len 2
att nashi
-----------------------------
https://www.berluti.com/ja-jp/makore-surimu-guradianto-sukurittoreza-konpakutou-oretto/MAKORE_SLIM_NEO_GRADIANT-JOUR-V2.html?dwvar_MAKORE__SLIM__NEO__GRADIANT-JOUR-V2_color=BJ3&to=14#viewtype=grid-view-small&sz=204&to=14&start=1
OPEN
OPEN DONE
OK RETURN
URL PRICE https://www.berluti.com/ja-jp/makore-surimu-guradianto-sukurittoreza-konpakutou-oretto/MAKORE_SLIM_NEO_GRADIANT-JOUR-V2.html?dwvar_MAKORE__SLIM__NEO__GRADIANT-JOUR-V2_color=BJ3&to=14#viewtype=grid-view-small&sz=204&to=14&start=1 133100
colorCheck len 2
 attval ST EMILION & CACAO INTENSO
 attval BLU MINERALE
color found
modal one time skip
key: css val:button[data-select-id='size-1']
sizeSelect len 0
cartButton len 0
zaiko 0 x1
cartButton2 len 0
zaiko 0 2x1
-----------------------------
https://www.berluti.com/ja-jp/makore-surimu-guradianto-sukurittoreza-konpakutou-oretto/MAKORE_SLIM_NEO_GRADIANT-JOUR-V2.html?dwvar_MAKORE__SLIM__NEO__GRADIANT-JOUR-V2_color=RA1&to=15#viewtype=grid-view-small&sz=204&to=15&start=1
OPEN
OPEN DONE
OK RETURN
URL PRICE https://www.berluti.com/ja-jp/makore-surimu-guradianto-sukurittoreza-konpakutou-oretto/MAKORE_SLIM_NEO_GRADIANT-JOUR-V2.html?dwvar_MAKORE__SLIM__NEO__GRADIANT-JOUR-V2_color=RA1&to=15#viewtype=grid-view-small&sz=204&to=15&start=1 133100
colorCheck len 2
 attval ST EMILION & CACAO INTENSO
 attval BLU MINERALE
color check 一致なし zaiko 0
modal one time skip
key: css val:button[data-select-id='size-1']
sizeSelect len 0
cartButton len 0
zaiko 0 x1
cartButton2 len 0
zaiko 0 2x1
zaiko 0 x3
-----------------------------
https://www.berluti.com/ja-jp/badi-reza-ronguu-oretto/BADI_LUTI-JOUR-V1.html?dwvar_BADI__LUTI-JOUR-V1_color=MR5&to=16#viewtype=grid-view-small&sz=204&to=16&start=1
OPEN
OPEN DONE
OK RETURN
URL PRICE https://www.berluti.com/ja-jp/badi-reza-ronguu-oretto/BADI_LUTI-JOUR-V1.html?dwvar_BADI__LUTI-JOUR-V1_color=MR5&to=16#viewtype=grid-view-small&sz=204&to=16&start=1 276100
colorCheck len 1
 attval LEGNO BRUCIATO
color found
modal one time skip
key: css val:button[data-select-id='size-1']
sizeSelect len 0
cartButton len 2
att nashi
-----------------------------
https://www.berluti.com/ja-jp/badi-reza-ronguu-oretto/BADI_LUTI-JOUR-V1.html?dwvar_BADI__LUTI-JOUR-V1_color=KD1&to=17#viewtype=grid-view-small&sz=204&to=17&start=1
OPEN
OPEN DONE
OK RETURN
URL PRICE https://www.berluti.com/ja-jp/badi-reza-ronguu-oretto/BADI_LUTI-JOUR-V1.html?dwvar_BADI__LUTI-JOUR-V1_color=KD1&to=17#viewtype=grid-view-small&sz=204&to=17&start=1 276100
colorCheck len 1
 attval LEGNO BRUCIATO
color check 一致なし zaiko 0
modal one time skip
key: css val:button[data-select-id='size-1']
sizeSelect len 0
cartButton len 2
att nashi
zaiko 0 x3
-----------------------------
https://www.berluti.com/ja-jp/makore-reza-konpakutou-oretto/MAKORE_NEO_LUTI-JOUR-V1.html?dwvar_MAKORE__NEO__LUTI-JOUR-V1_color=MR5&to=18#viewtype=grid-view-small&sz=204&to=18&start=1
OPEN
OPEN DONE
OK RETURN
URL PRICE https://www.berluti.com/ja-jp/makore-reza-konpakutou-oretto/MAKORE_NEO_LUTI-JOUR-V1.html?dwvar_MAKORE__NEO__LUTI-JOUR-V1_color=MR5&to=18#viewtype=grid-view-small&sz=204&to=18&start=1 202400
colorCheck len 2
 attval NERO LEGNO
 attval LEGNO BRUCIATO
color found
modal one time skip
key: css val:button[data-select-id='size-1']
sizeSelect len 0
cartButton len 2
att nashi
-----------------------------
https://www.berluti.com/ja-jp/makore-reza-konpakutou-oretto/MAKORE_NEO_LUTI-JOUR-V1.html?dwvar_MAKORE__NEO__LUTI-JOUR-V1_color=KD1&to=19#viewtype=grid-view-small&sz=204&to=19&start=1
OPEN
OPEN DONE
OK RETURN
URL PRICE https://www.berluti.com/ja-jp/makore-reza-konpakutou-oretto/MAKORE_NEO_LUTI-JOUR-V1.html?dwvar_MAKORE__NEO__LUTI-JOUR-V1_color=KD1&to=19#viewtype=grid-view-small&sz=204&to=19&start=1 202400
colorCheck len 2
 attval NERO LEGNO
color found
modal one time skip
key: css val:button[data-select-id='size-1']
sizeSelect len 0
cartButton len 2
att nashi
-----------------------------
https://www.berluti.com/ja-jp/jagua-reza-kadohoruda/JAGUA_NEO_LUTI-JOUR-V1.html?dwvar_JAGUA__NEO__LUTI-JOUR-V1_color=KD1&to=20#viewtype=grid-view-small&sz=204&to=20&start=1
OPEN
OPEN DONE
OK RETURN
URL PRICE https://www.berluti.com/ja-jp/jagua-reza-kadohoruda/JAGUA_NEO_LUTI-JOUR-V1.html?dwvar_JAGUA__NEO__LUTI-JOUR-V1_color=KD1&to=20#viewtype=grid-view-small&sz=204&to=20&start=1 NOTFOUND
colorCheck len 0
-----------------------------
https://www.berluti.com/ja-jp/jagua-reza-kadohoruda/JAGUA_NEO_LUTI-JOUR-V1.html?dwvar_JAGUA__NEO__LUTI-JOUR-V1_color=MR5&to=21#viewtype=grid-view-small&sz=204&to=21&start=1
OPEN
OPEN DONE
OK RETURN
URL PRICE https://www.berluti.com/ja-jp/jagua-reza-kadohoruda/JAGUA_NEO_LUTI-JOUR-V1.html?dwvar_JAGUA__NEO__LUTI-JOUR-V1_color=MR5&to=21#viewtype=grid-view-small&sz=204&to=21&start=1 NOTFOUND
colorCheck len 0
-----------------------------
https://www.berluti.com/ja-jp/makore-sukurittoreza-konpakutou-oretto/MAKORE_NEO-JOUR_SOFTY-V82.html?dwvar_MAKORE__NEO-JOUR__SOFTY-V82_color=B02&to=22#viewtype=grid-view-small&sz=204&to=22&start=1
OPEN
OPEN DONE
OK RETURN
URL PRICE https://www.berluti.com/ja-jp/makore-sukurittoreza-konpakutou-oretto/MAKORE_NEO-JOUR_SOFTY-V82.html?dwvar_MAKORE__NEO-JOUR__SOFTY-V82_color=B02&to=22#viewtype=grid-view-small&sz=204&to=22&start=1 127600
colorCheck len 1
 attval INDIGO DENIM
color found
modal one time skip
key: css val:button[data-select-id='size-1']
sizeSelect len 0
cartButton len 2
att nashi
-----------------------------
https://www.berluti.com/ja-jp/inbuia-sukurittoreza-kadohoruda/IMBUIA_NEO-JOUR_SOFTY-V82.html?dwvar_IMBUIA__NEO-JOUR__SOFTY-V82_color=B02&to=23#viewtype=grid-view-small&sz=204&to=23&start=1
OPEN
OPEN DONE
OK RETURN
URL PRICE https://www.berluti.com/ja-jp/inbuia-sukurittoreza-kadohoruda/IMBUIA_NEO-JOUR_SOFTY-V82.html?dwvar_IMBUIA__NEO-JOUR__SOFTY-V82_color=B02&to=23#viewtype=grid-view-small&sz=204&to=23&start=1 99000
colorCheck len 1
 attval INDIGO DENIM
color found
modal one time skip
key: css val:button[data-select-id='size-1']
sizeSelect len 0
cartButton len 0
zaiko 0 x1
cartButton2 len 0
zaiko 0 2x1
-----------------------------
https://www.berluti.com/ja-jp/akaju-sukurittoreza-konpakutou-oretto/ACAJOU_NEO-JOUR_SOFTY-V82.html?dwvar_ACAJOU__NEO-JOUR__SOFTY-V82_color=B02&to=24#viewtype=grid-view-small&sz=204&to=24&start=1
OPEN
OPEN DONE
OK RETURN
URL PRICE https://www.berluti.com/ja-jp/akaju-sukurittoreza-konpakutou-oretto/ACAJOU_NEO-JOUR_SOFTY-V82.html?dwvar_ACAJOU__NEO-JOUR__SOFTY-V82_color=B02&to=24#viewtype=grid-view-small&sz=204&to=24&start=1 136400
colorCheck len 1
 attval INDIGO DENIM
color found
modal one time skip
key: css val:button[data-select-id='size-1']
sizeSelect len 0
cartButton len 2
att nashi
-----------------------------
https://www.berluti.com/ja-jp/santal-scritto-leather-long-wallet/SANTAL_NEO-JOUR_SOFTY-V82.html?dwvar_SANTAL__NEO-JOUR__SOFTY-V82_color=B02&to=25#viewtype=grid-view-small&sz=204&to=25&start=1
OPEN
OPEN DONE
OK RETURN
URL PRICE https://www.berluti.com/ja-jp/santal-scritto-leather-long-wallet/SANTAL_NEO-JOUR_SOFTY-V82.html?dwvar_SANTAL__NEO-JOUR__SOFTY-V82_color=B02&to=25#viewtype=grid-view-small&sz=204&to=25&start=1 174900
colorCheck len 1
 attval INDIGO DENIM
color found
modal one time skip
key: css val:button[data-select-id='size-1']
sizeSelect len 0
cartButton len 2
att nashi
-----------------------------
https://www.berluti.com/ja-jp/banbu-sukurittoreza-kadohoruda/BAMBOU_NEO-JOUR_SOFTY-V82.html?dwvar_BAMBOU__NEO-JOUR__SOFTY-V82_color=B02&to=26#viewtype=grid-view-small&sz=204&to=26&start=1
OPEN
OPEN DONE
OK RETURN
URL PRICE https://www.berluti.com/ja-jp/banbu-sukurittoreza-kadohoruda/BAMBOU_NEO-JOUR_SOFTY-V82.html?dwvar_BAMBOU__NEO-JOUR__SOFTY-V82_color=B02&to=26#viewtype=grid-view-small&sz=204&to=26&start=1 68200
colorCheck len 1
 attval INDIGO DENIM
color found
modal one time skip
key: css val:button[data-select-id='size-1']
sizeSelect len 0
cartButton len 2
att nashi
-----------------------------
https://www.berluti.com/ja-jp/esukeru-sukurittosuwaipureza-pasupotohoruda/ESCALE_NEO-JOUR-V2.html?dwvar_ESCALE__NEO-JOUR-V2_color=ML6&to=27#viewtype=grid-view-small&sz=204&to=27&start=1
OPEN
OPEN DONE
OK RETURN
URL PRICE https://www.berluti.com/ja-jp/esukeru-sukurittosuwaipureza-pasupotohoruda/ESCALE_NEO-JOUR-V2.html?dwvar_ESCALE__NEO-JOUR-V2_color=ML6&to=27#viewtype=grid-view-small&sz=204&to=27&start=1 108900
colorCheck len 1
 attval CACAO INTENSO
color found
modal one time skip
key: css val:button[data-select-id='size-1']
sizeSelect len 0
cartButton len 0
zaiko 0 x1
cartButton2 len 0
zaiko 0 2x1
-----------------------------
https://www.berluti.com/ja-jp/esukaru-guradianto-sukurittoreza-pasupotohoruda/ESCALE_NEO_GRADIANT-JOUR-V2.html?dwvar_ESCALE__NEO__GRADIANT-JOUR-V2_color=BJ3&to=28#viewtype=grid-view-small&sz=204&to=28&start=1
OPEN
OPEN DONE
OK RETURN
URL PRICE https://www.berluti.com/ja-jp/esukaru-guradianto-sukurittoreza-pasupotohoruda/ESCALE_NEO_GRADIANT-JOUR-V2.html?dwvar_ESCALE__NEO__GRADIANT-JOUR-V2_color=BJ3&to=28#viewtype=grid-view-small&sz=204&to=28&start=1 118800
colorCheck len 1
 attval BLU MINERALE
color found
modal one time skip
key: css val:button[data-select-id='size-1']
sizeSelect len 0
cartButton len 0
zaiko 0 x1
cartButton2 len 0
zaiko 0 2x1
-----------------------------
https://www.berluti.com/ja-jp/itauba-towaru-marubufu-rongu-jippuu-oretto/ITAUBA_NEO-TOILE_MARBEUF-T19.html?dwvar_ITAUBA__NEO-TOILE__MARBEUF-T19_color=MO5&to=29#viewtype=grid-view-small&sz=204&to=29&start=1
OPEN
OPEN DONE
OK RETURN
URL PRICE https://www.berluti.com/ja-jp/itauba-towaru-marubufu-rongu-jippuu-oretto/ITAUBA_NEO-TOILE_MARBEUF-T19.html?dwvar_ITAUBA__NEO-TOILE__MARBEUF-T19_color=MO5&to=29#viewtype=grid-view-small&sz=204&to=29&start=1 NOTFOUND
colorCheck len 0
-----------------------------
https://www.berluti.com/ja-jp/itauba-arigeta-rezajippu-zhang-cai-bu-berurutti/ITAUBA-ALLIGATOR-E2.html?dwvar_ITAUBA-ALLIGATOR-E2_color=B01&to=30#viewtype=grid-view-small&sz=204&to=30&start=1
OPEN
OPEN DONE
OK RETURN
URL PRICE https://www.berluti.com/ja-jp/itauba-arigeta-rezajippu-zhang-cai-bu-berurutti/ITAUBA-ALLIGATOR-E2.html?dwvar_ITAUBA-ALLIGATOR-E2_color=B01&to=30#viewtype=grid-view-small&sz=204&to=30&start=1 885500
colorCheck len 2
 attval NERO BLU
color found
modal one time skip
key: css val:button[data-select-id='size-1']
sizeSelect len 0
cartButton len 2
att nashi
-----------------------------
https://www.berluti.com/ja-jp/itauba-arigeta-rezajippu-zhang-cai-bu-berurutti/ITAUBA-ALLIGATOR-E2.html?dwvar_ITAUBA-ALLIGATOR-E2_color=M04&to=31#viewtype=grid-view-small&sz=204&to=31&start=1
OPEN
OPEN DONE
OK RETURN
URL PRICE https://www.berluti.com/ja-jp/itauba-arigeta-rezajippu-zhang-cai-bu-berurutti/ITAUBA-ALLIGATOR-E2.html?dwvar_ITAUBA-ALLIGATOR-E2_color=M04&to=31#viewtype=grid-view-small&sz=204&to=31&start=1 885500
colorCheck len 2
 attval NERO BLU
 attval TOBACCO BIS
color found
modal one time skip
key: css val:button[data-select-id='size-1']
sizeSelect len 0
cartButton len 2
att nashi
-----------------------------
https://www.berluti.com/ja-jp/makorearigetarezakonpakuto-cai-bu/MAKORE-ALLIGATOR-E2.html?dwvar_MAKORE-ALLIGATOR-E2_color=B01&to=32#viewtype=grid-view-small&sz=204&to=32&start=1
OPEN
OPEN DONE
OK RETURN
URL PRICE https://www.berluti.com/ja-jp/makorearigetarezakonpakuto-cai-bu/MAKORE-ALLIGATOR-E2.html?dwvar_MAKORE-ALLIGATOR-E2_color=B01&to=32#viewtype=grid-view-small&sz=204&to=32&start=1 561000
colorCheck len 2
 attval NERO BLU
color found
modal one time skip
key: css val:button[data-select-id='size-1']
sizeSelect len 0
cartButton len 2
att nashi
-----------------------------
https://www.berluti.com/ja-jp/makorearigetarezakonpakuto-cai-bu/MAKORE-ALLIGATOR-E2.html?dwvar_MAKORE-ALLIGATOR-E2_color=M04&to=33#viewtype=grid-view-small&sz=204&to=33&start=1
OPEN
OPEN DONE
OK RETURN
URL PRICE https://www.berluti.com/ja-jp/makorearigetarezakonpakuto-cai-bu/MAKORE-ALLIGATOR-E2.html?dwvar_MAKORE-ALLIGATOR-E2_color=M04&to=33#viewtype=grid-view-small&sz=204&to=33&start=1 561000
colorCheck len 2
 attval NERO BLU
 attval TOBACCO BIS
color found
modal one time skip
key: css val:button[data-select-id='size-1']
sizeSelect len 0
cartButton len 2
att nashi
-----------------------------
https://www.berluti.com/ja-jp/tersio-arigetarezaoruinwan-berurutti/TERSIO-ALLIGATOR-E2.html?dwvar_TERSIO-ALLIGATOR-E2_color=M04&to=34#viewtype=grid-view-small&sz=204&to=34&start=1
OPEN
OPEN DONE
OK RETURN
URL PRICE https://www.berluti.com/ja-jp/tersio-arigetarezaoruinwan-berurutti/TERSIO-ALLIGATOR-E2.html?dwvar_TERSIO-ALLIGATOR-E2_color=M04&to=34#viewtype=grid-view-small&sz=204&to=34&start=1 1331000
colorCheck len 1
 attval TOBACCO BIS
color found
modal one time skip
key: css val:button[data-select-id='size-1']
sizeSelect len 0
cartButton len 2
att nashi
-----------------------------
https://www.berluti.com/ja-jp/jaguaarigetarezakadohoruda/JAGUA-ALLIGATOR-E2.html?dwvar_JAGUA-ALLIGATOR-E2_color=M03&to=35#viewtype=grid-view-small&sz=204&to=35&start=1
OPEN
OPEN DONE
OK RETURN
URL PRICE https://www.berluti.com/ja-jp/jaguaarigetarezakadohoruda/JAGUA-ALLIGATOR-E2.html?dwvar_JAGUA-ALLIGATOR-E2_color=M03&to=35#viewtype=grid-view-small&sz=204&to=35&start=1 419100
colorCheck len 1
 attval TDM
color found
modal one time skip
key: css val:button[data-select-id='size-1']
sizeSelect len 0
cartButton len 0
zaiko 0 x1
cartButton2 len 0
zaiko 0 2x1
-----------------------------
https://www.berluti.com/ja-jp/bambouarigetarezakadohoruda/BAMBOU-ALLIGATOR-E2.html?dwvar_BAMBOU-ALLIGATOR-E2_color=M03&to=36#viewtype=grid-view-small&sz=204&to=36&start=1
OPEN
OPEN DONE
OK RETURN
URL PRICE https://www.berluti.com/ja-jp/bambouarigetarezakadohoruda/BAMBOU-ALLIGATOR-E2.html?dwvar_BAMBOU-ALLIGATOR-E2_color=M03&to=36#viewtype=grid-view-small&sz=204&to=36&start=1 213400
colorCheck len 1
 attval TDM
color found
modal one time skip
key: css val:button[data-select-id='size-1']
sizeSelect len 0
cartButton len 2
att nashi
-----------------------------
https://www.berluti.com/ja-jp/santaru-sukurittoreza-jippuronguu-oretto/SANTAL_NEO-JOUR-V2.html?dwvar_SANTAL__NEO-JOUR-V2_color=K02&to=37#viewtype=grid-view-small&sz=204&to=37&start=1
OPEN
OPEN DONE
OK RETURN
URL PRICE https://www.berluti.com/ja-jp/santaru-sukurittoreza-jippuronguu-oretto/SANTAL_NEO-JOUR-V2.html?dwvar_SANTAL__NEO-JOUR-V2_color=K02&to=37#viewtype=grid-view-small&sz=204&to=37&start=1 174900
colorCheck len 2
 attval NERO GRIGIO
color found
modal one time skip
key: css val:button[data-select-id='size-1']
sizeSelect len 0
cartButton len 2
att nashi
-----------------------------
https://www.berluti.com/ja-jp/santaru-sukurittoreza-jippuronguu-oretto/SANTAL_NEO-JOUR-V2.html?dwvar_SANTAL__NEO-JOUR-V2_color=ML6&to=38#viewtype=grid-view-small&sz=204&to=38&start=1
OPEN
OPEN DONE
OK RETURN
URL PRICE https://www.berluti.com/ja-jp/santaru-sukurittoreza-jippuronguu-oretto/SANTAL_NEO-JOUR-V2.html?dwvar_SANTAL__NEO-JOUR-V2_color=ML6&to=38#viewtype=grid-view-small&sz=204&to=38&start=1 174900
colorCheck len 2
 attval NERO GRIGIO
 attval CACAO INTENSO
color found
modal one time skip
key: css val:button[data-select-id='size-1']
sizeSelect len 0
cartButton len 2
att nashi
-----------------------------
https://www.berluti.com/ja-jp/tiriwa-tiriwa-rezaoruinwan/TIRIWA_NEO-JOUR-V2.html?dwvar_TIRIWA__NEO-JOUR-V2_color=ML6&to=39#viewtype=grid-view-small&sz=204&to=39&start=1
OPEN
OPEN DONE
OK RETURN
URL PRICE https://www.berluti.com/ja-jp/tiriwa-tiriwa-rezaoruinwan/TIRIWA_NEO-JOUR-V2.html?dwvar_TIRIWA__NEO-JOUR-V2_color=ML6&to=39#viewtype=grid-view-small&sz=204&to=39&start=1 282700
colorCheck len 1
 attval CACAO INTENSO
color found
modal one time skip
key: css val:button[data-select-id='size-1']
sizeSelect len 0
cartButton len 2
att nashi
-----------------------------
https://www.berluti.com/ja-jp/terushio-reza-oruinwan/TERSIO_NEO-JOUR-V2.html?dwvar_TERSIO__NEO-JOUR-V2_color=K02&to=40#viewtype=grid-view-small&sz=204&to=40&start=1
OPEN
OPEN DONE
OK RETURN
URL PRICE https://www.berluti.com/ja-jp/terushio-reza-oruinwan/TERSIO_NEO-JOUR-V2.html?dwvar_TERSIO__NEO-JOUR-V2_color=K02&to=40#viewtype=grid-view-small&sz=204&to=40&start=1 324500
colorCheck len 5
 attval MADURO
 attval CREPUSCULO
 attval NERO GRIGIO
color found
modal one time skip
key: css val:button[data-select-id='size-1']
sizeSelect len 0
cartButton len 2
att nashi
-----------------------------
https://www.berluti.com/ja-jp/terushio-reza-oruinwan/TERSIO_NEO-JOUR-V2.html?dwvar_TERSIO__NEO-JOUR-V2_color=G11&to=41#viewtype=grid-view-small&sz=204&to=41&start=1
OPEN
OPEN DONE
OK RETURN
URL PRICE https://www.berluti.com/ja-jp/terushio-reza-oruinwan/TERSIO_NEO-JOUR-V2.html?dwvar_TERSIO__NEO-JOUR-V2_color=G11&to=41#viewtype=grid-view-small&sz=204&to=41&start=1 324500
colorCheck len 5
 attval MADURO
 attval CREPUSCULO
 attval NERO GRIGIO
 attval JUNGLE GREEN
color found
modal one time skip
key: css val:button[data-select-id='size-1']
sizeSelect len 0
cartButton len 2
att nashi
-----------------------------
https://www.berluti.com/ja-jp/makore-reza-arigetareza-konpakutou-oretto/MAKORE_NEO_BE_RR-BE_RAPIECE_REPRISE-VC.html?dwvar_MAKORE__NEO__BE__RR-BE__RAPIECE__REPRISE-VC_color=MH2&to=42#viewtype=grid-view-small&sz=204&to=42&start=1
OPEN
OPEN DONE
OK RETURN
URL PRICE https://www.berluti.com/ja-jp/makore-reza-arigetareza-konpakutou-oretto/MAKORE_NEO_BE_RR-BE_RAPIECE_REPRISE-VC.html?dwvar_MAKORE__NEO__BE__RR-BE__RAPIECE__REPRISE-VC_color=MH2&to=42#viewtype=grid-view-small&sz=204&to=42&start=1 NOTFOUND
colorCheck len 0
-----------------------------
https://www.berluti.com/ja-jp/makore-sukurittoreza-konpakutou-oretto/MAKORE_NEO_BE_RR-BE_RAPIECE_REPRISE-V2.html?dwvar_MAKORE__NEO__BE__RR-BE__RAPIECE__REPRISE-V2_color=R79&to=43#viewtype=grid-view-small&sz=204&to=43&start=1
OPEN
OPEN DONE
OK RETURN
URL PRICE https://www.berluti.com/ja-jp/makore-sukurittoreza-konpakutou-oretto/MAKORE_NEO_BE_RR-BE_RAPIECE_REPRISE-V2.html?dwvar_MAKORE__NEO__BE__RR-BE__RAPIECE__REPRISE-V2_color=R79&to=43#viewtype=grid-view-small&sz=204&to=43&start=1 NOTFOUND
colorCheck len 0
-----------------------------
https://www.berluti.com/ja-jp/figyua-koin-sukurittoreza-u-oretto/FIGURE_COIN-JOUR-V2.html?dwvar_FIGURE__COIN-JOUR-V2_color=ML6&to=44#viewtype=grid-view-small&sz=204&to=44&start=1
OPEN
OPEN DONE
OK RETURN
URL PRICE https://www.berluti.com/ja-jp/figyua-koin-sukurittoreza-u-oretto/FIGURE_COIN-JOUR-V2.html?dwvar_FIGURE__COIN-JOUR-V2_color=ML6&to=44#viewtype=grid-view-small&sz=204&to=44&start=1 NOTFOUND
colorCheck len 0
-----------------------------
https://www.berluti.com/ja-jp/jagua-sukurittoreza-kadohoruda/JAGUA_NEO-JOUR_TANGRAM-V88.html?dwvar_JAGUA__NEO-JOUR__TANGRAM-V88_color=MQ8&to=45#viewtype=grid-view-small&sz=204&to=45&start=1
OPEN
OPEN DONE
OK RETURN
URL PRICE https://www.berluti.com/ja-jp/jagua-sukurittoreza-kadohoruda/JAGUA_NEO-JOUR_TANGRAM-V88.html?dwvar_JAGUA__NEO-JOUR__TANGRAM-V88_color=MQ8&to=45#viewtype=grid-view-small&sz=204&to=45&start=1 NOTFOUND
colorCheck len 0
-----------------------------
https://www.berluti.com/ja-jp/banbu-sukurittoreza-kadohoruda/BAMBOU_NEO-JOUR_TANGRAM-V88.html?dwvar_BAMBOU__NEO-JOUR__TANGRAM-V88_color=MQ8&to=46#viewtype=grid-view-small&sz=204&to=46&start=1
OPEN
OPEN DONE
OK RETURN
URL PRICE https://www.berluti.com/ja-jp/banbu-sukurittoreza-kadohoruda/BAMBOU_NEO-JOUR_TANGRAM-V88.html?dwvar_BAMBOU__NEO-JOUR__TANGRAM-V88_color=MQ8&to=46#viewtype=grid-view-small&sz=204&to=46&start=1 69300
colorCheck len 1
 attval SOFT BROWN & MIDNIGHT BLUE
color check 一致なし zaiko 0
modal one time skip
key: css val:button[data-select-id='size-1']
sizeSelect len 0
cartButton len 2
att nashi
zaiko 0 x3
-----------------------------
https://www.berluti.com/ja-jp/inbuia-sukurittoreza-kadohoruda/IMBUIA_NEO-JOUR_TANGRAM-V88.html?dwvar_IMBUIA__NEO-JOUR__TANGRAM-V88_color=MQ8&to=47#viewtype=grid-view-small&sz=204&to=47&start=1
OPEN
OPEN DONE
OK RETURN
URL PRICE https://www.berluti.com/ja-jp/inbuia-sukurittoreza-kadohoruda/IMBUIA_NEO-JOUR_TANGRAM-V88.html?dwvar_IMBUIA__NEO-JOUR__TANGRAM-V88_color=MQ8&to=47#viewtype=grid-view-small&sz=204&to=47&start=1 104500
colorCheck len 1
 attval SOFT BROWN & MIDNIGHT BLUE
color check 一致なし zaiko 0
modal one time skip
key: css val:button[data-select-id='size-1']
sizeSelect len 0
cartButton len 2
att nashi
zaiko 0 x3
-----------------------------
https://www.berluti.com/ja-jp/tari-sukurittoreza-rongujippuu-oretto/TALI_NEO-JOUR_TANGRAM-V87.html?dwvar_TALI__NEO-JOUR__TANGRAM-V87_color=G89&to=48#viewtype=grid-view-small&sz=204&to=48&start=1
OPEN
OPEN DONE
OK RETURN
URL PRICE https://www.berluti.com/ja-jp/tari-sukurittoreza-rongujippuu-oretto/TALI_NEO-JOUR_TANGRAM-V87.html?dwvar_TALI__NEO-JOUR__TANGRAM-V87_color=G89&to=48#viewtype=grid-view-small&sz=204&to=48&start=1 361900
colorCheck len 1
 attval NERO CAVIAR & SAVANA
color check 一致なし zaiko 0
modal one time skip
key: css val:button[data-select-id='size-1']
sizeSelect len 0
cartButton len 0
zaiko 0 x1
cartButton2 len 0
zaiko 0 2x1
zaiko 0 x3
-----------------------------
https://www.berluti.com/ja-jp/makore-sukurittoreza-konpakutou-oretto/MAKORE_NEO-JOUR_TANGRAM-V87.html?dwvar_MAKORE__NEO-JOUR__TANGRAM-V87_color=G89&to=49#viewtype=grid-view-small&sz=204&to=49&start=1
OPEN
OPEN DONE
OK RETURN
URL PRICE https://www.berluti.com/ja-jp/makore-sukurittoreza-konpakutou-oretto/MAKORE_NEO-JOUR_TANGRAM-V87.html?dwvar_MAKORE__NEO-JOUR__TANGRAM-V87_color=G89&to=49#viewtype=grid-view-small&sz=204&to=49&start=1 139700
colorCheck len 1
 attval NERO CAVIAR & SAVANA
color check 一致なし zaiko 0
modal one time skip
key: css val:button[data-select-id='size-1']
sizeSelect len 0
cartButton len 0
zaiko 0 x1
cartButton2 len 0
zaiko 0 2x1
zaiko 0 x3
-----------------------------
https://www.berluti.com/ja-jp/itauba-sukuea-guradianto-sukurittoreza-u-oretto/ITAUBA_SQUARE_NEO_GRADIANT-JOUR-V2.html?dwvar_ITAUBA__SQUARE__NEO__GRADIANT-JOUR-V2_color=MR5&to=50#viewtype=grid-view-small&sz=204&to=50&start=1
OPEN
OPEN DONE
OK RETURN
URL PRICE https://www.berluti.com/ja-jp/itauba-sukuea-guradianto-sukurittoreza-u-oretto/ITAUBA_SQUARE_NEO_GRADIANT-JOUR-V2.html?dwvar_ITAUBA__SQUARE__NEO__GRADIANT-JOUR-V2_color=MR5&to=50#viewtype=grid-view-small&sz=204&to=50&start=1 156200
colorCheck len 1
 attval LEGNO BRUCIATO
color found
modal one time skip
key: css val:button[data-select-id='size-1']
sizeSelect len 0
cartButton len 2
att nashi
-----------------------------
https://www.berluti.com/ja-jp/wapa-guradianto-sukurittoreza-koinpasu/WAPA_NEO_GRADIANT-JOUR-V2.html?dwvar_WAPA__NEO__GRADIANT-JOUR-V2_color=BJ3&to=51#viewtype=grid-view-small&sz=204&to=51&start=1
OPEN
OPEN DONE
OK RETURN
URL PRICE https://www.berluti.com/ja-jp/wapa-guradianto-sukurittoreza-koinpasu/WAPA_NEO_GRADIANT-JOUR-V2.html?dwvar_WAPA__NEO__GRADIANT-JOUR-V2_color=BJ3&to=51#viewtype=grid-view-small&sz=204&to=51&start=1 133100
colorCheck len 2
 attval ST EMILION & CACAO INTENSO
 attval BLU MINERALE
color found
modal one time skip
key: css val:button[data-select-id='size-1']
sizeSelect len 0
cartButton len 2
att nashi
-----------------------------
https://www.berluti.com/ja-jp/wapa-guradianto-sukurittoreza-koinpasu/WAPA_NEO_GRADIANT-JOUR-V2.html?dwvar_WAPA__NEO__GRADIANT-JOUR-V2_color=RA1&to=52#viewtype=grid-view-small&sz=204&to=52&start=1
OPEN
OPEN DONE
OK RETURN
URL PRICE https://www.berluti.com/ja-jp/wapa-guradianto-sukurittoreza-koinpasu/WAPA_NEO_GRADIANT-JOUR-V2.html?dwvar_WAPA__NEO__GRADIANT-JOUR-V2_color=RA1&to=52#viewtype=grid-view-small&sz=204&to=52&start=1 133100
colorCheck len 2
 attval ST EMILION & CACAO INTENSO
 attval BLU MINERALE
color check 一致なし zaiko 0
modal one time skip
key: css val:button[data-select-id='size-1']
sizeSelect len 0
cartButton len 2
att nashi
zaiko 0 x3
-----------------------------
https://www.berluti.com/ja-jp/wapa-sukurittoreza-jippu-fukikoinpasu/WAPA_NEO-JOUR-V2.html?dwvar_WAPA__NEO-JOUR-V2_color=G11&to=53#viewtype=grid-view-small&sz=204&to=53&start=1
OPEN
OPEN DONE
OK RETURN
URL PRICE https://www.berluti.com/ja-jp/wapa-sukurittoreza-jippu-fukikoinpasu/WAPA_NEO-JOUR-V2.html?dwvar_WAPA__NEO-JOUR-V2_color=G11&to=53#viewtype=grid-view-small&sz=204&to=53&start=1 113300
colorCheck len 3
 attval NERO GRIGIO
 attval CACAO INTENSO
 attval JUNGLE GREEN
color found
modal one time skip
key: css val:button[data-select-id='size-1']
sizeSelect len 0
cartButton len 2
att nashi
-----------------------------
https://www.berluti.com/ja-jp/wapa-sukurittoreza-jippu-fukikoinpasu/WAPA_NEO-JOUR-V2.html?dwvar_WAPA__NEO-JOUR-V2_color=K02&to=54#viewtype=grid-view-small&sz=204&to=54&start=1
OPEN
OPEN DONE
OK RETURN
URL PRICE https://www.berluti.com/ja-jp/wapa-sukurittoreza-jippu-fukikoinpasu/WAPA_NEO-JOUR-V2.html?dwvar_WAPA__NEO-JOUR-V2_color=K02&to=54#viewtype=grid-view-small&sz=204&to=54&start=1 113300
colorCheck len 3
 attval NERO GRIGIO
color found
modal one time skip
key: css val:button[data-select-id='size-1']
sizeSelect len 0
cartButton len 2
att nashi
-----------------------------
https://www.berluti.com/ja-jp/wapa-sukurittoreza-jippu-fukikoinpasu/WAPA_NEO-JOUR-V2.html?dwvar_WAPA__NEO-JOUR-V2_color=ML6&to=55#viewtype=grid-view-small&sz=204&to=55&start=1
OPEN
OPEN DONE
OK RETURN
URL PRICE https://www.berluti.com/ja-jp/wapa-sukurittoreza-jippu-fukikoinpasu/WAPA_NEO-JOUR-V2.html?dwvar_WAPA__NEO-JOUR-V2_color=ML6&to=55#viewtype=grid-view-small&sz=204&to=55&start=1 113300
colorCheck len 3
 attval NERO GRIGIO
 attval CACAO INTENSO
color found
modal one time skip
key: css val:button[data-select-id='size-1']
sizeSelect len 0
cartButton len 2
att nashi
-----------------------------
https://www.berluti.com/ja-jp/wapa-sukurittoreza-jippu-fukikoinpasu/WAPA_NEO-JOUR-V2.html?dwvar_WAPA__NEO-JOUR-V2_color=KE4&to=56#viewtype=grid-view-small&sz=204&to=56&start=1
OPEN
OPEN DONE
OK RETURN
URL PRICE https://www.berluti.com/ja-jp/wapa-sukurittoreza-jippu-fukikoinpasu/WAPA_NEO-JOUR-V2.html?dwvar_WAPA__NEO-JOUR-V2_color=KE4&to=56#viewtype=grid-view-small&sz=204&to=56&start=1 113300
colorCheck len 3
 attval NERO GRIGIO
 attval CACAO INTENSO
 attval JUNGLE GREEN
color check 一致なし zaiko 0
modal one time skip
key: css val:button[data-select-id='size-1']
sizeSelect len 0
cartButton len 2
att nashi
zaiko 0 x3
-----------------------------
https://www.berluti.com/ja-jp/wapa-sukurittoreza-jippu-fukikoinpasu/WAPA_NEO-JOUR-V2.html?dwvar_WAPA__NEO-JOUR-V2_color=KE5&to=57#viewtype=grid-view-small&sz=204&to=57&start=1
OPEN
OPEN DONE
OK RETURN
URL PRICE https://www.berluti.com/ja-jp/wapa-sukurittoreza-jippu-fukikoinpasu/WAPA_NEO-JOUR-V2.html?dwvar_WAPA__NEO-JOUR-V2_color=KE5&to=57#viewtype=grid-view-small&sz=204&to=57&start=1 113300
colorCheck len 3
 attval NERO GRIGIO
 attval CACAO INTENSO
 attval JUNGLE GREEN
color check 一致なし zaiko 0
modal one time skip
key: css val:button[data-select-id='size-1']
sizeSelect len 0
cartButton len 2
att nashi
zaiko 0 x3
-----------------------------
https://www.berluti.com/ja-jp/wapa-sukurittoreza-jippu-fukikoinpasu/WAPA_NEO-JOUR-V2.html?dwvar_WAPA__NEO-JOUR-V2_color=J10&to=58#viewtype=grid-view-small&sz=204&to=58&start=1
OPEN
OPEN DONE
OK RETURN
URL PRICE https://www.berluti.com/ja-jp/wapa-sukurittoreza-jippu-fukikoinpasu/WAPA_NEO-JOUR-V2.html?dwvar_WAPA__NEO-JOUR-V2_color=J10&to=58#viewtype=grid-view-small&sz=204&to=58&start=1 113300
colorCheck len 3
 attval NERO GRIGIO
 attval CACAO INTENSO
 attval JUNGLE GREEN
color check 一致なし zaiko 0
modal one time skip
key: css val:button[data-select-id='size-1']
sizeSelect len 0
cartButton len 2
att nashi
zaiko 0 x3
-----------------------------
https://www.berluti.com/ja-jp/wapa-sukurittoreza-jippu-fukikoinpasu/WAPA_NEO-JOUR-V2.html?dwvar_WAPA__NEO-JOUR-V2_color=J12&to=59#viewtype=grid-view-small&sz=204&to=59&start=1
OPEN
OPEN DONE
OK RETURN
URL PRICE https://www.berluti.com/ja-jp/wapa-sukurittoreza-jippu-fukikoinpasu/WAPA_NEO-JOUR-V2.html?dwvar_WAPA__NEO-JOUR-V2_color=J12&to=59#viewtype=grid-view-small&sz=204&to=59&start=1 113300
colorCheck len 3
 attval NERO GRIGIO
 attval CACAO INTENSO
 attval JUNGLE GREEN
color check 一致なし zaiko 0
modal one time skip
key: css val:button[data-select-id='size-1']
sizeSelect len 0
cartButton len 2
att nashi
zaiko 0 x3
-----------------------------
https://www.berluti.com/ja-jp/sukurittoreza-iphone-16-pro-maxforio/IPHONE_16_PRO_MAX_FOLIO-SCRITTO-V2.html?dwvar_IPHONE__16__PRO__MAX__FOLIO-SCRITTO-V2_color=KD4&to=60#viewtype=grid-view-small&sz=204&to=60&start=1
OPEN
OPEN DONE
OK RETURN
URL PRICE https://www.berluti.com/ja-jp/sukurittoreza-iphone-16-pro-maxforio/IPHONE_16_PRO_MAX_FOLIO-SCRITTO-V2.html?dwvar_IPHONE__16__PRO__MAX__FOLIO-SCRITTO-V2_color=KD4&to=60#viewtype=grid-view-small&sz=204&to=60&start=1 NOTFOUND
colorCheck len 0
-----------------------------
https://www.berluti.com/ja-jp/sukurittoreza-iphone-16-prokesu/IPHONE_16_PRO_CASE-SCRITTO-V2.html?dwvar_IPHONE__16__PRO__CASE-SCRITTO-V2_color=KD4&to=61#viewtype=grid-view-small&sz=204&to=61&start=1
OPEN
OPEN DONE
OK RETURN
URL PRICE https://www.berluti.com/ja-jp/sukurittoreza-iphone-16-prokesu/IPHONE_16_PRO_CASE-SCRITTO-V2.html?dwvar_IPHONE__16__PRO__CASE-SCRITTO-V2_color=KD4&to=61#viewtype=grid-view-small&sz=204&to=61&start=1 NOTFOUND
colorCheck len 0
-----------------------------
https://www.berluti.com/ja-jp/sukurittoreza-iphone-16-pro-maxkesu/IPHONE_16_PRO_MAX_CASE-SCRITTO-V2.html?dwvar_IPHONE__16__PRO__MAX__CASE-SCRITTO-V2_color=KD4&to=62#viewtype=grid-view-small&sz=204&to=62&start=1
OPEN
OPEN DONE
OK RETURN
URL PRICE https://www.berluti.com/ja-jp/sukurittoreza-iphone-16-pro-maxkesu/IPHONE_16_PRO_MAX_CASE-SCRITTO-V2.html?dwvar_IPHONE__16__PRO__MAX__CASE-SCRITTO-V2_color=KD4&to=62#viewtype=grid-view-small&sz=204&to=62&start=1 NOTFOUND
colorCheck len 0
-----------------------------
https://www.berluti.com/ja-jp/sukurittoreza-iphone-15-pro-maxkesu/IPHONE_15_PRO_MAX_CASE-SCRITTO-V2.html?dwvar_IPHONE__15__PRO__MAX__CASE-SCRITTO-V2_color=B07&to=63#viewtype=grid-view-small&sz=204&to=63&start=1
OPEN
OPEN DONE
OK RETURN
URL PRICE https://www.berluti.com/ja-jp/sukurittoreza-iphone-15-pro-maxkesu/IPHONE_15_PRO_MAX_CASE-SCRITTO-V2.html?dwvar_IPHONE__15__PRO__MAX__CASE-SCRITTO-V2_color=B07&to=63#viewtype=grid-view-small&sz=204&to=63&start=1 NOTFOUND
colorCheck len 0
-----------------------------
https://www.berluti.com/ja-jp/sukurittoreza-iphone-16-proforio/IPHONE_16_PRO_FOLIO-SCRITTO-V2.html?dwvar_IPHONE__16__PRO__FOLIO-SCRITTO-V2_color=KD4&to=64#viewtype=grid-view-small&sz=204&to=64&start=1
OPEN
OPEN DONE
OK RETURN
URL PRICE https://www.berluti.com/ja-jp/sukurittoreza-iphone-16-proforio/IPHONE_16_PRO_FOLIO-SCRITTO-V2.html?dwvar_IPHONE__16__PRO__FOLIO-SCRITTO-V2_color=KD4&to=64#viewtype=grid-view-small&sz=204&to=64&start=1 NOTFOUND
colorCheck len 0
-----------------------------
https://www.berluti.com/ja-jp/sukurittoreza-magunetto-shikadohoruda/MAGNETIC_CARD_HOLDER-SCRITTO-V2.html?dwvar_MAGNETIC__CARD__HOLDER-SCRITTO-V2_color=KD4&to=65#viewtype=grid-view-small&sz=204&to=65&start=1
OPEN
OPEN DONE
OK RETURN
URL PRICE https://www.berluti.com/ja-jp/sukurittoreza-magunetto-shikadohoruda/MAGNETIC_CARD_HOLDER-SCRITTO-V2.html?dwvar_MAGNETIC__CARD__HOLDER-SCRITTO-V2_color=KD4&to=65#viewtype=grid-view-small&sz=204&to=65&start=1 60500
colorCheck len 2
 attval LIGHT ALUMINIO
color found
modal one time skip
key: css val:button[data-select-id='size-1']
sizeSelect len 0
cartButton len 2
att nashi
-----------------------------
https://www.berluti.com/ja-jp/sukurittoreza-iphone-15-prokesu/IPHONE_15_PRO_CASE-SCRITTO-V2.html?dwvar_IPHONE__15__PRO__CASE-SCRITTO-V2_color=MH2&to=66#viewtype=grid-view-small&sz=204&to=66&start=1
OPEN
OPEN DONE
OK RETURN
URL PRICE https://www.berluti.com/ja-jp/sukurittoreza-iphone-15-prokesu/IPHONE_15_PRO_CASE-SCRITTO-V2.html?dwvar_IPHONE__15__PRO__CASE-SCRITTO-V2_color=MH2&to=66#viewtype=grid-view-small&sz=204&to=66&start=1 NOTFOUND
colorCheck len 0
-----------------------------
https://www.berluti.com/ja-jp/sukurittoreza-iphone-15-prokesu/IPHONE_15_PRO_CASE-SCRITTO-V2.html?dwvar_IPHONE__15__PRO__CASE-SCRITTO-V2_color=B07&to=67#viewtype=grid-view-small&sz=204&to=67&start=1
OPEN
OPEN DONE
OK RETURN
URL PRICE https://www.berluti.com/ja-jp/sukurittoreza-iphone-15-prokesu/IPHONE_15_PRO_CASE-SCRITTO-V2.html?dwvar_IPHONE__15__PRO__CASE-SCRITTO-V2_color=B07&to=67#viewtype=grid-view-small&sz=204&to=67&start=1 NOTFOUND
colorCheck len 0
-----------------------------
https://www.berluti.com/ja-jp/sukurittoreza-iphone-16-prokesu/IPHONE_16_PRO_CASE-SCRITTO-V82.html?dwvar_IPHONE__16__PRO__CASE-SCRITTO-V82_color=B02&to=68#viewtype=grid-view-small&sz=204&to=68&start=1
OPEN
OPEN DONE
OK RETURN
URL PRICE https://www.berluti.com/ja-jp/sukurittoreza-iphone-16-prokesu/IPHONE_16_PRO_CASE-SCRITTO-V82.html?dwvar_IPHONE__16__PRO__CASE-SCRITTO-V82_color=B02&to=68#viewtype=grid-view-small&sz=204&to=68&start=1 77550
colorCheck len 1
 attval INDIGO DENIM
color found
modal one time skip
key: css val:button[data-select-id='size-1']
sizeSelect len 0
cartButton len 2
att nashi
-----------------------------
https://www.berluti.com/ja-jp/sukurittoreza-iphone-16-proforio/IPHONE_16_PRO_FOLIO-SCRITTO-V82.html?dwvar_IPHONE__16__PRO__FOLIO-SCRITTO-V82_color=B02&to=69#viewtype=grid-view-small&sz=204&to=69&start=1
OPEN
OPEN DONE
OK RETURN
URL PRICE https://www.berluti.com/ja-jp/sukurittoreza-iphone-16-proforio/IPHONE_16_PRO_FOLIO-SCRITTO-V82.html?dwvar_IPHONE__16__PRO__FOLIO-SCRITTO-V82_color=B02&to=69#viewtype=grid-view-small&sz=204&to=69&start=1 97900
colorCheck len 1
 attval INDIGO DENIM
color found
modal one time skip
key: css val:button[data-select-id='size-1']
sizeSelect len 0
cartButton len 2
att nashi
-----------------------------
https://www.berluti.com/ja-jp/sukurittoreza-iphone-15-pro-maxforio/IPHONE_15_PRO_MAX_FOLIO-SCRITTO-V2.html?dwvar_IPHONE__15__PRO__MAX__FOLIO-SCRITTO-V2_color=B07&to=70#viewtype=grid-view-small&sz=204&to=70&start=1
OPEN
OPEN DONE
OK RETURN
URL PRICE https://www.berluti.com/ja-jp/sukurittoreza-iphone-15-pro-maxforio/IPHONE_15_PRO_MAX_FOLIO-SCRITTO-V2.html?dwvar_IPHONE__15__PRO__MAX__FOLIO-SCRITTO-V2_color=B07&to=70#viewtype=grid-view-small&sz=204&to=70&start=1 NOTFOUND
colorCheck len 0
-----------------------------
https://www.berluti.com/ja-jp/sukurittoreza-airpods-prokesu/AIRPODS_PRO_CASE-SCRITTO-V2.html?dwvar_AIRPODS__PRO__CASE-SCRITTO-V2_color=G27&to=71#viewtype=grid-view-small&sz=204&to=71&start=1
OPEN
OPEN DONE
OK RETURN
URL PRICE https://www.berluti.com/ja-jp/sukurittoreza-airpods-prokesu/AIRPODS_PRO_CASE-SCRITTO-V2.html?dwvar_AIRPODS__PRO__CASE-SCRITTO-V2_color=G27&to=71#viewtype=grid-view-small&sz=204&to=71&start=1 NOTFOUND
colorCheck len 0
-----------------------------
https://www.berluti.com/ja-jp/itauba-waido-guradianto-sukurittoreza-rongu-jippuu-oretto/ITAUBA_WIDE_NEO_GRADIANT-JOUR-V2.html?dwvar_ITAUBA__WIDE__NEO__GRADIANT-JOUR-V2_color=B07&to=72#viewtype=grid-view-small&sz=204&to=72&start=1
OPEN
OPEN DONE
OK RETURN
URL PRICE https://www.berluti.com/ja-jp/itauba-waido-guradianto-sukurittoreza-rongu-jippuu-oretto/ITAUBA_WIDE_NEO_GRADIANT-JOUR-V2.html?dwvar_ITAUBA__WIDE__NEO__GRADIANT-JOUR-V2_color=B07&to=72#viewtype=grid-view-small&sz=204&to=72&start=1 NOTFOUND
colorCheck len 0
-----------------------------
https://www.berluti.com/ja-jp/itauba-waido-guradianto-sukurittoreza-rongu-jippuu-oretto/ITAUBA_WIDE_NEO_GRADIANT-JOUR-V2.html?dwvar_ITAUBA__WIDE__NEO__GRADIANT-JOUR-V2_color=KH6&to=73#viewtype=grid-view-small&sz=204&to=73&start=1
OPEN
OPEN DONE
OK RETURN
URL PRICE https://www.berluti.com/ja-jp/itauba-waido-guradianto-sukurittoreza-rongu-jippuu-oretto/ITAUBA_WIDE_NEO_GRADIANT-JOUR-V2.html?dwvar_ITAUBA__WIDE__NEO__GRADIANT-JOUR-V2_color=KH6&to=73#viewtype=grid-view-small&sz=204&to=73&start=1 NOTFOUND
colorCheck len 0
-----------------------------
https://www.berluti.com/ja-jp/koa-rojikku-sukurittoreza-jippu-kadohoruda/KOA_LOGIC_NEO-JOUR-V2.html?dwvar_KOA__LOGIC__NEO-JOUR-V2_color=ML6&to=74#viewtype=grid-view-small&sz=204&to=74&start=1
OPEN
OPEN DONE
OK RETURN
URL PRICE https://www.berluti.com/ja-jp/koa-rojikku-sukurittoreza-jippu-kadohoruda/KOA_LOGIC_NEO-JOUR-V2.html?dwvar_KOA__LOGIC__NEO-JOUR-V2_color=ML6&to=74#viewtype=grid-view-small&sz=204&to=74&start=1 101200
colorCheck len 1
 attval CACAO INTENSO
color found
modal one time skip
key: css val:button[data-select-id='size-1']
sizeSelect len 0
cartButton len 2
att nashi
-----------------------------
https://www.berluti.com/ja-jp/koto-sukurittoreza-jippu-kihoruda/KOTO_NEO-JOUR-V2.html?dwvar_KOTO__NEO-JOUR-V2_color=K02&to=75#viewtype=grid-view-small&sz=204&to=75&start=1
OPEN
OPEN DONE
OK RETURN
URL PRICE https://www.berluti.com/ja-jp/koto-sukurittoreza-jippu-kihoruda/KOTO_NEO-JOUR-V2.html?dwvar_KOTO__NEO-JOUR-V2_color=K02&to=75#viewtype=grid-view-small&sz=204&to=75&start=1 124300
colorCheck len 1
 attval NERO GRIGIO
color found
modal one time skip
key: css val:button[data-select-id='size-1']
sizeSelect len 0
cartButton len 2
att nashi
-----------------------------
https://www.berluti.com/ja-jp/sukurittoreza-1ben-yongu-otchikesu/WATCH_CASE_1_NEO-SCRITTO-V2.html?dwvar_WATCH__CASE__1__NEO-SCRITTO-V2_color=ML6&to=76#viewtype=grid-view-small&sz=204&to=76&start=1
OPEN
OPEN DONE
OK RETURN
URL PRICE https://www.berluti.com/ja-jp/sukurittoreza-1ben-yongu-otchikesu/WATCH_CASE_1_NEO-SCRITTO-V2.html?dwvar_WATCH__CASE__1__NEO-SCRITTO-V2_color=ML6&to=76#viewtype=grid-view-small&sz=204&to=76&start=1 177100
colorCheck len 2
 attval NERO CAVIAR
 attval ARANCIO VERMIGLIO
color check 一致なし zaiko 0
modal one time skip
key: css val:button[data-select-id='size-1']
sizeSelect len 0
cartButton len 2
att nashi
zaiko 0 x3
-----------------------------
https://www.berluti.com/ja-jp/sukurittoreza-1ben-yongu-otchikesu/WATCH_CASE_1_NEO-SCRITTO-V2.html?dwvar_WATCH__CASE__1__NEO-SCRITTO-V2_color=F06&to=77#viewtype=grid-view-small&sz=204&to=77&start=1
OPEN
OPEN DONE
OK RETURN
URL PRICE https://www.berluti.com/ja-jp/sukurittoreza-1ben-yongu-otchikesu/WATCH_CASE_1_NEO-SCRITTO-V2.html?dwvar_WATCH__CASE__1__NEO-SCRITTO-V2_color=F06&to=77#viewtype=grid-view-small&sz=204&to=77&start=1 177100
colorCheck len 2
 attval NERO CAVIAR
 attval ARANCIO VERMIGLIO
color found
modal one time skip
key: css val:button[data-select-id='size-1']
sizeSelect len 0
cartButton len 2
att nashi
-----------------------------
https://www.berluti.com/ja-jp/sukurittoreza-1ben-yongu-otchikesu/WATCH_CASE_1_NEO-SCRITTO-V2.html?dwvar_WATCH__CASE__1__NEO-SCRITTO-V2_color=G11&to=78#viewtype=grid-view-small&sz=204&to=78&start=1
OPEN
OPEN DONE
OK RETURN
URL PRICE https://www.berluti.com/ja-jp/sukurittoreza-1ben-yongu-otchikesu/WATCH_CASE_1_NEO-SCRITTO-V2.html?dwvar_WATCH__CASE__1__NEO-SCRITTO-V2_color=G11&to=78#viewtype=grid-view-small&sz=204&to=78&start=1 177100
colorCheck len 2
 attval NERO CAVIAR
 attval ARANCIO VERMIGLIO
color check 一致なし zaiko 0
modal one time skip
key: css val:button[data-select-id='size-1']
sizeSelect len 0
cartButton len 2
att nashi
zaiko 0 x3
-----------------------------
https://www.berluti.com/ja-jp/sukurittoreza-1ben-yongu-otchikesu/WATCH_CASE_1_NEO-SCRITTO-V2.html?dwvar_WATCH__CASE__1__NEO-SCRITTO-V2_color=G02&to=79#viewtype=grid-view-small&sz=204&to=79&start=1
OPEN
OPEN DONE
OK RETURN
URL PRICE https://www.berluti.com/ja-jp/sukurittoreza-1ben-yongu-otchikesu/WATCH_CASE_1_NEO-SCRITTO-V2.html?dwvar_WATCH__CASE__1__NEO-SCRITTO-V2_color=G02&to=79#viewtype=grid-view-small&sz=204&to=79&start=1 177100
colorCheck len 2
 attval NERO CAVIAR
color found
modal one time skip
key: css val:button[data-select-id='size-1']
sizeSelect len 0
cartButton len 2
att nashi
-----------------------------
https://www.berluti.com/ja-jp/sukurittoreza-1ben-yongu-otchikesu/WATCH_CASE_1_NEO-SCRITTO-V2.html?dwvar_WATCH__CASE__1__NEO-SCRITTO-V2_color=R35&to=80#viewtype=grid-view-small&sz=204&to=80&start=1
OPEN
OPEN DONE
OK RETURN
URL PRICE https://www.berluti.com/ja-jp/sukurittoreza-1ben-yongu-otchikesu/WATCH_CASE_1_NEO-SCRITTO-V2.html?dwvar_WATCH__CASE__1__NEO-SCRITTO-V2_color=R35&to=80#viewtype=grid-view-small&sz=204&to=80&start=1 177100
colorCheck len 2
 attval NERO CAVIAR
 attval ARANCIO VERMIGLIO
color check 一致なし zaiko 0
modal one time skip
key: css val:button[data-select-id='size-1']
sizeSelect len 0
cartButton len 2
att nashi
zaiko 0 x3
-----------------------------
https://www.berluti.com/ja-jp/sukurittoreza-3ben-yongu-otchikesu/WATCH_CASE_3_NEO-SCRITTO_SWIPE-V2.html?dwvar_WATCH__CASE__3__NEO-SCRITTO__SWIPE-V2_color=ML6&to=81#viewtype=grid-view-small&sz=204&to=81&start=1
OPEN
OPEN DONE
OK RETURN
URL PRICE https://www.berluti.com/ja-jp/sukurittoreza-3ben-yongu-otchikesu/WATCH_CASE_3_NEO-SCRITTO_SWIPE-V2.html?dwvar_WATCH__CASE__3__NEO-SCRITTO__SWIPE-V2_color=ML6&to=81#viewtype=grid-view-small&sz=204&to=81&start=1 290400
colorCheck len 2
 attval SANDSTORM
 attval BLU MINERALE
color check 一致なし zaiko 0
modal one time skip
key: css val:button[data-select-id='size-1']
sizeSelect len 0
cartButton len 0
zaiko 0 x1
cartButton2 len 0
zaiko 0 2x1
zaiko 0 x3
-----------------------------
https://www.berluti.com/ja-jp/sukurittoreza-3ben-yongu-otchikesu/WATCH_CASE_3_NEO-SCRITTO_SWIPE-V2.html?dwvar_WATCH__CASE__3__NEO-SCRITTO__SWIPE-V2_color=BJ3&to=82#viewtype=grid-view-small&sz=204&to=82&start=1
OPEN
OPEN DONE
OK RETURN
URL PRICE https://www.berluti.com/ja-jp/sukurittoreza-3ben-yongu-otchikesu/WATCH_CASE_3_NEO-SCRITTO_SWIPE-V2.html?dwvar_WATCH__CASE__3__NEO-SCRITTO__SWIPE-V2_color=BJ3&to=82#viewtype=grid-view-small&sz=204&to=82&start=1 290400
colorCheck len 2
 attval SANDSTORM
 attval BLU MINERALE
color found
modal one time skip
key: css val:button[data-select-id='size-1']
sizeSelect len 0
cartButton len 0
zaiko 0 x1
cartButton2 len 0
zaiko 0 2x1
-----------------------------
https://www.berluti.com/ja-jp/sukurittoreza-3ben-yongu-otchikesu/WATCH_CASE_3_NEO-SCRITTO_SWIPE-V2.html?dwvar_WATCH__CASE__3__NEO-SCRITTO__SWIPE-V2_color=B07&to=83#viewtype=grid-view-small&sz=204&to=83&start=1
OPEN
OPEN DONE
OK RETURN
URL PRICE https://www.berluti.com/ja-jp/sukurittoreza-3ben-yongu-otchikesu/WATCH_CASE_3_NEO-SCRITTO_SWIPE-V2.html?dwvar_WATCH__CASE__3__NEO-SCRITTO__SWIPE-V2_color=B07&to=83#viewtype=grid-view-small&sz=204&to=83&start=1 290400
colorCheck len 2
 attval SANDSTORM
 attval BLU MINERALE
color check 一致なし zaiko 0
modal one time skip
key: css val:button[data-select-id='size-1']
sizeSelect len 0
cartButton len 0
zaiko 0 x1
cartButton2 len 0
zaiko 0 2x1
zaiko 0 x3
-----------------------------
https://www.berluti.com/ja-jp/sukurittoreza-3ben-yongu-otchikesu/WATCH_CASE_3_NEO-SCRITTO_SWIPE-V2.html?dwvar_WATCH__CASE__3__NEO-SCRITTO__SWIPE-V2_color=MQ4&to=84#viewtype=grid-view-small&sz=204&to=84&start=1
OPEN
OPEN DONE
OK RETURN
URL PRICE https://www.berluti.com/ja-jp/sukurittoreza-3ben-yongu-otchikesu/WATCH_CASE_3_NEO-SCRITTO_SWIPE-V2.html?dwvar_WATCH__CASE__3__NEO-SCRITTO__SWIPE-V2_color=MQ4&to=84#viewtype=grid-view-small&sz=204&to=84&start=1 290400
colorCheck len 2
 attval SANDSTORM
color found
modal one time skip
key: css val:button[data-select-id='size-1']
sizeSelect len 0
cartButton len 0
zaiko 0 x1
cartButton2 len 0
zaiko 0 2x1
-----------------------------
https://www.berluti.com/ja-jp/sukurittoreza-3ben-yongu-otchikesu/WATCH_CASE_3_NEO-SCRITTO_SWIPE-V2.html?dwvar_WATCH__CASE__3__NEO-SCRITTO__SWIPE-V2_color=G27&to=85#viewtype=grid-view-small&sz=204&to=85&start=1
OPEN
OPEN DONE
OK RETURN
URL PRICE https://www.berluti.com/ja-jp/sukurittoreza-3ben-yongu-otchikesu/WATCH_CASE_3_NEO-SCRITTO_SWIPE-V2.html?dwvar_WATCH__CASE__3__NEO-SCRITTO__SWIPE-V2_color=G27&to=85#viewtype=grid-view-small&sz=204&to=85&start=1 290400
colorCheck len 2
 attval SANDSTORM
 attval BLU MINERALE
color check 一致なし zaiko 0
modal one time skip
key: css val:button[data-select-id='size-1']
sizeSelect len 0
cartButton len 0
zaiko 0 x1
cartButton2 len 0
zaiko 0 2x1
zaiko 0 x3
-----------------------------
https://www.berluti.com/ja-jp/tari-sukurittoreza-rongujippuu-oretto/TALI_NEO-JOUR-V2.html?dwvar_TALI__NEO-JOUR-V2_color=K02&to=86#viewtype=grid-view-small&sz=204&to=86&start=1
OPEN
OPEN DONE
OK RETURN
URL PRICE https://www.berluti.com/ja-jp/tari-sukurittoreza-rongujippuu-oretto/TALI_NEO-JOUR-V2.html?dwvar_TALI__NEO-JOUR-V2_color=K02&to=86#viewtype=grid-view-small&sz=204&to=86&start=1 342100
colorCheck len 1
 attval NERO GRIGIO
color found
modal one time skip
key: css val:button[data-select-id='size-1']
sizeSelect len 0
cartButton len 2
att nashi
-----------------------------
https://www.berluti.com/ja-jp/tari-sukurittoreza-rongujippuu-oretto/TALI_NEO-JOUR-V2.html?dwvar_TALI__NEO-JOUR-V2_color=KE4&to=87#viewtype=grid-view-small&sz=204&to=87&start=1
OPEN
OPEN DONE
OK RETURN
URL PRICE https://www.berluti.com/ja-jp/tari-sukurittoreza-rongujippuu-oretto/TALI_NEO-JOUR-V2.html?dwvar_TALI__NEO-JOUR-V2_color=KE4&to=87#viewtype=grid-view-small&sz=204&to=87&start=1 342100
colorCheck len 1
 attval NERO GRIGIO
color check 一致なし zaiko 0
modal one time skip
key: css val:button[data-select-id='size-1']
sizeSelect len 0
cartButton len 2
att nashi
zaiko 0 x3
-----------------------------
https://www.berluti.com/ja-jp/tari-sukurittoreza-rongujippuu-oretto/TALI_NEO-JOUR-V2.html?dwvar_TALI__NEO-JOUR-V2_color=KE5&to=88#viewtype=grid-view-small&sz=204&to=88&start=1
OPEN
OPEN DONE
OK RETURN
URL PRICE https://www.berluti.com/ja-jp/tari-sukurittoreza-rongujippuu-oretto/TALI_NEO-JOUR-V2.html?dwvar_TALI__NEO-JOUR-V2_color=KE5&to=88#viewtype=grid-view-small&sz=204&to=88&start=1 342100
colorCheck len 1
 attval NERO GRIGIO
color check 一致なし zaiko 0
modal one time skip
key: css val:button[data-select-id='size-1']
sizeSelect len 0
cartButton len 2
att nashi
zaiko 0 x3
-----------------------------
https://www.berluti.com/ja-jp/tari-sukurittoreza-rongujippuu-oretto/TALI_NEO-JOUR-V2.html?dwvar_TALI__NEO-JOUR-V2_color=J12&to=89#viewtype=grid-view-small&sz=204&to=89&start=1
OPEN
OPEN DONE
OK RETURN
URL PRICE https://www.berluti.com/ja-jp/tari-sukurittoreza-rongujippuu-oretto/TALI_NEO-JOUR-V2.html?dwvar_TALI__NEO-JOUR-V2_color=J12&to=89#viewtype=grid-view-small&sz=204&to=89&start=1 342100
colorCheck len 1
 attval NERO GRIGIO
color check 一致なし zaiko 0
modal one time skip
key: css val:button[data-select-id='size-1']
sizeSelect len 0
cartButton len 2
att nashi
zaiko 0 x3
-----------------------------
https://www.berluti.com/ja-jp/tari-sukurittoreza-rongujippuu-oretto/TALI_NEO-JOUR-V2.html?dwvar_TALI__NEO-JOUR-V2_color=J10&to=90#viewtype=grid-view-small&sz=204&to=90&start=1
OPEN
OPEN DONE
OK RETURN
URL PRICE https://www.berluti.com/ja-jp/tari-sukurittoreza-rongujippuu-oretto/TALI_NEO-JOUR-V2.html?dwvar_TALI__NEO-JOUR-V2_color=J10&to=90#viewtype=grid-view-small&sz=204&to=90&start=1 342100
colorCheck len 1
 attval NERO GRIGIO
color check 一致なし zaiko 0
modal one time skip
key: css val:button[data-select-id='size-1']
sizeSelect len 0
cartButton len 2
att nashi
zaiko 0 x3
-----------------------------
https://www.berluti.com/ja-jp/orijinsukuritto-rezakoinpasu/ORIGINE_NEO-JOUR-V2.html?dwvar_ORIGINE__NEO-JOUR-V2_color=K02&to=91#viewtype=grid-view-small&sz=204&to=91&start=1
OPEN
OPEN DONE
OK RETURN
URL PRICE https://www.berluti.com/ja-jp/orijinsukuritto-rezakoinpasu/ORIGINE_NEO-JOUR-V2.html?dwvar_ORIGINE__NEO-JOUR-V2_color=K02&to=91#viewtype=grid-view-small&sz=204&to=91&start=1 68200
colorCheck len 2
 attval NERO GRIGIO
color found
modal one time skip
key: css val:button[data-select-id='size-1']
sizeSelect len 0
cartButton len 2
att nashi
-----------------------------
https://www.berluti.com/ja-jp/orijinsukuritto-rezakoinpasu/ORIGINE_NEO-JOUR-V2.html?dwvar_ORIGINE__NEO-JOUR-V2_color=Y23&to=92#viewtype=grid-view-small&sz=204&to=92&start=1
OPEN
OPEN DONE
OK RETURN
URL PRICE https://www.berluti.com/ja-jp/orijinsukuritto-rezakoinpasu/ORIGINE_NEO-JOUR-V2.html?dwvar_ORIGINE__NEO-JOUR-V2_color=Y23&to=92#viewtype=grid-view-small&sz=204&to=92&start=1 68200
colorCheck len 2
 attval NERO GRIGIO
 attval MIRAGGIO
color found
modal one time skip
key: css val:button[data-select-id='size-1']
sizeSelect len 0
cartButton len 2
att nashi
-----------------------------
https://www.berluti.com/ja-jp/makore-sukurittoreza-konpakutou-oretto/MAKORE_NEO-JOUR-V2.html?dwvar_MAKORE__NEO-JOUR-V2_color=G11&to=93#viewtype=grid-view-small&sz=204&to=93&start=1
OPEN
OPEN DONE
OK RETURN
URL PRICE https://www.berluti.com/ja-jp/makore-sukurittoreza-konpakutou-oretto/MAKORE_NEO-JOUR-V2.html?dwvar_MAKORE__NEO-JOUR-V2_color=G11&to=93#viewtype=grid-view-small&sz=204&to=93&start=1 127600
colorCheck len 3
 attval NERO GRIGIO
 attval CACAO INTENSO
 attval JUNGLE GREEN
color found
modal one time skip
key: css val:button[data-select-id='size-1']
sizeSelect len 0
cartButton len 2
att nashi
-----------------------------
https://www.berluti.com/ja-jp/makore-sukurittoreza-konpakutou-oretto/MAKORE_NEO-JOUR-V2.html?dwvar_MAKORE__NEO-JOUR-V2_color=K02&to=94#viewtype=grid-view-small&sz=204&to=94&start=1
OPEN
OPEN DONE
OK RETURN
URL PRICE https://www.berluti.com/ja-jp/makore-sukurittoreza-konpakutou-oretto/MAKORE_NEO-JOUR-V2.html?dwvar_MAKORE__NEO-JOUR-V2_color=K02&to=94#viewtype=grid-view-small&sz=204&to=94&start=1 127600
colorCheck len 3
 attval NERO GRIGIO
color found
modal one time skip
key: css val:button[data-select-id='size-1']
sizeSelect len 0
cartButton len 2
att nashi
-----------------------------
https://www.berluti.com/ja-jp/makore-sukurittoreza-konpakutou-oretto/MAKORE_NEO-JOUR-V2.html?dwvar_MAKORE__NEO-JOUR-V2_color=ML6&to=95#viewtype=grid-view-small&sz=204&to=95&start=1
OPEN
OPEN DONE
OK RETURN
URL PRICE https://www.berluti.com/ja-jp/makore-sukurittoreza-konpakutou-oretto/MAKORE_NEO-JOUR-V2.html?dwvar_MAKORE__NEO-JOUR-V2_color=ML6&to=95#viewtype=grid-view-small&sz=204&to=95&start=1 127600
colorCheck len 3
 attval NERO GRIGIO
 attval CACAO INTENSO
color found
modal one time skip
key: css val:button[data-select-id='size-1']
sizeSelect len 0
cartButton len 2
att nashi
-----------------------------
https://www.berluti.com/ja-jp/makore-towaru-marubufu-u-oretto/MAKORE_NEO-TOILE_MARBEUF-T19.html?dwvar_MAKORE__NEO-TOILE__MARBEUF-T19_color=MO5&to=96#viewtype=grid-view-small&sz=204&to=96&start=1
OPEN
OPEN DONE
OK RETURN
URL PRICE https://www.berluti.com/ja-jp/makore-towaru-marubufu-u-oretto/MAKORE_NEO-TOILE_MARBEUF-T19.html?dwvar_MAKORE__NEO-TOILE__MARBEUF-T19_color=MO5&to=96#viewtype=grid-view-small&sz=204&to=96&start=1 NOTFOUND
colorCheck len 0
-----------------------------
https://www.berluti.com/ja-jp/akaju-sukurittoreza-u-oretto/ACAJOU_NEO-JOUR-V2.html?dwvar_ACAJOU__NEO-JOUR-V2_color=ML6&to=97#viewtype=grid-view-small&sz=204&to=97&start=1
OPEN
OPEN DONE
OK RETURN
URL PRICE https://www.berluti.com/ja-jp/akaju-sukurittoreza-u-oretto/ACAJOU_NEO-JOUR-V2.html?dwvar_ACAJOU__NEO-JOUR-V2_color=ML6&to=97#viewtype=grid-view-small&sz=204&to=97&start=1 136400
colorCheck len 1
 attval CACAO INTENSO
color found
modal one time skip
key: css val:button[data-select-id='size-1']
sizeSelect len 0
cartButton len 2
att nashi
-----------------------------
https://www.berluti.com/ja-jp/itauba-sukuea-sukurittoreza-jippuu-oretto/ITAUBA_SQUARE_NEO-JOUR-V2.html?dwvar_ITAUBA__SQUARE__NEO-JOUR-V2_color=K02&to=98#viewtype=grid-view-small&sz=204&to=98&start=1
OPEN
OPEN DONE
OK RETURN
URL PRICE https://www.berluti.com/ja-jp/itauba-sukuea-sukurittoreza-jippuu-oretto/ITAUBA_SQUARE_NEO-JOUR-V2.html?dwvar_ITAUBA__SQUARE__NEO-JOUR-V2_color=K02&to=98#viewtype=grid-view-small&sz=204&to=98&start=1 156200
colorCheck len 1
 attval NERO GRIGIO
color found
modal one time skip
key: css val:button[data-select-id='size-1']
sizeSelect len 0
cartButton len 2
att nashi
-----------------------------
https://www.berluti.com/ja-jp/itauba-sukuea-sukurittoreza-jippuu-oretto/ITAUBA_SQUARE_NEO-JOUR-V2.html?dwvar_ITAUBA__SQUARE__NEO-JOUR-V2_color=R78&to=99#viewtype=grid-view-small&sz=204&to=99&start=1
OPEN
OPEN DONE
OK RETURN
URL PRICE https://www.berluti.com/ja-jp/itauba-sukuea-sukurittoreza-jippuu-oretto/ITAUBA_SQUARE_NEO-JOUR-V2.html?dwvar_ITAUBA__SQUARE__NEO-JOUR-V2_color=R78&to=99#viewtype=grid-view-small&sz=204&to=99&start=1 156200
colorCheck len 1
 attval NERO GRIGIO
color check 一致なし zaiko 0
modal one time skip
key: css val:button[data-select-id='size-1']
sizeSelect len 0
cartButton len 2
att nashi
zaiko 0 x3
-----------------------------
https://www.berluti.com/ja-jp/aibi-sukurittosuwaipu-reza-toiretaripochi/IVY-JOUR-V2.html?dwvar_IVY-JOUR-V2_color=G27&to=100#viewtype=grid-view-small&sz=204&to=100&start=1
OPEN
OPEN DONE
OK RETURN
URL PRICE https://www.berluti.com/ja-jp/aibi-sukurittosuwaipu-reza-toiretaripochi/IVY-JOUR-V2.html?dwvar_IVY-JOUR-V2_color=G27&to=100#viewtype=grid-view-small&sz=204&to=100&start=1 191400
colorCheck len 1
 attval OPUNTIA 
color check 一致なし zaiko 0
modal one time skip
key: css val:button[data-select-id='size-1']
sizeSelect len 0
cartButton len 2
att nashi
zaiko 0 x3
-----------------------------
https://www.berluti.com/ja-jp/jagua-sukurittosuwaipureza-kadohoruda/JAGUA_NEO_GRADIANT-JOUR-V2.html?dwvar_JAGUA__NEO__GRADIANT-JOUR-V2_color=KH6&to=101#viewtype=grid-view-small&sz=204&to=101&start=1
OPEN
OPEN DONE
OK RETURN
URL PRICE https://www.berluti.com/ja-jp/jagua-sukurittosuwaipureza-kadohoruda/JAGUA_NEO_GRADIANT-JOUR-V2.html?dwvar_JAGUA__NEO__GRADIANT-JOUR-V2_color=KH6&to=101#viewtype=grid-view-small&sz=204&to=101&start=1 NOTFOUND
colorCheck len 0
-----------------------------
https://www.berluti.com/ja-jp/badi-towaru-marubufu-ronguu-oretto/BADI-TOILE_MARBEUF-T19.html?dwvar_BADI-TOILE__MARBEUF-T19_color=MO5&to=102#viewtype=grid-view-small&sz=204&to=102&start=1
OPEN
OPEN DONE
OK RETURN
URL PRICE https://www.berluti.com/ja-jp/badi-towaru-marubufu-ronguu-oretto/BADI-TOILE_MARBEUF-T19.html?dwvar_BADI-TOILE__MARBEUF-T19_color=MO5&to=102#viewtype=grid-view-small&sz=204&to=102&start=1 NOTFOUND
colorCheck len 0
-----------------------------
https://www.berluti.com/ja-jp/sukurittoreza-iphone-15-proforio/IPHONE_15_PRO_FOLIO-SCRITTO-V2.html?dwvar_IPHONE__15__PRO__FOLIO-SCRITTO-V2_color=B07&to=103#viewtype=grid-view-small&sz=204&to=103&start=1
OPEN
OPEN DONE
OK RETURN
URL PRICE https://www.berluti.com/ja-jp/sukurittoreza-iphone-15-proforio/IPHONE_15_PRO_FOLIO-SCRITTO-V2.html?dwvar_IPHONE__15__PRO__FOLIO-SCRITTO-V2_color=B07&to=103#viewtype=grid-view-small&sz=204&to=103&start=1 NOTFOUND
colorCheck len 0
-----------------------------
https://www.berluti.com/ja-jp/sukurittoreza-iphone-15-proforio/IPHONE_15_PRO_FOLIO-SCRITTO-V2.html?dwvar_IPHONE__15__PRO__FOLIO-SCRITTO-V2_color=MH2&to=104#viewtype=grid-view-small&sz=204&to=104&start=1
OPEN
OPEN DONE
OK RETURN
URL PRICE https://www.berluti.com/ja-jp/sukurittoreza-iphone-15-proforio/IPHONE_15_PRO_FOLIO-SCRITTO-V2.html?dwvar_IPHONE__15__PRO__FOLIO-SCRITTO-V2_color=MH2&to=104#viewtype=grid-view-small&sz=204&to=104&start=1 NOTFOUND
colorCheck len 0
-----------------------------
https://www.berluti.com/ja-jp/inbuia-guradianto-sukurittoreza-kadohoruda/IMBUIA_NEO_GRADIANT-JOUR-V2.html?dwvar_IMBUIA__NEO__GRADIANT-JOUR-V2_color=RA1&to=105#viewtype=grid-view-small&sz=204&to=105&start=1
OPEN
OPEN DONE
OK RETURN
URL PRICE https://www.berluti.com/ja-jp/inbuia-guradianto-sukurittoreza-kadohoruda/IMBUIA_NEO_GRADIANT-JOUR-V2.html?dwvar_IMBUIA__NEO__GRADIANT-JOUR-V2_color=RA1&to=105#viewtype=grid-view-small&sz=204&to=105&start=1 108900
colorCheck len 2
 attval ST EMILION & CACAO INTENSO
 attval MIRAGGIO
color check 一致なし zaiko 0
modal one time skip
key: css val:button[data-select-id='size-1']
sizeSelect len 0
cartButton len 2
att nashi
zaiko 0 x3
-----------------------------
https://www.berluti.com/ja-jp/inbuia-towaru-marubufu-kadohoruda/IMBUIA_NEO-TOILE_MARBEUF-T19.html?dwvar_IMBUIA__NEO-TOILE__MARBEUF-T19_color=MO5&to=106#viewtype=grid-view-small&sz=204&to=106&start=1
OPEN
OPEN DONE
OK RETURN
URL PRICE https://www.berluti.com/ja-jp/inbuia-towaru-marubufu-kadohoruda/IMBUIA_NEO-TOILE_MARBEUF-T19.html?dwvar_IMBUIA__NEO-TOILE__MARBEUF-T19_color=MO5&to=106#viewtype=grid-view-small&sz=204&to=106&start=1 NOTFOUND
colorCheck len 0
-----------------------------
https://www.berluti.com/ja-jp/buna-sukurittoreza-kadohoruda/BUNA-JOUR-V2.html?dwvar_BUNA-JOUR-V2_color=ML6&to=107#viewtype=grid-view-small&sz=204&to=107&start=1
OPEN
OPEN DONE
OK RETURN
URL PRICE https://www.berluti.com/ja-jp/buna-sukurittoreza-kadohoruda/BUNA-JOUR-V2.html?dwvar_BUNA-JOUR-V2_color=ML6&to=107#viewtype=grid-view-small&sz=204&to=107&start=1 127600
colorCheck len 1
 attval CACAO INTENSO
color found
modal one time skip
key: css val:button[data-select-id='size-1']
sizeSelect len 0
cartButton len 2
att nashi
-----------------------------
https://www.berluti.com/ja-jp/makore-surimu-reza-konpakutou-oretto/MAKORE_SLIM_NEO-JOUR-V1.html?dwvar_MAKORE__SLIM__NEO-JOUR-V1_color=ML6&to=108#viewtype=grid-view-small&sz=204&to=108&start=1
OPEN
OPEN DONE
OK RETURN
URL PRICE https://www.berluti.com/ja-jp/makore-surimu-reza-konpakutou-oretto/MAKORE_SLIM_NEO-JOUR-V1.html?dwvar_MAKORE__SLIM__NEO-JOUR-V1_color=ML6&to=108#viewtype=grid-view-small&sz=204&to=108&start=1 123200
colorCheck len 2
 attval ALBA
 attval CACAO INTENSO
color found
modal one time skip
key: css val:button[data-select-id='size-1']
sizeSelect len 0
cartButton len 2
att nashi
-----------------------------
https://www.berluti.com/ja-jp/jagua-towaru-marubufu-kadohoruda/JAGUA_NEO-TOILE_MARBEUF-T19.html?dwvar_JAGUA__NEO-TOILE__MARBEUF-T19_color=MO5&to=109#viewtype=grid-view-small&sz=204&to=109&start=1
OPEN
OPEN DONE
OK RETURN
URL PRICE https://www.berluti.com/ja-jp/jagua-towaru-marubufu-kadohoruda/JAGUA_NEO-TOILE_MARBEUF-T19.html?dwvar_JAGUA__NEO-TOILE__MARBEUF-T19_color=MO5&to=109#viewtype=grid-view-small&sz=204&to=109&start=1 NOTFOUND
colorCheck len 0
-----------------------------
https://www.berluti.com/ja-jp/banbu-towaru-marubufu-kadohoruda/BAMBOU_NEO-TOILE_MARBEUF-T19.html?dwvar_BAMBOU__NEO-TOILE__MARBEUF-T19_color=MO5&to=110#viewtype=grid-view-small&sz=204&to=110&start=1
OPEN
OPEN DONE
OK RETURN
URL PRICE https://www.berluti.com/ja-jp/banbu-towaru-marubufu-kadohoruda/BAMBOU_NEO-TOILE_MARBEUF-T19.html?dwvar_BAMBOU__NEO-TOILE__MARBEUF-T19_color=MO5&to=110#viewtype=grid-view-small&sz=204&to=110&start=1 NOTFOUND
colorCheck len 0
-----------------------------
https://www.berluti.com/ja-jp/akaju-towaru-marubufu-u-oretto/ACAJOU_NEO-TOILE_MARBEUF-T19.html?dwvar_ACAJOU__NEO-TOILE__MARBEUF-T19_color=MO5&to=111#viewtype=grid-view-small&sz=204&to=111&start=1
OPEN
OPEN DONE
OK RETURN
URL PRICE https://www.berluti.com/ja-jp/akaju-towaru-marubufu-u-oretto/ACAJOU_NEO-TOILE_MARBEUF-T19.html?dwvar_ACAJOU__NEO-TOILE__MARBEUF-T19_color=MO5&to=111#viewtype=grid-view-small&sz=204&to=111&start=1 NOTFOUND
colorCheck len 0
-----------------------------
https://www.berluti.com/ja-jp/santaru-guradianto-sukurittoreza-ronguu-oretto/SANTAL_NEO_GRADIANT-JOUR-V2.html?dwvar_SANTAL__NEO__GRADIANT-JOUR-V2_color=R78&to=112#viewtype=grid-view-small&sz=204&to=112&start=1
OPEN
OPEN ERROR COUGHT
ERROR MESSAGE[Message: unknown error: net::ERR_NAME_NOT_RESOLVED
  (Session info: chrome=143.0.7499.110)
Stacktrace:
Symbols not available. Dumping unresolved backtrace:
	0x7ff634018895
	0x7ff6340188f0
	0x7ff633df165d
	0x7ff633dee1dd
	0x7ff633ddeb69
	0x7ff633de0974
	0x7ff633ddf10f
	0x7ff633dde871
	0x7ff633dde5bd
	0x7ff633ddc20a
	0x7ff633ddc9f2
	0x7ff633df5950
	0x7ff633e9bad4
	0x7ff633e71fda
	0x7ff633e9ac97
	0x7ff633e3ac29
	0x7ff633e3ba93
	0x7ff6343305f0
	0x7ff63432af30
	0x7ff634349696
	0x7ff634035d94
	0x7ff63403ed3c
	0x7ff634021fb4
	0x7ff634022165
	0x7ff634007e92
	0x7fff0fd9e8d7
	0x7fff11aac53c
]
DNS ERROR FOUND, WILL RETURN
-----------------------------
https://www.berluti.com/ja-jp/esupasu-sukurittoreza-ronguu-oretto/ESPACE_NEO-JOUR-V2.html?dwvar_ESPACE__NEO-JOUR-V2_color=ML6&to=113#viewtype=grid-view-small&sz=204&to=113&start=1
OPEN
OPEN DONE
OK RETURN
URL PRICE https://www.berluti.com/ja-jp/esupasu-sukurittoreza-ronguu-oretto/ESPACE_NEO-JOUR-V2.html?dwvar_ESPACE__NEO-JOUR-V2_color=ML6&to=113#viewtype=grid-view-small&sz=204&to=113&start=1 174900
colorCheck len 3
 attval NERO GRIGIO
 attval CACAO INTENSO
color found
modal one time skip
key: css val:button[data-select-id='size-1']
sizeSelect len 0
cartButton len 2
att nashi
-----------------------------
https://www.berluti.com/ja-jp/esupasu-sukurittoreza-ronguu-oretto/ESPACE_NEO-JOUR-V2.html?dwvar_ESPACE__NEO-JOUR-V2_color=K02&to=114#viewtype=grid-view-small&sz=204&to=114&start=1
OPEN
OPEN DONE
OK RETURN
URL PRICE https://www.berluti.com/ja-jp/esupasu-sukurittoreza-ronguu-oretto/ESPACE_NEO-JOUR-V2.html?dwvar_ESPACE__NEO-JOUR-V2_color=K02&to=114#viewtype=grid-view-small&sz=204&to=114&start=1 174900
colorCheck len 3
 attval NERO GRIGIO
color found
modal one time skip
key: css val:button[data-select-id='size-1']
sizeSelect len 0
cartButton len 2
att nashi
-----------------------------
https://www.berluti.com/ja-jp/esupasu-guradianto-sukurittoreza-ronguu-oretto/ESPACE_NEO_GRADIANT-JOUR-V2.html?dwvar_ESPACE__NEO__GRADIANT-JOUR-V2_color=B07&to=115#viewtype=grid-view-small&sz=204&to=115&start=1
OPEN
OPEN DONE
OK RETURN
URL PRICE https://www.berluti.com/ja-jp/esupasu-guradianto-sukurittoreza-ronguu-oretto/ESPACE_NEO_GRADIANT-JOUR-V2.html?dwvar_ESPACE__NEO__GRADIANT-JOUR-V2_color=B07&to=115#viewtype=grid-view-small&sz=204&to=115&start=1 191400
colorCheck len 1
 attval STONE DENIM
color found
modal one time skip
key: css val:button[data-select-id='size-1']
sizeSelect len 0
cartButton len 2
att nashi
-----------------------------
https://www.berluti.com/ja-jp/jagua-reza-poketto-oganaiza/JAGUA_NEO-JOUR-V1.html?dwvar_JAGUA__NEO-JOUR-V1_color=ML6&to=116#viewtype=grid-view-small&sz=204&to=116&start=1
OPEN
OPEN DONE
OK RETURN
URL PRICE https://www.berluti.com/ja-jp/jagua-reza-poketto-oganaiza/JAGUA_NEO-JOUR-V1.html?dwvar_JAGUA__NEO-JOUR-V1_color=ML6&to=116#viewtype=grid-view-small&sz=204&to=116&start=1 90200
colorCheck len 3
 attval BOREALE
 attval CACAO INTENSO
color found
modal one time skip
key: css val:button[data-select-id='size-1']
sizeSelect len 0
cartButton len 2
att nashi
-----------------------------
https://www.berluti.com/ja-jp/jagua-reza-poketto-oganaiza/JAGUA_NEO-JOUR-V1.html?dwvar_JAGUA__NEO-JOUR-V1_color=F06&to=117#viewtype=grid-view-small&sz=204&to=117&start=1
OPEN
OPEN DONE
OK RETURN
URL PRICE https://www.berluti.com/ja-jp/jagua-reza-poketto-oganaiza/JAGUA_NEO-JOUR-V1.html?dwvar_JAGUA__NEO-JOUR-V1_color=F06&to=117#viewtype=grid-view-small&sz=204&to=117&start=1 90200
colorCheck len 3
 attval BOREALE
 attval CACAO INTENSO
 attval ARANCIO VERMIGLIO
color found
modal one time skip
key: css val:button[data-select-id='size-1']
sizeSelect len 0
cartButton len 2
att nashi
-----------------------------
https://www.berluti.com/ja-jp/jagua-sukurittoreza-kadohoruda/JAGUA_NEO-JOUR-V2.html?dwvar_JAGUA__NEO-JOUR-V2_color=K02&to=118#viewtype=grid-view-small&sz=204&to=118&start=1
OPEN
OPEN DONE
OK RETURN
URL PRICE https://www.berluti.com/ja-jp/jagua-sukurittoreza-kadohoruda/JAGUA_NEO-JOUR-V2.html?dwvar_JAGUA__NEO-JOUR-V2_color=K02&to=118#viewtype=grid-view-small&sz=204&to=118&start=1 99000
colorCheck len 2
 attval NERO GRIGIO
color found
modal one time skip
key: css val:button[data-select-id='size-1']
sizeSelect len 0
cartButton len 2
att nashi
-----------------------------
https://www.berluti.com/ja-jp/jagua-sukurittoreza-kadohoruda/JAGUA_NEO-JOUR-V2.html?dwvar_JAGUA__NEO-JOUR-V2_color=ML6&to=119#viewtype=grid-view-small&sz=204&to=119&start=1
OPEN
OPEN DONE
OK RETURN
URL PRICE https://www.berluti.com/ja-jp/jagua-sukurittoreza-kadohoruda/JAGUA_NEO-JOUR-V2.html?dwvar_JAGUA__NEO-JOUR-V2_color=ML6&to=119#viewtype=grid-view-small&sz=204&to=119&start=1 99000
colorCheck len 2
 attval NERO GRIGIO
 attval CACAO INTENSO
color found
modal one time skip
key: css val:button[data-select-id='size-1']
sizeSelect len 0
cartButton len 2
att nashi
-----------------------------
https://www.berluti.com/ja-jp/jagua-sukurittoreza-kadohoruda/JAGUA_NEO-JOUR-V2.html?dwvar_JAGUA__NEO-JOUR-V2_color=G11&to=120#viewtype=grid-view-small&sz=204&to=120&start=1
OPEN
OPEN DONE
OK RETURN
URL PRICE https://www.berluti.com/ja-jp/jagua-sukurittoreza-kadohoruda/JAGUA_NEO-JOUR-V2.html?dwvar_JAGUA__NEO-JOUR-V2_color=G11&to=120#viewtype=grid-view-small&sz=204&to=120&start=1 99000
colorCheck len 2
 attval NERO GRIGIO
 attval CACAO INTENSO
color check 一致なし zaiko 0
modal one time skip
key: css val:button[data-select-id='size-1']
sizeSelect len 0
cartButton len 2
att nashi
zaiko 0 x3
-----------------------------
https://www.berluti.com/ja-jp/jagua-reza-kadohoruda/JAGUA_NEO_GRADIANT-JOUR-V1.html?dwvar_JAGUA__NEO__GRADIANT-JOUR-V1_color=B07&to=121#viewtype=grid-view-small&sz=204&to=121&start=1
OPEN
OPEN DONE
OK RETURN
URL PRICE https://www.berluti.com/ja-jp/jagua-reza-kadohoruda/JAGUA_NEO_GRADIANT-JOUR-V1.html?dwvar_JAGUA__NEO__GRADIANT-JOUR-V1_color=B07&to=121#viewtype=grid-view-small&sz=204&to=121&start=1 NOTFOUND
colorCheck len 0
-----------------------------
https://www.berluti.com/ja-jp/itauba-waido-sukurittoreza/ITAUBA_WIDE_NEO-JOUR-V2.html?dwvar_ITAUBA__WIDE__NEO-JOUR-V2_color=ML6&to=122#viewtype=grid-view-small&sz=204&to=122&start=1
OPEN
OPEN DONE
OK RETURN
URL PRICE https://www.berluti.com/ja-jp/itauba-waido-sukurittoreza/ITAUBA_WIDE_NEO-JOUR-V2.html?dwvar_ITAUBA__WIDE__NEO-JOUR-V2_color=ML6&to=122#viewtype=grid-view-small&sz=204&to=122&start=1 NOTFOUND
colorCheck len 0
-----------------------------
https://www.berluti.com/ja-jp/itauba-waido-sukurittoreza/ITAUBA_WIDE_NEO-JOUR-V2.html?dwvar_ITAUBA__WIDE__NEO-JOUR-V2_color=BJ3&to=123#viewtype=grid-view-small&sz=204&to=123&start=1
OPEN
OPEN DONE
OK RETURN
URL PRICE https://www.berluti.com/ja-jp/itauba-waido-sukurittoreza/ITAUBA_WIDE_NEO-JOUR-V2.html?dwvar_ITAUBA__WIDE__NEO-JOUR-V2_color=BJ3&to=123#viewtype=grid-view-small&sz=204&to=123&start=1 NOTFOUND
colorCheck len 0
-----------------------------
https://www.berluti.com/ja-jp/sukuritto-reza-2-shiga-kesu/CIGAR_CASE_2_NEO-V2.html?dwvar_CIGAR__CASE__2__NEO-V2_color=ML6&to=124#viewtype=grid-view-small&sz=204&to=124&start=1
OPEN
OPEN DONE
OK RETURN
URL PRICE https://www.berluti.com/ja-jp/sukuritto-reza-2-shiga-kesu/CIGAR_CASE_2_NEO-V2.html?dwvar_CIGAR__CASE__2__NEO-V2_color=ML6&to=124#viewtype=grid-view-small&sz=204&to=124&start=1 190300
colorCheck len 3
 attval CACAO INTENSO
color found
modal one time skip
key: css val:button[data-select-id='size-1']
sizeSelect len 0
cartButton len 2
att nashi
-----------------------------
https://www.berluti.com/ja-jp/sukuritto-reza-2-shiga-kesu/CIGAR_CASE_2_NEO-V2.html?dwvar_CIGAR__CASE__2__NEO-V2_color=F06&to=125#viewtype=grid-view-small&sz=204&to=125&start=1
OPEN
OPEN DONE
OK RETURN
URL PRICE https://www.berluti.com/ja-jp/sukuritto-reza-2-shiga-kesu/CIGAR_CASE_2_NEO-V2.html?dwvar_CIGAR__CASE__2__NEO-V2_color=F06&to=125#viewtype=grid-view-small&sz=204&to=125&start=1 190300
colorCheck len 3
 attval CACAO INTENSO
 attval SANDSTORM
 attval ARANCIO VERMIGLIO
color found
modal one time skip
key: css val:button[data-select-id='size-1']
sizeSelect len 0
cartButton len 2
att nashi
-----------------------------
https://www.berluti.com/ja-jp/sukuritto-reza-2-shiga-kesu/CIGAR_CASE_2_NEO-V2.html?dwvar_CIGAR__CASE__2__NEO-V2_color=MQ4&to=126#viewtype=grid-view-small&sz=204&to=126&start=1
OPEN
OPEN DONE
OK RETURN
URL PRICE https://www.berluti.com/ja-jp/sukuritto-reza-2-shiga-kesu/CIGAR_CASE_2_NEO-V2.html?dwvar_CIGAR__CASE__2__NEO-V2_color=MQ4&to=126#viewtype=grid-view-small&sz=204&to=126&start=1 190300
colorCheck len 3
 attval CACAO INTENSO
 attval SANDSTORM
color found
modal one time skip
key: css val:button[data-select-id='size-1']
sizeSelect len 0
cartButton len 2
att nashi
-----------------------------
https://www.berluti.com/ja-jp/sukuritto-reza-2-shiga-kesu/CIGAR_CASE_2_NEO-V2.html?dwvar_CIGAR__CASE__2__NEO-V2_color=G11&to=127#viewtype=grid-view-small&sz=204&to=127&start=1
OPEN
OPEN DONE
OK RETURN
URL PRICE https://www.berluti.com/ja-jp/sukuritto-reza-2-shiga-kesu/CIGAR_CASE_2_NEO-V2.html?dwvar_CIGAR__CASE__2__NEO-V2_color=G11&to=127#viewtype=grid-view-small&sz=204&to=127&start=1 190300
colorCheck len 3
 attval CACAO INTENSO
 attval SANDSTORM
 attval ARANCIO VERMIGLIO
color check 一致なし zaiko 0
modal one time skip
key: css val:button[data-select-id='size-1']
sizeSelect len 1
選択： サイズ
optionEles len 1
attribute nashi
except ari2
SZEXP disabled size-selector-btn
except nashi
TTTTTT1 TU
TTTTTT2 TU
[TU]
concat size  True
-----------------------------
https://www.berluti.com/ja-jp/sukuritto-reza-4-shiga-kesu/CIGAR_CASE_4_NEO-V2.html?dwvar_CIGAR__CASE__4__NEO-V2_color=BJ3&to=128#viewtype=grid-view-small&sz=204&to=128&start=1
OPEN
OPEN DONE
OK RETURN
URL PRICE https://www.berluti.com/ja-jp/sukuritto-reza-4-shiga-kesu/CIGAR_CASE_4_NEO-V2.html?dwvar_CIGAR__CASE__4__NEO-V2_color=BJ3&to=128#viewtype=grid-view-small&sz=204&to=128&start=1 259600
colorCheck len 2
 attval CACAO INTENSO
 attval BLU MINERALE
color found
modal one time skip
key: css val:button[data-select-id='size-1']
sizeSelect len 0
cartButton len 2
att nashi
-----------------------------
https://www.berluti.com/ja-jp/sukuritto-reza-4-shiga-kesu/CIGAR_CASE_4_NEO-V2.html?dwvar_CIGAR__CASE__4__NEO-V2_color=G02&to=129#viewtype=grid-view-small&sz=204&to=129&start=1
OPEN
OPEN DONE
OK RETURN
URL PRICE https://www.berluti.com/ja-jp/sukuritto-reza-4-shiga-kesu/CIGAR_CASE_4_NEO-V2.html?dwvar_CIGAR__CASE__4__NEO-V2_color=G02&to=129#viewtype=grid-view-small&sz=204&to=129&start=1 259600
colorCheck len 2
 attval CACAO INTENSO
 attval BLU MINERALE
color check 一致なし zaiko 0
modal one time skip
key: css val:button[data-select-id='size-1']
sizeSelect len 1
選択： サイズ
optionEles len 1
attribute nashi
except ari2
SZEXP disabled size-selector-btn
except nashi
TTTTTT1 TU
TTTTTT2 TU
[TU]
concat size  True
-----------------------------
https://www.berluti.com/ja-jp/sukuritto-reza-4-shiga-kesu/CIGAR_CASE_4_NEO-V2.html?dwvar_CIGAR__CASE__4__NEO-V2_color=B07&to=130#viewtype=grid-view-small&sz=204&to=130&start=1
OPEN
OPEN DONE
OK RETURN
URL PRICE https://www.berluti.com/ja-jp/sukuritto-reza-4-shiga-kesu/CIGAR_CASE_4_NEO-V2.html?dwvar_CIGAR__CASE__4__NEO-V2_color=B07&to=130#viewtype=grid-view-small&sz=204&to=130&start=1 259600
colorCheck len 2
 attval CACAO INTENSO
 attval BLU MINERALE
color check 一致なし zaiko 0
modal one time skip
key: css val:button[data-select-id='size-1']
sizeSelect len 1
選択： サイズ
optionEles len 1
attribute nashi
except ari2
SZEXP disabled size-selector-btn
except nashi
TTTTTT1 TU
TTTTTT2 TU
[TU]
concat size  True
-----------------------------
https://www.berluti.com/ja-jp/banbu-tetorisu-sukurittoreza-kadohoruda/BAMBOU_TETRIS_NEO-JOUR-V2.html?dwvar_BAMBOU__TETRIS__NEO-JOUR-V2_color=BJ3&to=131#viewtype=grid-view-small&sz=204&to=131&start=1
OPEN
OPEN DONE
OK RETURN
URL PRICE https://www.berluti.com/ja-jp/banbu-tetorisu-sukurittoreza-kadohoruda/BAMBOU_TETRIS_NEO-JOUR-V2.html?dwvar_BAMBOU__TETRIS__NEO-JOUR-V2_color=BJ3&to=131#viewtype=grid-view-small&sz=204&to=131&start=1 92400
colorCheck len 2
 attval NERO GRIGIO
 attval BLU MINERALE
color found
modal one time skip
key: css val:button[data-select-id='size-1']
sizeSelect len 0
cartButton len 2
att nashi
-----------------------------
https://www.berluti.com/ja-jp/banbu-tetorisu-sukurittoreza-kadohoruda/BAMBOU_TETRIS_NEO-JOUR-V2.html?dwvar_BAMBOU__TETRIS__NEO-JOUR-V2_color=K02&to=132#viewtype=grid-view-small&sz=204&to=132&start=1
OPEN
OPEN DONE
OK RETURN
URL PRICE https://www.berluti.com/ja-jp/banbu-tetorisu-sukurittoreza-kadohoruda/BAMBOU_TETRIS_NEO-JOUR-V2.html?dwvar_BAMBOU__TETRIS__NEO-JOUR-V2_color=K02&to=132#viewtype=grid-view-small&sz=204&to=132&start=1 92400
colorCheck len 2
 attval NERO GRIGIO
color found
modal one time skip
key: css val:button[data-select-id='size-1']
sizeSelect len 0
cartButton len 2
att nashi
-----------------------------
https://www.berluti.com/ja-jp/banbu-neo-sukurittosuwaipurezakadohoruda/BAMBOU_NEO-JOUR-V2.html?dwvar_BAMBOU__NEO-JOUR-V2_color=ML6&to=133#viewtype=grid-view-small&sz=204&to=133&start=1
OPEN
OPEN DONE
OK RETURN
URL PRICE https://www.berluti.com/ja-jp/banbu-neo-sukurittosuwaipurezakadohoruda/BAMBOU_NEO-JOUR-V2.html?dwvar_BAMBOU__NEO-JOUR-V2_color=ML6&to=133#viewtype=grid-view-small&sz=204&to=133&start=1 68200
colorCheck len 5
 attval NERO GRIGIO
 attval CACAO INTENSO
color found
modal one time skip
key: css val:button[data-select-id='size-1']
sizeSelect len 0
cartButton len 2
att nashi
-----------------------------
https://www.berluti.com/ja-jp/banbu-neo-sukurittosuwaipurezakadohoruda/BAMBOU_NEO-JOUR-V2.html?dwvar_BAMBOU__NEO-JOUR-V2_color=K02&to=134#viewtype=grid-view-small&sz=204&to=134&start=1
OPEN
OPEN DONE
OK RETURN
URL PRICE https://www.berluti.com/ja-jp/banbu-neo-sukurittosuwaipurezakadohoruda/BAMBOU_NEO-JOUR-V2.html?dwvar_BAMBOU__NEO-JOUR-V2_color=K02&to=134#viewtype=grid-view-small&sz=204&to=134&start=1 68200
colorCheck len 5
 attval NERO GRIGIO
color found
modal one time skip
key: css val:button[data-select-id='size-1']
sizeSelect len 0
cartButton len 2
att nashi
-----------------------------
https://www.berluti.com/ja-jp/banbu-neo-sukurittosuwaipurezakadohoruda/BAMBOU_NEO-JOUR-V2.html?dwvar_BAMBOU__NEO-JOUR-V2_color=G02&to=135#viewtype=grid-view-small&sz=204&to=135&start=1
OPEN
OPEN DONE
OK RETURN
URL PRICE https://www.berluti.com/ja-jp/banbu-neo-sukurittosuwaipurezakadohoruda/BAMBOU_NEO-JOUR-V2.html?dwvar_BAMBOU__NEO-JOUR-V2_color=G02&to=135#viewtype=grid-view-small&sz=204&to=135&start=1 68200
colorCheck len 5
 attval NERO GRIGIO
 attval CACAO INTENSO
 attval LIGHT SAINT EMILION
 attval NERO CAVIAR
color found
modal one time skip
key: css val:button[data-select-id='size-1']
sizeSelect len 0
cartButton len 2
att nashi
-----------------------------
https://www.berluti.com/ja-jp/banbu-neo-sukurittosuwaipurezakadohoruda/BAMBOU_NEO-JOUR-V2.html?dwvar_BAMBOU__NEO-JOUR-V2_color=R78&to=136#viewtype=grid-view-small&sz=204&to=136&start=1
OPEN
OPEN DONE
OK RETURN
URL PRICE https://www.berluti.com/ja-jp/banbu-neo-sukurittosuwaipurezakadohoruda/BAMBOU_NEO-JOUR-V2.html?dwvar_BAMBOU__NEO-JOUR-V2_color=R78&to=136#viewtype=grid-view-small&sz=204&to=136&start=1 68200
colorCheck len 5
 attval NERO GRIGIO
 attval CACAO INTENSO
 attval LIGHT SAINT EMILION
color found
modal one time skip
key: css val:button[data-select-id='size-1']
sizeSelect len 0
cartButton len 2
att nashi
-----------------------------
https://www.berluti.com/ja-jp/banbu-6ccsukurittoreza-kadohoruda/BAMBOU_6CC_NEO-JOUR-V2.html?dwvar_BAMBOU__6CC__NEO-JOUR-V2_color=ML6&to=137#viewtype=grid-view-small&sz=204&to=137&start=1
OPEN
OPEN DONE
OK RETURN
URL PRICE https://www.berluti.com/ja-jp/banbu-6ccsukurittoreza-kadohoruda/BAMBOU_6CC_NEO-JOUR-V2.html?dwvar_BAMBOU__6CC__NEO-JOUR-V2_color=ML6&to=137#viewtype=grid-view-small&sz=204&to=137&start=1 81400
colorCheck len 1
 attval CACAO INTENSO
color found
modal one time skip
key: css val:button[data-select-id='size-1']
sizeSelect len 0
cartButton len 0
zaiko 0 x1
cartButton2 len 0
zaiko 0 2x1
-----------------------------
https://www.berluti.com/ja-jp/inbuia-sukurittoreza-kadohoruda/IMBUIA_NEO-JOUR-V2.html?dwvar_IMBUIA__NEO-JOUR-V2_color=K02&to=138#viewtype=grid-view-small&sz=204&to=138&start=1
OPEN
OPEN DONE
OK RETURN
URL PRICE https://www.berluti.com/ja-jp/inbuia-sukurittoreza-kadohoruda/IMBUIA_NEO-JOUR-V2.html?dwvar_IMBUIA__NEO-JOUR-V2_color=K02&to=138#viewtype=grid-view-small&sz=204&to=138&start=1 NOTFOUND
colorCheck len 0
-----------------------------
https://www.berluti.com/ja-jp/inbuia-sukurittoreza-kadohoruda/IMBUIA_NEO-JOUR-V2.html?dwvar_IMBUIA__NEO-JOUR-V2_color=ML6&to=139#viewtype=grid-view-small&sz=204&to=139&start=1
OPEN
OPEN DONE
OK RETURN
URL PRICE https://www.berluti.com/ja-jp/inbuia-sukurittoreza-kadohoruda/IMBUIA_NEO-JOUR-V2.html?dwvar_IMBUIA__NEO-JOUR-V2_color=ML6&to=139#viewtype=grid-view-small&sz=204&to=139&start=1 NOTFOUND
colorCheck len 0
-----------------------------
https://www.berluti.com/ja-jp/inbuia-sukurittoreza-kadohoruda/IMBUIA_NEO-JOUR-V2.html?dwvar_IMBUIA__NEO-JOUR-V2_color=G11&to=140#viewtype=grid-view-small&sz=204&to=140&start=1
OPEN
OPEN DONE
OK RETURN
URL PRICE https://www.berluti.com/ja-jp/inbuia-sukurittoreza-kadohoruda/IMBUIA_NEO-JOUR-V2.html?dwvar_IMBUIA__NEO-JOUR-V2_color=G11&to=140#viewtype=grid-view-small&sz=204&to=140&start=1 NOTFOUND
colorCheck len 0
-----------------------------
https://www.berluti.com/ja-jp/figyua-sukurittoreza-konpakutou-oretto/FIGURE_NEO-JOUR-V2.html?dwvar_FIGURE__NEO-JOUR-V2_color=ML6&to=141#viewtype=grid-view-small&sz=204&to=141&start=1
OPEN
OPEN DONE
OK RETURN
URL PRICE https://www.berluti.com/ja-jp/figyua-sukurittoreza-konpakutou-oretto/FIGURE_NEO-JOUR-V2.html?dwvar_FIGURE__NEO-JOUR-V2_color=ML6&to=141#viewtype=grid-view-small&sz=204&to=141&start=1 124300
colorCheck len 2
 attval NERO GRIGIO
 attval CACAO INTENSO
color found
modal one time skip
key: css val:button[data-select-id='size-1']
sizeSelect len 0
cartButton len 2
att nashi
-----------------------------
https://www.berluti.com/ja-jp/figyua-sukurittoreza-konpakutou-oretto/FIGURE_NEO-JOUR-V2.html?dwvar_FIGURE__NEO-JOUR-V2_color=K02&to=142#viewtype=grid-view-small&sz=204&to=142&start=1
OPEN
OPEN DONE
OK RETURN
URL PRICE https://www.berluti.com/ja-jp/figyua-sukurittoreza-konpakutou-oretto/FIGURE_NEO-JOUR-V2.html?dwvar_FIGURE__NEO-JOUR-V2_color=K02&to=142#viewtype=grid-view-small&sz=204&to=142&start=1 124300
colorCheck len 2
 attval NERO GRIGIO
color found
modal one time skip
key: css val:button[data-select-id='size-1']
sizeSelect len 0
cartButton len 2
att nashi
-----------------------------
https://www.berluti.com/ja-jp/esukaru-towaru-marubufu-pasupotohoruda/ESCALE_NEO-TOILE_MARBEUF-T19.html?dwvar_ESCALE__NEO-TOILE__MARBEUF-T19_color=MO5&to=143#viewtype=grid-view-small&sz=204&to=143&start=1
OPEN
OPEN DONE
OK RETURN
URL PRICE https://www.berluti.com/ja-jp/esukaru-towaru-marubufu-pasupotohoruda/ESCALE_NEO-TOILE_MARBEUF-T19.html?dwvar_ESCALE__NEO-TOILE__MARBEUF-T19_color=MO5&to=143#viewtype=grid-view-small&sz=204&to=143&start=1 NOTFOUND
colorCheck len 0
-----------------------------
https://www.berluti.com/ja-jp/makore-2in1-sukurittoreza-u-oretto/MAKORE_2IN1_NEO-JOUR-V2.html?dwvar_MAKORE__2IN1__NEO-JOUR-V2_color=ML6&to=144#viewtype=grid-view-small&sz=204&to=144&start=1
OPEN
OPEN DONE
OK RETURN
URL PRICE https://www.berluti.com/ja-jp/makore-2in1-sukurittoreza-u-oretto/MAKORE_2IN1_NEO-JOUR-V2.html?dwvar_MAKORE__2IN1__NEO-JOUR-V2_color=ML6&to=144#viewtype=grid-view-small&sz=204&to=144&start=1 161700
colorCheck len 1
 attval CACAO INTENSO
color found
modal one time skip
key: css val:button[data-select-id='size-1']
sizeSelect len 0
cartButton len 2
att nashi
-----------------------------
https://www.berluti.com/ja-jp/vu-enechia-appuru-u-otchi-buresuretto/APPLE_WATCH_BRACELET-VENEZIA-V2.html?dwvar_APPLE__WATCH__BRACELET-VENEZIA-V2_color=MH2&to=145#viewtype=grid-view-small&sz=204&to=145&start=1
OPEN
OPEN DONE
OK RETURN
URL PRICE https://www.berluti.com/ja-jp/vu-enechia-appuru-u-otchi-buresuretto/APPLE_WATCH_BRACELET-VENEZIA-V2.html?dwvar_APPLE__WATCH__BRACELET-VENEZIA-V2_color=MH2&to=145#viewtype=grid-view-small&sz=204&to=145&start=1 NOTFOUND
colorCheck len 0
-----------------------------
https://www.berluti.com/ja-jp/esupasu-sukurittoreza-ronguu-oretto/ESPACE_NEO-JOUR-V2.html?dwvar_ESPACE__NEO-JOUR-V2_color=BJ3&to=146#viewtype=grid-view-small&sz=204&to=146&start=1
OPEN
OPEN DONE
OK RETURN
URL PRICE https://www.berluti.com/ja-jp/esupasu-sukurittoreza-ronguu-oretto/ESPACE_NEO-JOUR-V2.html?dwvar_ESPACE__NEO-JOUR-V2_color=BJ3&to=146#viewtype=grid-view-small&sz=204&to=146&start=1 174900
colorCheck len 3
 attval NERO GRIGIO
 attval CACAO INTENSO
 attval BLU MINERALE
color found
modal one time skip
key: css val:button[data-select-id='size-1']
sizeSelect len 0
cartButton len 2
att nashi
-----------------------------
https://www.berluti.com/ja-jp/inbuia-guradianto-sukurittoreza-kadohoruda/IMBUIA_NEO_GRADIANT-JOUR-V2.html?dwvar_IMBUIA__NEO__GRADIANT-JOUR-V2_color=Y23&to=147#viewtype=grid-view-small&sz=204&to=147&start=1
OPEN
OPEN DONE
OK RETURN
URL PRICE https://www.berluti.com/ja-jp/inbuia-guradianto-sukurittoreza-kadohoruda/IMBUIA_NEO_GRADIANT-JOUR-V2.html?dwvar_IMBUIA__NEO__GRADIANT-JOUR-V2_color=Y23&to=147#viewtype=grid-view-small&sz=204&to=147&start=1 108900
colorCheck len 2
 attval ST EMILION & CACAO INTENSO
 attval MIRAGGIO
color found
modal one time skip
key: css val:button[data-select-id='size-1']
sizeSelect len 0
cartButton len 2
att nashi
-----------------------------
https://www.berluti.com/ja-jp/itauba-neo-sukuritto-reza-rongu-jippu-fuki-u-oretto/ITAUBA_NEO-JOUR-V2.html?dwvar_ITAUBA__NEO-JOUR-V2_color=J10&to=148#viewtype=grid-view-small&sz=204&to=148&start=1
OPEN
OPEN DONE
OK RETURN
URL PRICE https://www.berluti.com/ja-jp/itauba-neo-sukuritto-reza-rongu-jippu-fuki-u-oretto/ITAUBA_NEO-JOUR-V2.html?dwvar_ITAUBA__NEO-JOUR-V2_color=J10&to=148#viewtype=grid-view-small&sz=204&to=148&start=1 NOTFOUND
colorCheck len 0
-----------------------------
https://www.berluti.com/ja-jp/vu-enechia-appuru-u-otchi-buresuretto/APPLE_WATCH_BRACELET-VENEZIA-V2.html?dwvar_APPLE__WATCH__BRACELET-VENEZIA-V2_color=M10&to=149#viewtype=grid-view-small&sz=204&to=149&start=1
OPEN
OPEN DONE
OK RETURN
URL PRICE https://www.berluti.com/ja-jp/vu-enechia-appuru-u-otchi-buresuretto/APPLE_WATCH_BRACELET-VENEZIA-V2.html?dwvar_APPLE__WATCH__BRACELET-VENEZIA-V2_color=M10&to=149#viewtype=grid-view-small&sz=204&to=149&start=1 NOTFOUND
colorCheck len 0
-----------------------------
https://www.berluti.com/ja-jp/juru-sukurittoreza-manekurippu/MC004-V2.html?dwvar_MC004-V2_color=ML6&to=150#viewtype=grid-view-small&sz=204&to=150&start=1
OPEN
OPEN DONE
OK RETURN
URL PRICE https://www.berluti.com/ja-jp/juru-sukurittoreza-manekurippu/MC004-V2.html?dwvar_MC004-V2_color=ML6&to=150#viewtype=grid-view-small&sz=204&to=150&start=1 60500
colorCheck len 1
 attval CACAO INTENSO
color found
modal one time skip
key: css val:button[data-select-id='size-1']
sizeSelect len 0
cartButton len 0
zaiko 0 x1
cartButton2 len 0
zaiko 0 2x1
-----------------------------
https://www.berluti.com/ja-jp/terushio-reza-oruinwan/TERSIO_NEO-JOUR-V2.html?dwvar_TERSIO__NEO-JOUR-V2_color=MR5&to=151#viewtype=grid-view-small&sz=204&to=151&start=1
OPEN
OPEN DONE
OK RETURN
URL PRICE https://www.berluti.com/ja-jp/terushio-reza-oruinwan/TERSIO_NEO-JOUR-V2.html?dwvar_TERSIO__NEO-JOUR-V2_color=MR5&to=151#viewtype=grid-view-small&sz=204&to=151&start=1 324500
colorCheck len 5
 attval MADURO
 attval CREPUSCULO
 attval NERO GRIGIO
 attval JUNGLE GREEN
 attval LEGNO BRUCIATO
color found
modal one time skip
key: css val:button[data-select-id='size-1']
sizeSelect len 0
cartButton len 2
att nashi
-----------------------------
https://www.berluti.com/ja-jp/itauba-neo-sukuritto-reza-rongu-jippu-fuki-u-oretto/ITAUBA_NEO-JOUR-V2.html?dwvar_ITAUBA__NEO-JOUR-V2_color=KE5&to=152#viewtype=grid-view-small&sz=204&to=152&start=1
OPEN
OPEN DONE
OK RETURN
URL PRICE https://www.berluti.com/ja-jp/itauba-neo-sukuritto-reza-rongu-jippu-fuki-u-oretto/ITAUBA_NEO-JOUR-V2.html?dwvar_ITAUBA__NEO-JOUR-V2_color=KE5&to=152#viewtype=grid-view-small&sz=204&to=152&start=1 NOTFOUND
colorCheck len 0
-----------------------------
https://www.berluti.com/ja-jp/inbuia-sukurittoreza-kadohoruda/IMBUIA_NEO-JOUR-V2.html?dwvar_IMBUIA__NEO-JOUR-V2_color=J10&to=153#viewtype=grid-view-small&sz=204&to=153&start=1
OPEN
OPEN DONE
OK RETURN
URL PRICE https://www.berluti.com/ja-jp/inbuia-sukurittoreza-kadohoruda/IMBUIA_NEO-JOUR-V2.html?dwvar_IMBUIA__NEO-JOUR-V2_color=J10&to=153#viewtype=grid-view-small&sz=204&to=153&start=1 NOTFOUND
colorCheck len 0
-----------------------------
https://www.berluti.com/ja-jp/itauba-neo-sukuritto-reza-rongu-jippu-fuki-u-oretto/ITAUBA_NEO-JOUR-V2.html?dwvar_ITAUBA__NEO-JOUR-V2_color=KE4&to=154#viewtype=grid-view-small&sz=204&to=154&start=1
OPEN
OPEN DONE
OK RETURN
URL PRICE https://www.berluti.com/ja-jp/itauba-neo-sukuritto-reza-rongu-jippu-fuki-u-oretto/ITAUBA_NEO-JOUR-V2.html?dwvar_ITAUBA__NEO-JOUR-V2_color=KE4&to=154#viewtype=grid-view-small&sz=204&to=154&start=1 NOTFOUND
colorCheck len 0
-----------------------------
https://www.berluti.com/ja-jp/notobukkurefirua-5/REFILL_NOTEBOOK_A5_II.html?dwvar_REFILL__NOTEBOOK__A5__II_color=K01&to=155#viewtype=grid-view-small&sz=204&to=155&start=1
OPEN
OPEN DONE
OK RETURN
URL PRICE https://www.berluti.com/ja-jp/notobukkurefirua-5/REFILL_NOTEBOOK_A5_II.html?dwvar_REFILL__NOTEBOOK__A5__II_color=K01&to=155#viewtype=grid-view-small&sz=204&to=155&start=1 NOTFOUND
colorCheck len 0
-----------------------------
https://www.berluti.com/ja-jp/itauba-neo-sukuritto-reza-rongu-jippu-fuki-u-oretto/ITAUBA_NEO-JOUR-V2.html?dwvar_ITAUBA__NEO-JOUR-V2_color=KM7&to=156#viewtype=grid-view-small&sz=204&to=156&start=1
OPEN
OPEN DONE
OK RETURN
URL PRICE https://www.berluti.com/ja-jp/itauba-neo-sukuritto-reza-rongu-jippu-fuki-u-oretto/ITAUBA_NEO-JOUR-V2.html?dwvar_ITAUBA__NEO-JOUR-V2_color=KM7&to=156#viewtype=grid-view-small&sz=204&to=156&start=1 NOTFOUND
colorCheck len 0
-----------------------------
https://www.berluti.com/ja-jp/vu-enechia-appuru-u-otchi-buresuretto/APPLE_WATCH_BRACELET-VENEZIA-V2.html?dwvar_APPLE__WATCH__BRACELET-VENEZIA-V2_color=B07&to=157#viewtype=grid-view-small&sz=204&to=157&start=1
OPEN
OPEN DONE
OK RETURN
URL PRICE https://www.berluti.com/ja-jp/vu-enechia-appuru-u-otchi-buresuretto/APPLE_WATCH_BRACELET-VENEZIA-V2.html?dwvar_APPLE__WATCH__BRACELET-VENEZIA-V2_color=B07&to=157#viewtype=grid-view-small&sz=204&to=157&start=1 NOTFOUND
colorCheck len 0
-----------------------------
https://www.berluti.com/ja-jp/figyua-sukurittoreza-konpakutou-oretto/FIGURE_NEO-JOUR-V2.html?dwvar_FIGURE__NEO-JOUR-V2_color=KM7&to=158#viewtype=grid-view-small&sz=204&to=158&start=1
OPEN
OPEN DONE
OK RETURN
URL PRICE https://www.berluti.com/ja-jp/figyua-sukurittoreza-konpakutou-oretto/FIGURE_NEO-JOUR-V2.html?dwvar_FIGURE__NEO-JOUR-V2_color=KM7&to=158#viewtype=grid-view-small&sz=204&to=158&start=1 124300
colorCheck len 2
 attval NERO GRIGIO
 attval CACAO INTENSO
color check 一致なし zaiko 0
modal one time skip
key: css val:button[data-select-id='size-1']
sizeSelect len 0
cartButton len 2
att nashi
zaiko 0 x3
-----------------------------
https://www.berluti.com/ja-jp/santaru-sukurittoreza-jippuronguu-oretto/SANTAL_NEO-JOUR-V2.html?dwvar_SANTAL__NEO-JOUR-V2_color=KE4&to=159#viewtype=grid-view-small&sz=204&to=159&start=1
OPEN
OPEN DONE
OK RETURN
URL PRICE https://www.berluti.com/ja-jp/santaru-sukurittoreza-jippuronguu-oretto/SANTAL_NEO-JOUR-V2.html?dwvar_SANTAL__NEO-JOUR-V2_color=KE4&to=159#viewtype=grid-view-small&sz=204&to=159&start=1 174900
colorCheck len 2
 attval NERO GRIGIO
 attval CACAO INTENSO
color check 一致なし zaiko 0
modal one time skip
key: css val:button[data-select-id='size-1']
sizeSelect len 0
cartButton len 2
att nashi
zaiko 0 x3
-----------------------------
https://www.berluti.com/ja-jp/santaru-sukurittoreza-jippuronguu-oretto/SANTAL_NEO-JOUR-V2.html?dwvar_SANTAL__NEO-JOUR-V2_color=J10&to=160#viewtype=grid-view-small&sz=204&to=160&start=1
OPEN
OPEN DONE
OK RETURN
URL PRICE https://www.berluti.com/ja-jp/santaru-sukurittoreza-jippuronguu-oretto/SANTAL_NEO-JOUR-V2.html?dwvar_SANTAL__NEO-JOUR-V2_color=J10&to=160#viewtype=grid-view-small&sz=204&to=160&start=1 174900
colorCheck len 2
 attval NERO GRIGIO
 attval CACAO INTENSO
color check 一致なし zaiko 0
modal one time skip
key: css val:button[data-select-id='size-1']
sizeSelect len 0
cartButton len 2
att nashi
zaiko 0 x3
-----------------------------
https://www.berluti.com/ja-jp/santaru-sukurittoreza-jippuronguu-oretto/SANTAL_NEO-JOUR-V2.html?dwvar_SANTAL__NEO-JOUR-V2_color=J10&to=161#viewtype=grid-view-small&sz=204&to=161&start=1
OPEN
OPEN DONE
OK RETURN
URL PRICE https://www.berluti.com/ja-jp/santaru-sukurittoreza-jippuronguu-oretto/SANTAL_NEO-JOUR-V2.html?dwvar_SANTAL__NEO-JOUR-V2_color=J10&to=161#viewtype=grid-view-small&sz=204&to=161&start=1 174900
colorCheck len 2
 attval NERO GRIGIO
 attval CACAO INTENSO
color check 一致なし zaiko 0
modal one time skip
key: css val:button[data-select-id='size-1']
sizeSelect len 0
cartButton len 2
att nashi
zaiko 0 x3
-----------------------------
https://www.berluti.com/ja-jp/itauba-neo-sukuritto-reza-rongu-jippu-fuki-u-oretto/ITAUBA_NEO-JOUR-V2.html?dwvar_ITAUBA__NEO-JOUR-V2_color=J20&to=162#viewtype=grid-view-small&sz=204&to=162&start=1
OPEN
OPEN DONE
OK RETURN
URL PRICE https://www.berluti.com/ja-jp/itauba-neo-sukuritto-reza-rongu-jippu-fuki-u-oretto/ITAUBA_NEO-JOUR-V2.html?dwvar_ITAUBA__NEO-JOUR-V2_color=J20&to=162#viewtype=grid-view-small&sz=204&to=162&start=1 NOTFOUND
colorCheck len 0
-----------------------------
https://www.berluti.com/ja-jp/banbu-neo-sukurittosuwaipurezakadohoruda/BAMBOU_NEO-JOUR-V2.html?dwvar_BAMBOU__NEO-JOUR-V2_color=F06&to=163#viewtype=grid-view-small&sz=204&to=163&start=1
OPEN
OPEN DONE
OK RETURN
URL PRICE https://www.berluti.com/ja-jp/banbu-neo-sukurittosuwaipurezakadohoruda/BAMBOU_NEO-JOUR-V2.html?dwvar_BAMBOU__NEO-JOUR-V2_color=F06&to=163#viewtype=grid-view-small&sz=204&to=163&start=1 68200
colorCheck len 5
 attval NERO GRIGIO
 attval CACAO INTENSO
 attval LIGHT SAINT EMILION
 attval NERO CAVIAR
 attval ARANCIO VERMIGLIO
color found
modal one time skip
key: css val:button[data-select-id='size-1']
sizeSelect len 0
cartButton len 2
att nashi
-----------------------------
https://www.berluti.com/ja-jp/inbuia-sukurittoreza-kadohoruda/IMBUIA_NEO-JOUR-V2.html?dwvar_IMBUIA__NEO-JOUR-V2_color=KE5&to=164#viewtype=grid-view-small&sz=204&to=164&start=1
OPEN
OPEN DONE
OK RETURN
URL PRICE https://www.berluti.com/ja-jp/inbuia-sukurittoreza-kadohoruda/IMBUIA_NEO-JOUR-V2.html?dwvar_IMBUIA__NEO-JOUR-V2_color=KE5&to=164#viewtype=grid-view-small&sz=204&to=164&start=1 NOTFOUND
colorCheck len 0
-----------------------------
https://www.berluti.com/ja-jp/inbuia-sukurittoreza-kadohoruda/IMBUIA_NEO-JOUR-V2.html?dwvar_IMBUIA__NEO-JOUR-V2_color=J12&to=165#viewtype=grid-view-small&sz=204&to=165&start=1
OPEN
OPEN DONE
OK RETURN
URL PRICE https://www.berluti.com/ja-jp/inbuia-sukurittoreza-kadohoruda/IMBUIA_NEO-JOUR-V2.html?dwvar_IMBUIA__NEO-JOUR-V2_color=J12&to=165#viewtype=grid-view-small&sz=204&to=165&start=1 NOTFOUND
colorCheck len 0
-----------------------------
https://www.berluti.com/ja-jp/ete-yui-do-u-vu-oyaju-towaru-marubufu-toraberupochi/ETUI_DE_VOYAGE-TOILE_MARBEUF-T19.html?dwvar_ETUI__DE__VOYAGE-TOILE__MARBEUF-T19_color=MO5&to=166#viewtype=grid-view-small&sz=204&to=166&start=1
OPEN
OPEN DONE
OK RETURN
URL PRICE https://www.berluti.com/ja-jp/ete-yui-do-u-vu-oyaju-towaru-marubufu-toraberupochi/ETUI_DE_VOYAGE-TOILE_MARBEUF-T19.html?dwvar_ETUI__DE__VOYAGE-TOILE__MARBEUF-T19_color=MO5&to=166#viewtype=grid-view-small&sz=204&to=166&start=1 NOTFOUND
colorCheck len 0
-----------------------------
https://www.berluti.com/ja-jp/santaru-sukurittoreza-jippuronguu-oretto/SANTAL_NEO-JOUR-V2.html?dwvar_SANTAL__NEO-JOUR-V2_color=KE5&to=167#viewtype=grid-view-small&sz=204&to=167&start=1
OPEN
OPEN DONE
OK RETURN
URL PRICE https://www.berluti.com/ja-jp/santaru-sukurittoreza-jippuronguu-oretto/SANTAL_NEO-JOUR-V2.html?dwvar_SANTAL__NEO-JOUR-V2_color=KE5&to=167#viewtype=grid-view-small&sz=204&to=167&start=1 174900
colorCheck len 2
 attval NERO GRIGIO
 attval CACAO INTENSO
color check 一致なし zaiko 0
modal one time skip
key: css val:button[data-select-id='size-1']
sizeSelect len 0
cartButton len 2
att nashi
zaiko 0 x3
-----------------------------
https://www.berluti.com/ja-jp/inbuia-sukurittoreza-kadohoruda/IMBUIA_NEO-JOUR-V2.html?dwvar_IMBUIA__NEO-JOUR-V2_color=KE4&to=168#viewtype=grid-view-small&sz=204&to=168&start=1
OPEN
OPEN DONE
OK RETURN
URL PRICE https://www.berluti.com/ja-jp/inbuia-sukurittoreza-kadohoruda/IMBUIA_NEO-JOUR-V2.html?dwvar_IMBUIA__NEO-JOUR-V2_color=KE4&to=168#viewtype=grid-view-small&sz=204&to=168&start=1 NOTFOUND
colorCheck len 0
-----------------------------
https://www.berluti.com/ja-jp/figyua-sukurittoreza-konpakutou-oretto/FIGURE_NEO-JOUR-V2.html?dwvar_FIGURE__NEO-JOUR-V2_color=J10&to=169#viewtype=grid-view-small&sz=204&to=169&start=1
OPEN
OPEN DONE
OK RETURN
URL PRICE https://www.berluti.com/ja-jp/figyua-sukurittoreza-konpakutou-oretto/FIGURE_NEO-JOUR-V2.html?dwvar_FIGURE__NEO-JOUR-V2_color=J10&to=169#viewtype=grid-view-small&sz=204&to=169&start=1 124300
colorCheck len 2
 attval NERO GRIGIO
 attval CACAO INTENSO
color check 一致なし zaiko 0
modal one time skip
key: css val:button[data-select-id='size-1']
sizeSelect len 0
cartButton len 2
att nashi
zaiko 0 x3
-----------------------------
https://www.berluti.com/ja-jp/itauba-waido-sukurittoreza/ITAUBA_WIDE_NEO-JOUR-V2.html?dwvar_ITAUBA__WIDE__NEO-JOUR-V2_color=J12&to=170#viewtype=grid-view-small&sz=204&to=170&start=1
OPEN
OPEN DONE
OK RETURN
URL PRICE https://www.berluti.com/ja-jp/itauba-waido-sukurittoreza/ITAUBA_WIDE_NEO-JOUR-V2.html?dwvar_ITAUBA__WIDE__NEO-JOUR-V2_color=J12&to=170#viewtype=grid-view-small&sz=204&to=170&start=1 NOTFOUND
colorCheck len 0
-----------------------------
https://www.berluti.com/ja-jp/itauba-waido-sukurittoreza/ITAUBA_WIDE_NEO-JOUR-V2.html?dwvar_ITAUBA__WIDE__NEO-JOUR-V2_color=J10&to=171#viewtype=grid-view-small&sz=204&to=171&start=1
OPEN
OPEN DONE
OK RETURN
URL PRICE https://www.berluti.com/ja-jp/itauba-waido-sukurittoreza/ITAUBA_WIDE_NEO-JOUR-V2.html?dwvar_ITAUBA__WIDE__NEO-JOUR-V2_color=J10&to=171#viewtype=grid-view-small&sz=204&to=171&start=1 NOTFOUND
colorCheck len 0
-----------------------------
https://www.berluti.com/ja-jp/itauba-neo-sukuritto-reza-rongu-jippu-fuki-u-oretto/ITAUBA_NEO-JOUR-V2.html?dwvar_ITAUBA__NEO-JOUR-V2_color=J12&to=172#viewtype=grid-view-small&sz=204&to=172&start=1
OPEN
OPEN DONE
OK RETURN
URL PRICE https://www.berluti.com/ja-jp/itauba-neo-sukuritto-reza-rongu-jippu-fuki-u-oretto/ITAUBA_NEO-JOUR-V2.html?dwvar_ITAUBA__NEO-JOUR-V2_color=J12&to=172#viewtype=grid-view-small&sz=204&to=172&start=1 NOTFOUND
colorCheck len 0
-----------------------------
https://www.berluti.com/ja-jp/figyua-sukurittoreza-konpakutou-oretto/FIGURE_NEO-JOUR-V2.html?dwvar_FIGURE__NEO-JOUR-V2_color=KE5&to=173#viewtype=grid-view-small&sz=204&to=173&start=1
OPEN
OPEN DONE
OK RETURN
URL PRICE https://www.berluti.com/ja-jp/figyua-sukurittoreza-konpakutou-oretto/FIGURE_NEO-JOUR-V2.html?dwvar_FIGURE__NEO-JOUR-V2_color=KE5&to=173#viewtype=grid-view-small&sz=204&to=173&start=1 124300
colorCheck len 2
 attval NERO GRIGIO
 attval CACAO INTENSO
color check 一致なし zaiko 0
modal one time skip
key: css val:button[data-select-id='size-1']
sizeSelect len 0
cartButton len 2
att nashi
zaiko 0 x3
-----------------------------
https://www.berluti.com/ja-jp/figyua-sukurittoreza-konpakutou-oretto/FIGURE_NEO-JOUR-V2.html?dwvar_FIGURE__NEO-JOUR-V2_color=KE4&to=174#viewtype=grid-view-small&sz=204&to=174&start=1
OPEN
OPEN DONE
OK RETURN
URL PRICE https://www.berluti.com/ja-jp/figyua-sukurittoreza-konpakutou-oretto/FIGURE_NEO-JOUR-V2.html?dwvar_FIGURE__NEO-JOUR-V2_color=KE4&to=174#viewtype=grid-view-small&sz=204&to=174&start=1 124300
colorCheck len 2
 attval NERO GRIGIO
 attval CACAO INTENSO
color check 一致なし zaiko 0
modal one time skip
key: css val:button[data-select-id='size-1']
sizeSelect len 0
cartButton len 2
att nashi
zaiko 0 x3
-----------------------------
https://www.berluti.com/ja-jp/santaru-sukurittoreza-jippuronguu-oretto/SANTAL_NEO-JOUR-V2.html?dwvar_SANTAL__NEO-JOUR-V2_color=J12&to=175#viewtype=grid-view-small&sz=204&to=175&start=1
OPEN
OPEN DONE
OK RETURN
URL PRICE https://www.berluti.com/ja-jp/santaru-sukurittoreza-jippuronguu-oretto/SANTAL_NEO-JOUR-V2.html?dwvar_SANTAL__NEO-JOUR-V2_color=J12&to=175#viewtype=grid-view-small&sz=204&to=175&start=1 174900
colorCheck len 2
 attval NERO GRIGIO
 attval CACAO INTENSO
color check 一致なし zaiko 0
modal one time skip
key: css val:button[data-select-id='size-1']
sizeSelect len 0
cartButton len 2
att nashi
zaiko 0 x3
-----------------------------
https://www.berluti.com/ja-jp/figyua-sukurittoreza-konpakutou-oretto/FIGURE_NEO-JOUR-V2.html?dwvar_FIGURE__NEO-JOUR-V2_color=J12&to=176#viewtype=grid-view-small&sz=204&to=176&start=1
OPEN
OPEN DONE
OK RETURN
URL PRICE https://www.berluti.com/ja-jp/figyua-sukurittoreza-konpakutou-oretto/FIGURE_NEO-JOUR-V2.html?dwvar_FIGURE__NEO-JOUR-V2_color=J12&to=176#viewtype=grid-view-small&sz=204&to=176&start=1 124300
colorCheck len 2
 attval NERO GRIGIO
 attval CACAO INTENSO
color check 一致なし zaiko 0
modal one time skip
key: css val:button[data-select-id='size-1']
sizeSelect len 0
cartButton len 2
att nashi
zaiko 0 x3
-----------------------------
https://www.berluti.com/ja-jp/cyrus-omankafurezasurippa/S3786-C6.html?dwvar_S3786-C6_color=M26&to=1#prefn1=product_online_sales&prefv1=true&viewtype=grid-view-small&sz=12&to=1&start=1
OPEN
OPEN DONE
OK RETURN
URL PRICE https://www.berluti.com/ja-jp/cyrus-omankafurezasurippa/S3786-C6.html?dwvar_S3786-C6_color=M26&to=1#prefn1=product_online_sales&prefv1=true&viewtype=grid-view-small&sz=12&to=1&start=1 224400
colorCheck len 1
 attval TABACCO
color found
modal one time skip
key: css val:button[data-select-id='size-1']
sizeSelect len 2
選択： サイズ
optionEles len 34
attribute nashi
except ari2
SZEXP disabled size-selector-btn disabled
attribute nashi
except ari2
SZEXP disabled trigger-notify-me-modal size-selector-btn size-selector-side-btn
except nashi
attribute nashi
except ari2
SZEXP disabled size-selector-btn disabled
attribute nashi
except ari2
SZEXP disabled trigger-notify-me-modal size-selector-btn size-selector-side-btn
except nashi
attribute nashi
except ari2
SZEXP disabled size-selector-btn disabled
attribute nashi
except ari2
SZEXP disabled trigger-notify-me-modal size-selector-btn size-selector-side-btn
except nashi
attribute nashi
except ari2
SZEXP disabled size-selector-btn disabled
attribute nashi
except ari2
SZEXP disabled trigger-notify-me-modal size-selector-btn size-selector-side-btn
except nashi
attribute nashi
except ari2
SZEXP disabled size-selector-btn disabled
attribute nashi
except ari2
SZEXP disabled trigger-notify-me-modal size-selector-btn size-selector-side-btn
except nashi
attribute nashi
except ari2
SZEXP disabled size-selector-btn disabled
attribute nashi
except ari2
SZEXP disabled trigger-notify-me-modal size-selector-btn size-selector-side-btn
except nashi
attribute nashi
except ari2
SZEXP disabled size-selector-btn disabled
attribute nashi
except ari2
SZEXP disabled trigger-notify-me-modal size-selector-btn size-selector-side-btn
except nashi
attribute nashi
except ari2
SZEXP disabled size-selector-btn
except nashi
attribute nashi
except ari2
SZEXP disabled size-selector-btn
except nashi
attribute nashi
except ari2
SZEXP disabled size-selector-btn
except nashi
attribute nashi
except ari2
SZEXP disabled size-selector-btn
except nashi
attribute nashi
except ari2
SZEXP disabled size-selector-btn
except nashi
attribute nashi
except ari2
SZEXP disabled size-selector-btn
except nashi
attribute nashi
except ari2
SZEXP disabled size-selector-btn
except nashi
attribute nashi
except ari2
SZEXP disabled size-selector-btn
except nashi
attribute nashi
except ari2
SZEXP disabled size-selector-btn disabled
attribute nashi
except ari2
SZEXP disabled trigger-notify-me-modal size-selector-btn size-selector-side-btn
except nashi
attribute nashi
except ari2
SZEXP disabled size-selector-btn disabled
attribute nashi
except ari2
SZEXP disabled trigger-notify-me-modal size-selector-btn size-selector-side-btn
except nashi
attribute nashi
except ari2
SZEXP disabled size-selector-btn disabled
attribute nashi
except ari2
SZEXP disabled trigger-notify-me-modal size-selector-btn size-selector-side-btn
except nashi
attribute nashi
except ari2
SZEXP disabled size-selector-btn disabled
attribute nashi
except ari2
SZEXP disabled trigger-notify-me-modal size-selector-btn size-selector-side-btn
except nashi
attribute nashi
except ari2
SZEXP disabled size-selector-btn disabled
attribute nashi
except ari2
SZEXP disabled trigger-notify-me-modal size-selector-btn size-selector-side-btn
except nashi
attribute nashi
except ari2
SZEXP disabled size-selector-btn disabled
attribute nashi
except ari2
SZEXP disabled trigger-notify-me-modal size-selector-btn size-selector-side-btn
except nashi
TTTTTT1 在庫アラート
TTTTTT2 在庫アラート
[在庫アラート]
TTTTTT1 在庫アラート
TTTTTT2 在庫アラート
[在庫アラート]
TTTTTT1 在庫アラート
TTTTTT2 在庫アラート
[在庫アラート]
TTTTTT1 在庫アラート
TTTTTT2 在庫アラート
[在庫アラート]
TTTTTT1 在庫アラート
TTTTTT2 在庫アラート
[在庫アラート]
TTTTTT1 在庫アラート
TTTTTT2 在庫アラート
[在庫アラート]
TTTTTT1 在庫アラート
TTTTTT2 在庫アラート
[在庫アラート]
TTTTTT1 06JP 25.0
TTTTTT2 06
[6]
TTTTTT1 06.5JP 25.5
TTTTTT2 06.5
[6.5]
TTTTTT1 07JP 25.5/26.0
TTTTTT2 07
[7]
TTTTTT1 07.5JP 26.0
TTTTTT2 07.5
[7.5]
TTTTTT1 08JP 26.5
TTTTTT2 08
[8]
TTTTTT1 08.5JP 27.0
TTTTTT2 08.5
[8.5]
TTTTTT1 09JP 27.0/27.5
TTTTTT2 09
[9]
TTTTTT1 09.5JP 27.5
TTTTTT2 09.5
[9.5]
TTTTTT1 在庫アラート
TTTTTT2 在庫アラート
[在庫アラート]
TTTTTT1 在庫アラート
TTTTTT2 在庫アラート
[在庫アラート]
TTTTTT1 在庫アラート
TTTTTT2 在庫アラート
[在庫アラート]
TTTTTT1 在庫アラート
TTTTTT2 在庫アラート
[在庫アラート]
TTTTTT1 在庫アラート
TTTTTT2 在庫アラート
[在庫アラート]
TTTTTT1 在庫アラート
TTTTTT2 在庫アラート
[在庫アラート]
concat size 6_6.5_7_7.5_8_8.5_9_9.5 False
-----------------------------
https://www.berluti.com/ja-jp/sairasu-sukurittoreza-surippa/S3786-V2.html?dwvar_S3786-V2_color=KD4&to=2#prefn1=product_online_sales&prefv1=true&viewtype=grid-view-small&sz=12&to=2&start=1
OPEN
OPEN DONE
OK RETURN
URL PRICE https://www.berluti.com/ja-jp/sairasu-sukurittoreza-surippa/S3786-V2.html?dwvar_S3786-V2_color=KD4&to=2#prefn1=product_online_sales&prefv1=true&viewtype=grid-view-small&sz=12&to=2&start=1 NOTFOUND
colorCheck len 0
-----------------------------
https://www.berluti.com/ja-jp/shadou-rezasandaru/S6259-BB0.html?dwvar_S6259-BB0_color=KH3&to=3#prefn1=product_online_sales&prefv1=true&viewtype=grid-view-small&sz=12&to=3&start=1
OPEN
OPEN DONE
OK RETURN
URL PRICE https://www.berluti.com/ja-jp/shadou-rezasandaru/S6259-BB0.html?dwvar_S6259-BB0_color=KH3&to=3#prefn1=product_online_sales&prefv1=true&viewtype=grid-view-small&sz=12&to=3&start=1 NOTFOUND
colorCheck len 0
-----------------------------
https://www.berluti.com/ja-jp/shifunosu-sukuritto-rezasandaru/S5438-V33.html?dwvar_S5438-V33_color=ML6&to=4#prefn1=product_online_sales&prefv1=true&viewtype=grid-view-small&sz=12&to=4&start=1
OPEN
OPEN DONE
OK RETURN
URL PRICE https://www.berluti.com/ja-jp/shifunosu-sukuritto-rezasandaru/S5438-V33.html?dwvar_S5438-V33_color=ML6&to=4#prefn1=product_online_sales&prefv1=true&viewtype=grid-view-small&sz=12&to=4&start=1 149600
colorCheck len 1
 attval CACAO INTENSO
color found
modal one time skip
key: css val:button[data-select-id='size-1']
sizeSelect len 2
選択： サイズ
optionEles len 26
attribute nashi
except ari2
SZEXP disabled size-selector-btn disabled
attribute nashi
except ari2
SZEXP disabled trigger-notify-me-modal size-selector-btn size-selector-side-btn
except nashi
attribute nashi
except ari2
SZEXP disabled size-selector-btn
except nashi
attribute nashi
except ari2
SZEXP disabled size-selector-btn
except nashi
attribute nashi
except ari2
SZEXP disabled size-selector-btn
except nashi
attribute nashi
except ari2
SZEXP disabled size-selector-btn
except nashi
attribute nashi
except ari2
SZEXP disabled size-selector-btn disabled
attribute nashi
except ari2
SZEXP disabled trigger-notify-me-modal size-selector-btn size-selector-side-btn
except nashi
attribute nashi
except ari2
SZEXP disabled size-selector-btn disabled
attribute nashi
except ari2
SZEXP disabled trigger-notify-me-modal size-selector-btn size-selector-side-btn
except nashi
attribute nashi
except ari2
SZEXP disabled size-selector-btn disabled
attribute nashi
except ari2
SZEXP disabled trigger-notify-me-modal size-selector-btn size-selector-side-btn
except nashi
attribute nashi
except ari2
SZEXP disabled size-selector-btn disabled
attribute nashi
except ari2
SZEXP disabled trigger-notify-me-modal size-selector-btn size-selector-side-btn
except nashi
attribute nashi
except ari2
SZEXP disabled size-selector-btn disabled
attribute nashi
except ari2
SZEXP disabled trigger-notify-me-modal size-selector-btn size-selector-side-btn
except nashi
attribute nashi
except ari2
SZEXP disabled size-selector-btn
except nashi
attribute nashi
except ari2
SZEXP disabled size-selector-btn
except nashi
attribute nashi
except ari2
SZEXP disabled size-selector-btn disabled
attribute nashi
except ari2
SZEXP disabled trigger-notify-me-modal size-selector-btn size-selector-side-btn
except nashi
attribute nashi
except ari2
SZEXP disabled size-selector-btn disabled
attribute nashi
except ari2
SZEXP disabled trigger-notify-me-modal size-selector-btn size-selector-side-btn
except nashi
attribute nashi
except ari2
SZEXP disabled size-selector-btn disabled
attribute nashi
except ari2
SZEXP disabled trigger-notify-me-modal size-selector-btn size-selector-side-btn
except nashi
attribute nashi
except ari2
SZEXP disabled size-selector-btn disabled
attribute nashi
except ari2
SZEXP disabled trigger-notify-me-modal size-selector-btn size-selector-side-btn
except nashi
TTTTTT1 在庫アラート
TTTTTT2 在庫アラート
[在庫アラート]
TTTTTT1 05.5JP 24.5/25.0
TTTTTT2 05.5
[5.5]
TTTTTT1 06JP 25.0
TTTTTT2 06
[6]
TTTTTT1 06.5JP 25.5
TTTTTT2 06.5
[6.5]
TTTTTT1 07JP 25.5/26.0
TTTTTT2 07
[7]
TTTTTT1 在庫アラート
TTTTTT2 在庫アラート
[在庫アラート]
TTTTTT1 在庫アラート
TTTTTT2 在庫アラート
[在庫アラート]
TTTTTT1 在庫アラート
TTTTTT2 在庫アラート
[在庫アラート]
TTTTTT1 在庫アラート
TTTTTT2 在庫アラート
[在庫アラート]
TTTTTT1 在庫アラート
TTTTTT2 在庫アラート
[在庫アラート]
TTTTTT1 10JP 28.0
TTTTTT2 10
[10]
TTTTTT1 10.5JP 28.5
TTTTTT2 10.5
[10.5]
TTTTTT1 在庫アラート
TTTTTT2 在庫アラート
[在庫アラート]
TTTTTT1 在庫アラート
TTTTTT2 在庫アラート
[在庫アラート]
TTTTTT1 在庫アラート
TTTTTT2 在庫アラート
[在庫アラート]
TTTTTT1 在庫アラート
TTTTTT2 在庫アラート
[在庫アラート]
concat size 5.5_6_6.5_7_10_10.5 False
-----------------------------
https://www.berluti.com/ja-jp/shifunosu-sukuritto-rezasandaru/S5438-V33.html?dwvar_S5438-V33_color=KH1&to=5#prefn1=product_online_sales&prefv1=true&viewtype=grid-view-small&sz=12&to=5&start=1
OPEN
OPEN DONE
OK RETURN
URL PRICE https://www.berluti.com/ja-jp/shifunosu-sukuritto-rezasandaru/S5438-V33.html?dwvar_S5438-V33_color=KH1&to=5#prefn1=product_online_sales&prefv1=true&viewtype=grid-view-small&sz=12&to=5&start=1 149600
colorCheck len 1
 attval CACAO INTENSO
color check 一致なし zaiko 0
modal one time skip
key: css val:button[data-select-id='size-1']
sizeSelect len 2
選択： サイズ
optionEles len 26
attribute nashi
except ari2
SZEXP disabled size-selector-btn disabled
attribute nashi
except ari2
SZEXP disabled trigger-notify-me-modal size-selector-btn size-selector-side-btn
except nashi
attribute nashi
except ari2
SZEXP disabled size-selector-btn
except nashi
attribute nashi
except ari2
SZEXP disabled size-selector-btn
except nashi
attribute nashi
except ari2
SZEXP disabled size-selector-btn
except nashi
attribute nashi
except ari2
SZEXP disabled size-selector-btn
except nashi
attribute nashi
except ari2
SZEXP disabled size-selector-btn disabled
attribute nashi
except ari2
SZEXP disabled trigger-notify-me-modal size-selector-btn size-selector-side-btn
except nashi
attribute nashi
except ari2
SZEXP disabled size-selector-btn disabled
attribute nashi
except ari2
SZEXP disabled trigger-notify-me-modal size-selector-btn size-selector-side-btn
except nashi
attribute nashi
except ari2
SZEXP disabled size-selector-btn disabled
attribute nashi
except ari2
SZEXP disabled trigger-notify-me-modal size-selector-btn size-selector-side-btn
except nashi
attribute nashi
except ari2
SZEXP disabled size-selector-btn disabled
attribute nashi
except ari2
SZEXP disabled trigger-notify-me-modal size-selector-btn size-selector-side-btn
except nashi
attribute nashi
except ari2
SZEXP disabled size-selector-btn disabled
attribute nashi
except ari2
SZEXP disabled trigger-notify-me-modal size-selector-btn size-selector-side-btn
except nashi
attribute nashi
except ari2
SZEXP disabled size-selector-btn
except nashi
attribute nashi
except ari2
SZEXP disabled size-selector-btn
except nashi
attribute nashi
except ari2
SZEXP disabled size-selector-btn disabled
attribute nashi
except ari2
SZEXP disabled trigger-notify-me-modal size-selector-btn size-selector-side-btn
except nashi
attribute nashi
except ari2
SZEXP disabled size-selector-btn disabled
attribute nashi
except ari2
SZEXP disabled trigger-notify-me-modal size-selector-btn size-selector-side-btn
except nashi
attribute nashi
except ari2
SZEXP disabled size-selector-btn disabled
attribute nashi
except ari2
SZEXP disabled trigger-notify-me-modal size-selector-btn size-selector-side-btn
except nashi
attribute nashi
except ari2
SZEXP disabled size-selector-btn disabled
attribute nashi
except ari2
SZEXP disabled trigger-notify-me-modal size-selector-btn size-selector-side-btn
except nashi
TTTTTT1 在庫アラート
TTTTTT2 在庫アラート
[在庫アラート]
TTTTTT1 05.5JP 24.5/25.0
TTTTTT2 05.5
[5.5]
TTTTTT1 06JP 25.0
TTTTTT2 06
[6]
TTTTTT1 06.5JP 25.5
TTTTTT2 06.5
[6.5]
TTTTTT1 07JP 25.5/26.0
TTTTTT2 07
[7]
TTTTTT1 在庫アラート
TTTTTT2 在庫アラート
[在庫アラート]
TTTTTT1 在庫アラート
TTTTTT2 在庫アラート
[在庫アラート]
TTTTTT1 在庫アラート
TTTTTT2 在庫アラート
[在庫アラート]
TTTTTT1 在庫アラート
TTTTTT2 在庫アラート
[在庫アラート]
TTTTTT1 在庫アラート
TTTTTT2 在庫アラート
[在庫アラート]
TTTTTT1 10JP 28.0
TTTTTT2 10
[10]
TTTTTT1 10.5JP 28.5
TTTTTT2 10.5
[10.5]
TTTTTT1 在庫アラート
TTTTTT2 在庫アラート
[在庫アラート]
TTTTTT1 在庫アラート
TTTTTT2 在庫アラート
[在庫アラート]
TTTTTT1 在庫アラート
TTTTTT2 在庫アラート
[在庫アラート]
TTTTTT1 在庫アラート
TTTTTT2 在庫アラート
[在庫アラート]
concat size 5.5_6_6.5_7_10_10.5 False
-----------------------------
https://www.berluti.com/ja-jp/shifunosu-sukurittoreza-sandaru/S5439-BB6.html?dwvar_S5439-BB6_color=G58&to=6#prefn1=product_online_sales&prefv1=true&viewtype=grid-view-small&sz=12&to=6&start=1
OPEN
OPEN DONE
OK RETURN
URL PRICE https://www.berluti.com/ja-jp/shifunosu-sukurittoreza-sandaru/S5439-BB6.html?dwvar_S5439-BB6_color=G58&to=6#prefn1=product_online_sales&prefv1=true&viewtype=grid-view-small&sz=12&to=6&start=1 NOTFOUND
colorCheck len 0
-----------------------------
https://www.berluti.com/ja-jp/shifunosu-sukuritto-rezasandaru-bureidoditeru/S5439-V33.html?dwvar_S5439-V33_color=ML6&to=7#prefn1=product_online_sales&prefv1=true&viewtype=grid-view-small&sz=12&to=7&start=1
OPEN
OPEN DONE
OK RETURN
URL PRICE https://www.berluti.com/ja-jp/shifunosu-sukuritto-rezasandaru-bureidoditeru/S5439-V33.html?dwvar_S5439-V33_color=ML6&to=7#prefn1=product_online_sales&prefv1=true&viewtype=grid-view-small&sz=12&to=7&start=1 NOTFOUND
colorCheck len 0
-----------------------------
https://www.berluti.com/ja-jp/shadou-rezasandaru/S6261-V2.html?dwvar_S6261-V2_color=ML6&to=8#prefn1=product_online_sales&prefv1=true&viewtype=grid-view-small&sz=12&to=8&start=1
OPEN
OPEN DONE
OK RETURN
URL PRICE https://www.berluti.com/ja-jp/shadou-rezasandaru/S6261-V2.html?dwvar_S6261-V2_color=ML6&to=8#prefn1=product_online_sales&prefv1=true&viewtype=grid-view-small&sz=12&to=8&start=1 171600
colorCheck len 1
 attval CACAO INTENSO
color found
modal one time skip
key: css val:button[data-select-id='size-1']
sizeSelect len 2
選択： サイズ
optionEles len 28
attribute nashi
except ari2
SZEXP disabled size-selector-btn
except nashi
attribute nashi
except ari2
SZEXP disabled size-selector-btn
except nashi
attribute nashi
except ari2
SZEXP disabled size-selector-btn disabled
attribute nashi
except ari2
SZEXP disabled trigger-notify-me-modal size-selector-btn size-selector-side-btn
except nashi
attribute nashi
except ari2
SZEXP disabled size-selector-btn
except nashi
attribute nashi
except ari2
SZEXP disabled size-selector-btn disabled
attribute nashi
except ari2
SZEXP disabled trigger-notify-me-modal size-selector-btn size-selector-side-btn
except nashi
attribute nashi
except ari2
SZEXP disabled size-selector-btn disabled
attribute nashi
except ari2
SZEXP disabled trigger-notify-me-modal size-selector-btn size-selector-side-btn
except nashi
attribute nashi
except ari2
SZEXP disabled size-selector-btn disabled
attribute nashi
except ari2
SZEXP disabled trigger-notify-me-modal size-selector-btn size-selector-side-btn
except nashi
attribute nashi
except ari2
SZEXP disabled size-selector-btn disabled
attribute nashi
except ari2
SZEXP disabled trigger-notify-me-modal size-selector-btn size-selector-side-btn
except nashi
attribute nashi
except ari2
SZEXP disabled size-selector-btn disabled
attribute nashi
except ari2
SZEXP disabled trigger-notify-me-modal size-selector-btn size-selector-side-btn
except nashi
attribute nashi
except ari2
SZEXP disabled size-selector-btn disabled
attribute nashi
except ari2
SZEXP disabled trigger-notify-me-modal size-selector-btn size-selector-side-btn
except nashi
attribute nashi
except ari2
SZEXP disabled size-selector-btn
except nashi
attribute nashi
except ari2
SZEXP disabled size-selector-btn disabled
attribute nashi
except ari2
SZEXP disabled trigger-notify-me-modal size-selector-btn size-selector-side-btn
except nashi
attribute nashi
except ari2
SZEXP disabled size-selector-btn disabled
attribute nashi
except ari2
SZEXP disabled trigger-notify-me-modal size-selector-btn size-selector-side-btn
except nashi
attribute nashi
except ari2
SZEXP disabled size-selector-btn disabled
attribute nashi
except ari2
SZEXP disabled trigger-notify-me-modal size-selector-btn size-selector-side-btn
except nashi
attribute nashi
except ari2
SZEXP disabled size-selector-btn disabled
attribute nashi
except ari2
SZEXP disabled trigger-notify-me-modal size-selector-btn size-selector-side-btn
except nashi
attribute nashi
except ari2
SZEXP disabled size-selector-btn disabled
attribute nashi
except ari2
SZEXP disabled trigger-notify-me-modal size-selector-btn size-selector-side-btn
except nashi
TTTTTT1 05JP 24.5
TTTTTT2 05
[5]
TTTTTT1 05.5JP 24.5/25.0
TTTTTT2 05.5
[5.5]
TTTTTT1 在庫アラート
TTTTTT2 在庫アラート
[在庫アラート]
TTTTTT1 06.5JP 25.5
TTTTTT2 06.5
[6.5]
TTTTTT1 在庫アラート
TTTTTT2 在庫アラート
[在庫アラート]
TTTTTT1 在庫アラート
TTTTTT2 在庫アラート
[在庫アラート]
TTTTTT1 在庫アラート
TTTTTT2 在庫アラート
[在庫アラート]
TTTTTT1 在庫アラート
TTTTTT2 在庫アラート
[在庫アラート]
TTTTTT1 在庫アラート
TTTTTT2 在庫アラート
[在庫アラート]
TTTTTT1 在庫アラート
TTTTTT2 在庫アラート
[在庫アラート]
TTTTTT1 10JP 28.0
TTTTTT2 10
[10]
TTTTTT1 在庫アラート
TTTTTT2 在庫アラート
[在庫アラート]
TTTTTT1 在庫アラート
TTTTTT2 在庫アラート
[在庫アラート]
TTTTTT1 在庫アラート
TTTTTT2 在庫アラート
[在庫アラート]
TTTTTT1 在庫アラート
TTTTTT2 在庫アラート
[在庫アラート]
TTTTTT1 在庫アラート
TTTTTT2 在庫アラート
[在庫アラート]
concat size 5_5.5_6.5_10 False
-----------------------------
https://www.berluti.com/ja-jp/to-ujuru-sofuto-jippubaggu-reza-toraberubaggu/ZIPPED_BAG-V81.html?dwvar_ZIPPED__BAG-V81_color=MM5&to=1#viewtype=grid-view-small&sz=192&to=1&start=1
OPEN
OPEN DONE
OK RETURN
URL PRICE https://www.berluti.com/ja-jp/to-ujuru-sofuto-jippubaggu-reza-toraberubaggu/ZIPPED_BAG-V81.html?dwvar_ZIPPED__BAG-V81_color=MM5&to=1#viewtype=grid-view-small&sz=192&to=1&start=1 715000
colorCheck len 1
 attval SOFT BROWN
color found
modal one time skip
key: css val:button[data-select-id='size-1']
sizeSelect len 0
cartButton len 2
att nashi
-----------------------------
https://www.berluti.com/ja-jp/to-ujuru-sofuto-jippubaggu-sukurittoreza-toraberubaggu/ZIPPED_BAG-V41.html?dwvar_ZIPPED__BAG-V41_color=K02&to=2#viewtype=grid-view-small&sz=192&to=2&start=1
OPEN
OPEN DONE
OK RETURN
URL PRICE https://www.berluti.com/ja-jp/to-ujuru-sofuto-jippubaggu-sukurittoreza-toraberubaggu/ZIPPED_BAG-V41.html?dwvar_ZIPPED__BAG-V41_color=K02&to=2#viewtype=grid-view-small&sz=192&to=2&start=1 759000
colorCheck len 1
 attval NERO GRIGIO
color found
modal one time skip
key: css val:button[data-select-id='size-1']
sizeSelect len 0
cartButton len 2
att nashi
-----------------------------
https://www.berluti.com/ja-jp/to-ujuru-xs-poketto-sukurittoreza-totobaggu/TOUJOURS_XS_POCKET-V2.html?dwvar_TOUJOURS__XS__POCKET-V2_color=MR5&to=3#viewtype=grid-view-small&sz=192&to=3&start=1
OPEN
OPEN DONE
OK RETURN
URL PRICE https://www.berluti.com/ja-jp/to-ujuru-xs-poketto-sukurittoreza-totobaggu/TOUJOURS_XS_POCKET-V2.html?dwvar_TOUJOURS__XS__POCKET-V2_color=MR5&to=3#viewtype=grid-view-small&sz=192&to=3&start=1 616000
colorCheck len 1
 attval LEGNO BRUCIATO
color found
modal one time skip
key: css val:button[data-select-id='size-1']
sizeSelect len 0
cartButton len 2
att nashi
-----------------------------
https://www.berluti.com/ja-jp/to-ujuru-xs-sukurittoreza-totobaggu/TOUJOURS_XS-V2.html?dwvar_TOUJOURS__XS-V2_color=Y23&to=4#viewtype=grid-view-small&sz=192&to=4&start=1
OPEN
OPEN DONE
OK RETURN
URL PRICE https://www.berluti.com/ja-jp/to-ujuru-xs-sukurittoreza-totobaggu/TOUJOURS_XS-V2.html?dwvar_TOUJOURS__XS-V2_color=Y23&to=4#viewtype=grid-view-small&sz=192&to=4&start=1 462000
colorCheck len 2
 attval NERO GRIGIO
 attval MIRAGGIO
color found
modal one time skip
key: css val:button[data-select-id='size-1']
sizeSelect len 0
cartButton len 2
att nashi
-----------------------------
https://www.berluti.com/ja-jp/to-ujuru-xs-sukurittoreza-totobaggu/TOUJOURS_XS-V2.html?dwvar_TOUJOURS__XS-V2_color=K02&to=5#viewtype=grid-view-small&sz=192&to=5&start=1
OPEN
OPEN DONE
OK RETURN
URL PRICE https://www.berluti.com/ja-jp/to-ujuru-xs-sukurittoreza-totobaggu/TOUJOURS_XS-V2.html?dwvar_TOUJOURS__XS-V2_color=K02&to=5#viewtype=grid-view-small&sz=192&to=5&start=1 462000
colorCheck len 2
 attval NERO GRIGIO
color found
modal one time skip
key: css val:button[data-select-id='size-1']
sizeSelect len 0
cartButton len 2
att nashi
-----------------------------
https://www.berluti.com/ja-jp/to-ujuru-xs-sukurittoreza-totobaggu/TOUJOURS_XS-V2.html?dwvar_TOUJOURS__XS-V2_color=KM7&to=6#viewtype=grid-view-small&sz=192&to=6&start=1
OPEN
OPEN DONE
OK RETURN
URL PRICE https://www.berluti.com/ja-jp/to-ujuru-xs-sukurittoreza-totobaggu/TOUJOURS_XS-V2.html?dwvar_TOUJOURS__XS-V2_color=KM7&to=6#viewtype=grid-view-small&sz=192&to=6&start=1 462000
colorCheck len 2
 attval NERO GRIGIO
 attval MIRAGGIO
color check 一致なし zaiko 0
modal one time skip
key: css val:button[data-select-id='size-1']
sizeSelect len 0
cartButton len 2
att nashi
zaiko 0 x3
-----------------------------
https://www.berluti.com/ja-jp/to-ujuru-xs-sukurittoreza-totobaggu/TOUJOURS_XS-V2.html?dwvar_TOUJOURS__XS-V2_color=MQ4&to=7#viewtype=grid-view-small&sz=192&to=7&start=1
OPEN
OPEN DONE
OK RETURN
URL PRICE https://www.berluti.com/ja-jp/to-ujuru-xs-sukurittoreza-totobaggu/TOUJOURS_XS-V2.html?dwvar_TOUJOURS__XS-V2_color=MQ4&to=7#viewtype=grid-view-small&sz=192&to=7&start=1 462000
colorCheck len 2
 attval NERO GRIGIO
 attval MIRAGGIO
color check 一致なし zaiko 0
modal one time skip
key: css val:button[data-select-id='size-1']
sizeSelect len 0
cartButton len 2
att nashi
zaiko 0 x3
-----------------------------
https://www.berluti.com/ja-jp/luti-38-leather-tote-bag/LUTI_38-V89.html?dwvar_LUTI__38-V89_color=MN6&to=8#viewtype=grid-view-small&sz=192&to=8&start=1
OPEN
OPEN DONE
OK RETURN
URL PRICE https://www.berluti.com/ja-jp/luti-38-leather-tote-bag/LUTI_38-V89.html?dwvar_LUTI__38-V89_color=MN6&to=8#viewtype=grid-view-small&sz=192&to=8&start=1 NOTFOUND
colorCheck len 0
-----------------------------
https://www.berluti.com/ja-jp/rutti-38-rezabaggu/LUTI_38-V1.html?dwvar_LUTI__38-V1_color=ML6&to=9#viewtype=grid-view-small&sz=192&to=9&start=1
OPEN
OPEN DONE
OK RETURN
URL PRICE https://www.berluti.com/ja-jp/rutti-38-rezabaggu/LUTI_38-V1.html?dwvar_LUTI__38-V1_color=ML6&to=9#viewtype=grid-view-small&sz=192&to=9&start=1 803000
colorCheck len 3
 attval ALBA
 attval CACAO INTENSO
color found
modal one time skip
key: css val:button[data-select-id='size-1']
sizeSelect len 0
cartButton len 2
att nashi
-----------------------------
https://www.berluti.com/ja-jp/rutti-38-rezabaggu/LUTI_38-V1.html?dwvar_LUTI__38-V1_color=K02&to=10#viewtype=grid-view-small&sz=192&to=10&start=1
OPEN
OPEN DONE
OK RETURN
URL PRICE https://www.berluti.com/ja-jp/rutti-38-rezabaggu/LUTI_38-V1.html?dwvar_LUTI__38-V1_color=K02&to=10#viewtype=grid-view-small&sz=192&to=10&start=1 803000
colorCheck len 3
 attval ALBA
 attval CACAO INTENSO
 attval NERO GRIGIO
color found
modal one time skip
key: css val:button[data-select-id='size-1']
sizeSelect len 0
cartButton len 2
att nashi
-----------------------------
https://www.berluti.com/ja-jp/jurunarie-xs-reza-messenja/JOURNALIER_XS-CE.html?dwvar_JOURNALIER__XS-CE_color=MC5&to=11#viewtype=grid-view-small&sz=192&to=11&start=1
OPEN
OPEN DONE
OK RETURN
URL PRICE https://www.berluti.com/ja-jp/jurunarie-xs-reza-messenja/JOURNALIER_XS-CE.html?dwvar_JOURNALIER__XS-CE_color=MC5&to=11#viewtype=grid-view-small&sz=192&to=11&start=1 NOTFOUND
colorCheck len 0
-----------------------------
https://www.berluti.com/ja-jp/emio-rezaburifukesu/E_MIO_NEO_PUNTO_A_MANO-V1.html?dwvar_E__MIO__NEO__PUNTO__A__MANO-V1_color=MA1&to=12#viewtype=grid-view-small&sz=192&to=12&start=1
OPEN
OPEN DONE
OK RETURN
URL PRICE https://www.berluti.com/ja-jp/emio-rezaburifukesu/E_MIO_NEO_PUNTO_A_MANO-V1.html?dwvar_E__MIO__NEO__PUNTO__A__MANO-V1_color=MA1&to=12#viewtype=grid-view-small&sz=192&to=12&start=1 NOTFOUND
colorCheck len 0
-----------------------------
https://www.berluti.com/ja-jp/to-ujuru-sukurittoreza-totobaggu/TOUJOURS_NEO-V2.html?dwvar_TOUJOURS__NEO-V2_color=K02&to=13#viewtype=grid-view-small&sz=192&to=13&start=1
OPEN
OPEN DONE
OK RETURN
URL PRICE https://www.berluti.com/ja-jp/to-ujuru-sukurittoreza-totobaggu/TOUJOURS_NEO-V2.html?dwvar_TOUJOURS__NEO-V2_color=K02&to=13#viewtype=grid-view-small&sz=192&to=13&start=1 545600
colorCheck len 1
 attval NERO GRIGIO
color found
modal one time skip
key: css val:button[data-select-id='size-1']
sizeSelect len 0
cartButton len 2
att nashi
-----------------------------
https://www.berluti.com/ja-jp/to-ujuru-sukurittoreza-totobaggu/TOUJOURS_NEO-V2.html?dwvar_TOUJOURS__NEO-V2_color=KE4&to=14#viewtype=grid-view-small&sz=192&to=14&start=1
OPEN
OPEN DONE
OK RETURN
URL PRICE https://www.berluti.com/ja-jp/to-ujuru-sukurittoreza-totobaggu/TOUJOURS_NEO-V2.html?dwvar_TOUJOURS__NEO-V2_color=KE4&to=14#viewtype=grid-view-small&sz=192&to=14&start=1 545600
colorCheck len 1
 attval NERO GRIGIO
color check 一致なし zaiko 0
modal one time skip
key: css val:button[data-select-id='size-1']
sizeSelect len 0
cartButton len 2
att nashi
zaiko 0 x3
-----------------------------
https://www.berluti.com/ja-jp/to-ujuru-sukurittoreza-totobaggu/TOUJOURS_NEO-V2.html?dwvar_TOUJOURS__NEO-V2_color=KE5&to=15#viewtype=grid-view-small&sz=192&to=15&start=1
OPEN
OPEN DONE
OK RETURN
URL PRICE https://www.berluti.com/ja-jp/to-ujuru-sukurittoreza-totobaggu/TOUJOURS_NEO-V2.html?dwvar_TOUJOURS__NEO-V2_color=KE5&to=15#viewtype=grid-view-small&sz=192&to=15&start=1 545600
colorCheck len 1
 attval NERO GRIGIO
color check 一致なし zaiko 0
modal one time skip
key: css val:button[data-select-id='size-1']
sizeSelect len 0
cartButton len 2
att nashi
zaiko 0 x3
-----------------------------
https://www.berluti.com/ja-jp/to-ujuru-sukurittoreza-totobaggu/TOUJOURS_NEO-V2.html?dwvar_TOUJOURS__NEO-V2_color=KM7&to=16#viewtype=grid-view-small&sz=192&to=16&start=1
OPEN
OPEN DONE
OK RETURN
URL PRICE https://www.berluti.com/ja-jp/to-ujuru-sukurittoreza-totobaggu/TOUJOURS_NEO-V2.html?dwvar_TOUJOURS__NEO-V2_color=KM7&to=16#viewtype=grid-view-small&sz=192&to=16&start=1 545600
colorCheck len 1
 attval NERO GRIGIO
color check 一致なし zaiko 0
modal one time skip
key: css val:button[data-select-id='size-1']
sizeSelect len 0
cartButton len 2
att nashi
zaiko 0 x3
-----------------------------
https://www.berluti.com/ja-jp/to-ujuru-sukurittoreza-totobaggu/TOUJOURS_NEO-V2.html?dwvar_TOUJOURS__NEO-V2_color=J10&to=17#viewtype=grid-view-small&sz=192&to=17&start=1
OPEN
OPEN DONE
OK RETURN
URL PRICE https://www.berluti.com/ja-jp/to-ujuru-sukurittoreza-totobaggu/TOUJOURS_NEO-V2.html?dwvar_TOUJOURS__NEO-V2_color=J10&to=17#viewtype=grid-view-small&sz=192&to=17&start=1 545600
colorCheck len 1
 attval NERO GRIGIO
color check 一致なし zaiko 0
modal one time skip
key: css val:button[data-select-id='size-1']
sizeSelect len 0
cartButton len 2
att nashi
zaiko 0 x3
-----------------------------
https://www.berluti.com/ja-jp/to-ujuru-sukurittoreza-totobaggu/TOUJOURS_NEO-V2.html?dwvar_TOUJOURS__NEO-V2_color=J12&to=18#viewtype=grid-view-small&sz=192&to=18&start=1
OPEN
OPEN DONE
OK RETURN
URL PRICE https://www.berluti.com/ja-jp/to-ujuru-sukurittoreza-totobaggu/TOUJOURS_NEO-V2.html?dwvar_TOUJOURS__NEO-V2_color=J12&to=18#viewtype=grid-view-small&sz=192&to=18&start=1 545600
colorCheck len 1
 attval NERO GRIGIO
color check 一致なし zaiko 0
modal one time skip
key: css val:button[data-select-id='size-1']
sizeSelect len 0
cartButton len 2
att nashi
zaiko 0 x3
-----------------------------
https://www.berluti.com/ja-jp/to-ujuru-mini-poketto-sukurittoreza-totobaggu/TOUJOURS_MINI_NEO_POCKET-V2.html?dwvar_TOUJOURS__MINI__NEO__POCKET-V2_color=BJ3&to=19#viewtype=grid-view-small&sz=192&to=19&start=1
OPEN
OPEN DONE
OK RETURN
URL PRICE https://www.berluti.com/ja-jp/to-ujuru-mini-poketto-sukurittoreza-totobaggu/TOUJOURS_MINI_NEO_POCKET-V2.html?dwvar_TOUJOURS__MINI__NEO__POCKET-V2_color=BJ3&to=19#viewtype=grid-view-small&sz=192&to=19&start=1 NOTFOUND
colorCheck len 0
-----------------------------
https://www.berluti.com/ja-jp/to-ujuruxs-guradianto-sukurittoreza-totobaggu/TOUJOURS_XS_GRADIANT-V2.html?dwvar_TOUJOURS__XS__GRADIANT-V2_color=B07&to=20#viewtype=grid-view-small&sz=192&to=20&start=1
OPEN
OPEN DONE
OK RETURN
URL PRICE https://www.berluti.com/ja-jp/to-ujuruxs-guradianto-sukurittoreza-totobaggu/TOUJOURS_XS_GRADIANT-V2.html?dwvar_TOUJOURS__XS__GRADIANT-V2_color=B07&to=20#viewtype=grid-view-small&sz=192&to=20&start=1 NOTFOUND
colorCheck len 0
-----------------------------
https://www.berluti.com/ja-jp/to-ujuruxs-guradianto-sukurittoreza-totobaggu/TOUJOURS_XS_GRADIANT-V2.html?dwvar_TOUJOURS__XS__GRADIANT-V2_color=KH6&to=21#viewtype=grid-view-small&sz=192&to=21&start=1
OPEN
OPEN DONE
OK RETURN
URL PRICE https://www.berluti.com/ja-jp/to-ujuruxs-guradianto-sukurittoreza-totobaggu/TOUJOURS_XS_GRADIANT-V2.html?dwvar_TOUJOURS__XS__GRADIANT-V2_color=KH6&to=21#viewtype=grid-view-small&sz=192&to=21&start=1 NOTFOUND
colorCheck len 0
-----------------------------
https://www.berluti.com/ja-jp/ruti-25-reza-messenja/LUTI_25-V1.html?dwvar_LUTI__25-V1_color=MR5&to=22#viewtype=grid-view-small&sz=192&to=22&start=1
OPEN
OPEN DONE
OK RETURN
URL PRICE https://www.berluti.com/ja-jp/ruti-25-reza-messenja/LUTI_25-V1.html?dwvar_LUTI__25-V1_color=MR5&to=22#viewtype=grid-view-small&sz=192&to=22&start=1 709500
colorCheck len 3
 attval SELVA OSCURA
 attval NERO GRIGIO
 attval LEGNO BRUCIATO
color found
modal one time skip
key: css val:button[data-select-id='size-1']
sizeSelect len 0
cartButton len 2
att nashi
-----------------------------
https://www.berluti.com/ja-jp/to-ujuru-sofuto-jippu-hobo-xs-sukurittoreza-messenja/ZIPPED_HOBO_XS-V41.html?dwvar_ZIPPED__HOBO__XS-V41_color=MA1&to=23#viewtype=grid-view-small&sz=192&to=23&start=1
OPEN
OPEN DONE
OK RETURN
URL PRICE https://www.berluti.com/ja-jp/to-ujuru-sofuto-jippu-hobo-xs-sukurittoreza-messenja/ZIPPED_HOBO_XS-V41.html?dwvar_ZIPPED__HOBO__XS-V41_color=MA1&to=23#viewtype=grid-view-small&sz=192&to=23&start=1 451000
colorCheck len 1
 attval APPENNINI
color found
modal one time skip
key: css val:button[data-select-id='size-1']
sizeSelect len 0
cartButton len 0
zaiko 0 x1
cartButton2 len 0
zaiko 0 2x1
-----------------------------
https://www.berluti.com/ja-jp/to-ujuru-sofuto-jippu-hobo-xs-sukurittoreza-messenja/ZIPPED_HOBO_XS-V82.html?dwvar_ZIPPED__HOBO__XS-V82_color=MM5&to=24#viewtype=grid-view-small&sz=192&to=24&start=1
OPEN
OPEN DONE
OK RETURN
URL PRICE https://www.berluti.com/ja-jp/to-ujuru-sofuto-jippu-hobo-xs-sukurittoreza-messenja/ZIPPED_HOBO_XS-V82.html?dwvar_ZIPPED__HOBO__XS-V82_color=MM5&to=24#viewtype=grid-view-small&sz=192&to=24&start=1 451000
colorCheck len 1
 attval SOFT BROWN
color found
modal one time skip
key: css val:button[data-select-id='size-1']
sizeSelect len 0
cartButton len 2
att nashi
-----------------------------
https://www.berluti.com/ja-jp/to-ujuru-sofuto-jippu-hobo-xs-reza-messenja/ZIPPED_HOBO_XS-V3.html?dwvar_ZIPPED__HOBO__XS-V3_color=F06&to=25#viewtype=grid-view-small&sz=192&to=25&start=1
OPEN
OPEN DONE
OK RETURN
URL PRICE https://www.berluti.com/ja-jp/to-ujuru-sofuto-jippu-hobo-xs-reza-messenja/ZIPPED_HOBO_XS-V3.html?dwvar_ZIPPED__HOBO__XS-V3_color=F06&to=25#viewtype=grid-view-small&sz=192&to=25&start=1 409200
colorCheck len 1
 attval ARANCIO VERMIGLIO
color found
modal one time skip
key: css val:button[data-select-id='size-1']
sizeSelect len 0
cartButton len 2
att nashi
-----------------------------
https://www.berluti.com/ja-jp/andi-fon-pochi-reza-messenja/ANDY_PHONE_POUCH-V1.html?dwvar_ANDY__PHONE__POUCH-V1_color=ML6&to=26#viewtype=grid-view-small&sz=192&to=26&start=1
OPEN
OPEN DONE
OK RETURN
URL PRICE https://www.berluti.com/ja-jp/andi-fon-pochi-reza-messenja/ANDY_PHONE_POUCH-V1.html?dwvar_ANDY__PHONE__POUCH-V1_color=ML6&to=26#viewtype=grid-view-small&sz=192&to=26&start=1 367400
colorCheck len 1
 attval CACAO INTENSO
color found
modal one time skip
key: css val:button[data-select-id='size-1']
sizeSelect len 0
cartButton len 2
att nashi
-----------------------------
https://www.berluti.com/ja-jp/andi-kurosubodi-reza-messenja/ANDY_CROSSBODY-V1.html?dwvar_ANDY__CROSSBODY-V1_color=ML6&to=27#viewtype=grid-view-small&sz=192&to=27&start=1
OPEN
OPEN DONE
OK RETURN
URL PRICE https://www.berluti.com/ja-jp/andi-kurosubodi-reza-messenja/ANDY_CROSSBODY-V1.html?dwvar_ANDY__CROSSBODY-V1_color=ML6&to=27#viewtype=grid-view-small&sz=192&to=27&start=1 665500
colorCheck len 1
 attval CACAO INTENSO
color found
modal one time skip
key: css val:button[data-select-id='size-1']
sizeSelect len 0
cartButton len 2
att nashi
-----------------------------
https://www.berluti.com/ja-jp/andi-messenja-rezaburifukesu/ANDY_MESSENGER-V1.html?dwvar_ANDY__MESSENGER-V1_color=ML6&to=28#viewtype=grid-view-small&sz=192&to=28&start=1
OPEN
OPEN DONE
OK RETURN
URL PRICE https://www.berluti.com/ja-jp/andi-messenja-rezaburifukesu/ANDY_MESSENGER-V1.html?dwvar_ANDY__MESSENGER-V1_color=ML6&to=28#viewtype=grid-view-small&sz=192&to=28&start=1 731500
colorCheck len 1
 attval CACAO INTENSO
color found
modal one time skip
key: css val:button[data-select-id='size-1']
sizeSelect len 0
cartButton len 2
att nashi
-----------------------------
https://www.berluti.com/ja-jp/wakingudei-sukurittoreza-bakkupakku/WORKING_DAY-V82.html?dwvar_WORKING__DAY-V82_color=K02&to=29#viewtype=grid-view-small&sz=192&to=29&start=1
OPEN
OPEN DONE
OK RETURN
URL PRICE https://www.berluti.com/ja-jp/wakingudei-sukurittoreza-bakkupakku/WORKING_DAY-V82.html?dwvar_WORKING__DAY-V82_color=K02&to=29#viewtype=grid-view-small&sz=192&to=29&start=1 665500
colorCheck len 1
 attval NERO GRIGIO
color found
modal one time skip
key: css val:button[data-select-id='size-1']
sizeSelect len 0
cartButton len 0
zaiko 0 x1
cartButton2 len 0
zaiko 0 2x1
-----------------------------
https://www.berluti.com/ja-jp/to-ujuru-sofuto-jippu-hobo-sukurittoreza-messenja/ZIPPED_HOBO-V82.html?dwvar_ZIPPED__HOBO-V82_color=MM5&to=30#viewtype=grid-view-small&sz=192&to=30&start=1
OPEN
OPEN DONE
OK RETURN
URL PRICE https://www.berluti.com/ja-jp/to-ujuru-sofuto-jippu-hobo-sukurittoreza-messenja/ZIPPED_HOBO-V82.html?dwvar_ZIPPED__HOBO-V82_color=MM5&to=30#viewtype=grid-view-small&sz=192&to=30&start=1 545600
colorCheck len 1
 attval SOFT BROWN
color found
modal one time skip
key: css val:button[data-select-id='size-1']
sizeSelect len 0
cartButton len 2
att nashi
-----------------------------
https://www.berluti.com/ja-jp/moningu-on-sutorappu-reza-messenja/MORNING_ON_STRAP-V81.html?dwvar_MORNING__ON__STRAP-V81_color=MM5&to=31#viewtype=grid-view-small&sz=192&to=31&start=1
OPEN
OPEN DONE
OK RETURN
URL PRICE https://www.berluti.com/ja-jp/moningu-on-sutorappu-reza-messenja/MORNING_ON_STRAP-V81.html?dwvar_MORNING__ON__STRAP-V81_color=MM5&to=31#viewtype=grid-view-small&sz=192&to=31&start=1 409200
colorCheck len 1
 attval SOFT BROWN
color found
modal one time skip
key: css val:button[data-select-id='size-1']
sizeSelect len 0
cartButton len 0
zaiko 0 x1
cartButton2 len 0
zaiko 0 2x1
-----------------------------
https://www.berluti.com/ja-jp/moningu-sukurittoreza-toiretaripochi/MORNING-JOUR_TANGRAM-V87.html?dwvar_MORNING-JOUR__TANGRAM-V87_color=G89&to=32#viewtype=grid-view-small&sz=192&to=32&start=1
OPEN
OPEN DONE
OK RETURN
URL PRICE https://www.berluti.com/ja-jp/moningu-sukurittoreza-toiretaripochi/MORNING-JOUR_TANGRAM-V87.html?dwvar_MORNING-JOUR__TANGRAM-V87_color=G89&to=32#viewtype=grid-view-small&sz=192&to=32&start=1 312400
colorCheck len 1
 attval NERO CAVIAR & SAVANA
color check 一致なし zaiko 0
modal one time skip
key: css val:button[data-select-id='size-1']
sizeSelect len 0
cartButton len 2
att nashi
zaiko 0 x3
-----------------------------
https://www.berluti.com/ja-jp/obanaito-sukurittoreza-toraberubaggu/OVERNIGHT-V82.html?dwvar_OVERNIGHT-V82_color=MM5&to=33#viewtype=grid-view-small&sz=192&to=33&start=1
OPEN
OPEN DONE
OK RETURN
URL PRICE https://www.berluti.com/ja-jp/obanaito-sukurittoreza-toraberubaggu/OVERNIGHT-V82.html?dwvar_OVERNIGHT-V82_color=MM5&to=33#viewtype=grid-view-small&sz=192&to=33&start=1 715000
colorCheck len 1
 attval SOFT BROWN
color found
modal one time skip
key: css val:button[data-select-id='size-1']
sizeSelect len 0
cartButton len 2
att nashi
-----------------------------
https://www.berluti.com/ja-jp/obanaito-reza-toraberubaggu/OVERNIGHT-CE.html?dwvar_OVERNIGHT-CE_color=MC5&to=34#viewtype=grid-view-small&sz=192&to=34&start=1
OPEN
OPEN DONE
OK RETURN
URL PRICE https://www.berluti.com/ja-jp/obanaito-reza-toraberubaggu/OVERNIGHT-CE.html?dwvar_OVERNIGHT-CE_color=MC5&to=34#viewtype=grid-view-small&sz=192&to=34&start=1 NOTFOUND
colorCheck len 0
-----------------------------
https://www.berluti.com/ja-jp/obanaito-reza-toraberubaggu/OVERNIGHT-CE.html?dwvar_OVERNIGHT-CE_color=K62&to=35#viewtype=grid-view-small&sz=192&to=35&start=1
OPEN
OPEN DONE
OK RETURN
URL PRICE https://www.berluti.com/ja-jp/obanaito-reza-toraberubaggu/OVERNIGHT-CE.html?dwvar_OVERNIGHT-CE_color=K62&to=35#viewtype=grid-view-small&sz=192&to=35&start=1 NOTFOUND
colorCheck len 0
-----------------------------
https://www.berluti.com/ja-jp/to-ujuru-xs-towaru-marubufu-totobaggu/TOUJOURS_XS-T19.html?dwvar_TOUJOURS__XS-T19_color=MO5&to=36#viewtype=grid-view-small&sz=192&to=36&start=1
OPEN
OPEN DONE
OK RETURN
URL PRICE https://www.berluti.com/ja-jp/to-ujuru-xs-towaru-marubufu-totobaggu/TOUJOURS_XS-T19.html?dwvar_TOUJOURS__XS-T19_color=MO5&to=36#viewtype=grid-view-small&sz=192&to=36&start=1 409200
colorCheck len 1
 attval DARK BROWN & MADURO
color check 一致なし zaiko 0
modal one time skip
key: css val:button[data-select-id='size-1']
sizeSelect len 0
cartButton len 2
att nashi
zaiko 0 x3
-----------------------------
https://www.berluti.com/ja-jp/to-ujuru-mini-neo-sukurittoreza-totobaggu/TOUJOURS_MINI_NEO-V2.html?dwvar_TOUJOURS__MINI__NEO-V2_color=KD4&to=37#viewtype=grid-view-small&sz=192&to=37&start=1
OPEN
OPEN DONE
OK RETURN
URL PRICE https://www.berluti.com/ja-jp/to-ujuru-mini-neo-sukurittoreza-totobaggu/TOUJOURS_MINI_NEO-V2.html?dwvar_TOUJOURS__MINI__NEO-V2_color=KD4&to=37#viewtype=grid-view-small&sz=192&to=37&start=1 490600
colorCheck len 1
 attval LIGHT ALUMINIO
color found
modal one time skip
key: css val:button[data-select-id='size-1']
sizeSelect len 0
cartButton len 2
att nashi
-----------------------------
https://www.berluti.com/ja-jp/to-ujuru-mini-neo-sukurittoreza-totobaggu/TOUJOURS_MINI_NEO-V2.html?dwvar_TOUJOURS__MINI__NEO-V2_color=G27&to=38#viewtype=grid-view-small&sz=192&to=38&start=1
OPEN
OPEN DONE
OK RETURN
URL PRICE https://www.berluti.com/ja-jp/to-ujuru-mini-neo-sukurittoreza-totobaggu/TOUJOURS_MINI_NEO-V2.html?dwvar_TOUJOURS__MINI__NEO-V2_color=G27&to=38#viewtype=grid-view-small&sz=192&to=38&start=1 490600
colorCheck len 1
 attval LIGHT ALUMINIO
color check 一致なし zaiko 0
modal one time skip
key: css val:button[data-select-id='size-1']
sizeSelect len 0
cartButton len 2
att nashi
zaiko 0 x3
-----------------------------
https://www.berluti.com/ja-jp/to-ujuru-mini-neo-sukurittoreza-totobaggu/TOUJOURS_MINI_NEO-V2.html?dwvar_TOUJOURS__MINI__NEO-V2_color=G11&to=39#viewtype=grid-view-small&sz=192&to=39&start=1
OPEN
OPEN DONE
OK RETURN
URL PRICE https://www.berluti.com/ja-jp/to-ujuru-mini-neo-sukurittoreza-totobaggu/TOUJOURS_MINI_NEO-V2.html?dwvar_TOUJOURS__MINI__NEO-V2_color=G11&to=39#viewtype=grid-view-small&sz=192&to=39&start=1 490600
colorCheck len 1
 attval LIGHT ALUMINIO
color check 一致なし zaiko 0
modal one time skip
key: css val:button[data-select-id='size-1']
sizeSelect len 0
cartButton len 2
att nashi
zaiko 0 x3
-----------------------------
https://www.berluti.com/ja-jp/to-ujuru-mini-sukurittoreza-totobaggu/TOUJOURS_MINI_NEO_BE_RR-V2.html?dwvar_TOUJOURS__MINI__NEO__BE__RR-V2_color=R79&to=40#viewtype=grid-view-small&sz=192&to=40&start=1
OPEN
OPEN DONE
OK RETURN
URL PRICE https://www.berluti.com/ja-jp/to-ujuru-mini-sukurittoreza-totobaggu/TOUJOURS_MINI_NEO_BE_RR-V2.html?dwvar_TOUJOURS__MINI__NEO__BE__RR-V2_color=R79&to=40#viewtype=grid-view-small&sz=192&to=40&start=1 NOTFOUND
colorCheck len 0
-----------------------------
https://www.berluti.com/ja-jp/to-ujuru-mini-sukurittoreza-totobaggu/TOUJOURS_MINI_NEO_GRADIANT-V2.html?dwvar_TOUJOURS__MINI__NEO__GRADIANT-V2_color=B07&to=41#viewtype=grid-view-small&sz=192&to=41&start=1
OPEN
OPEN DONE
OK RETURN
URL PRICE https://www.berluti.com/ja-jp/to-ujuru-mini-sukurittoreza-totobaggu/TOUJOURS_MINI_NEO_GRADIANT-V2.html?dwvar_TOUJOURS__MINI__NEO__GRADIANT-V2_color=B07&to=41#viewtype=grid-view-small&sz=192&to=41&start=1 NOTFOUND
colorCheck len 0
-----------------------------
https://www.berluti.com/ja-jp/to-ujuru-mini-sukurittoreza-totobaggu/TOUJOURS_MINI_NEO_GRADIANT-V2.html?dwvar_TOUJOURS__MINI__NEO__GRADIANT-V2_color=KH6&to=42#viewtype=grid-view-small&sz=192&to=42&start=1
OPEN
OPEN DONE
OK RETURN
URL PRICE https://www.berluti.com/ja-jp/to-ujuru-mini-sukurittoreza-totobaggu/TOUJOURS_MINI_NEO_GRADIANT-V2.html?dwvar_TOUJOURS__MINI__NEO__GRADIANT-V2_color=KH6&to=42#viewtype=grid-view-small&sz=192&to=42&start=1 NOTFOUND
colorCheck len 0
-----------------------------
https://www.berluti.com/ja-jp/to-ujuru-gariba-sukurittoreza-messenja/TOUJOURS_GULLIVER_NEO-V2.html?dwvar_TOUJOURS__GULLIVER__NEO-V2_color=KD4&to=43#viewtype=grid-view-small&sz=192&to=43&start=1
OPEN
OPEN DONE
OK RETURN
URL PRICE https://www.berluti.com/ja-jp/to-ujuru-gariba-sukurittoreza-messenja/TOUJOURS_GULLIVER_NEO-V2.html?dwvar_TOUJOURS__GULLIVER__NEO-V2_color=KD4&to=43#viewtype=grid-view-small&sz=192&to=43&start=1 409200
colorCheck len 2
 attval LIGHT ALUMINIO
color found
modal one time skip
key: css val:button[data-select-id='size-1']
sizeSelect len 0
cartButton len 0
zaiko 0 x1
cartButton2 len 0
zaiko 0 2x1
-----------------------------
https://www.berluti.com/ja-jp/to-ujuru-gariba-sukurittoreza-messenja/TOUJOURS_GULLIVER_NEO-V2.html?dwvar_TOUJOURS__GULLIVER__NEO-V2_color=G27&to=44#viewtype=grid-view-small&sz=192&to=44&start=1
OPEN
OPEN DONE
OK RETURN
URL PRICE https://www.berluti.com/ja-jp/to-ujuru-gariba-sukurittoreza-messenja/TOUJOURS_GULLIVER_NEO-V2.html?dwvar_TOUJOURS__GULLIVER__NEO-V2_color=G27&to=44#viewtype=grid-view-small&sz=192&to=44&start=1 409200
colorCheck len 2
 attval LIGHT ALUMINIO
 attval OPUNTIA 
color check 一致なし zaiko 0
modal one time skip
key: css val:button[data-select-id='size-1']
sizeSelect len 0
cartButton len 0
zaiko 0 x1
cartButton2 len 0
zaiko 0 2x1
zaiko 0 x3
-----------------------------
https://www.berluti.com/ja-jp/to-ujuru-gariba-sukurittoreza-messenja/TOUJOURS_GULLIVER_NEO-V2.html?dwvar_TOUJOURS__GULLIVER__NEO-V2_color=M10&to=45#viewtype=grid-view-small&sz=192&to=45&start=1
OPEN
OPEN DONE
OK RETURN
URL PRICE https://www.berluti.com/ja-jp/to-ujuru-gariba-sukurittoreza-messenja/TOUJOURS_GULLIVER_NEO-V2.html?dwvar_TOUJOURS__GULLIVER__NEO-V2_color=M10&to=45#viewtype=grid-view-small&sz=192&to=45&start=1 409200
colorCheck len 2
 attval LIGHT ALUMINIO
 attval OPUNTIA 
color check 一致なし zaiko 0
modal one time skip
key: css val:button[data-select-id='size-1']
sizeSelect len 0
cartButton len 0
zaiko 0 x1
cartButton2 len 0
zaiko 0 2x1
zaiko 0 x3
-----------------------------
https://www.berluti.com/ja-jp/to-ujuru-gariba-sukurittoreza-messenja/TOUJOURS_GULLIVER_NEO-V2.html?dwvar_TOUJOURS__GULLIVER__NEO-V2_color=G11&to=46#viewtype=grid-view-small&sz=192&to=46&start=1
OPEN
OPEN DONE
OK RETURN
URL PRICE https://www.berluti.com/ja-jp/to-ujuru-gariba-sukurittoreza-messenja/TOUJOURS_GULLIVER_NEO-V2.html?dwvar_TOUJOURS__GULLIVER__NEO-V2_color=G11&to=46#viewtype=grid-view-small&sz=192&to=46&start=1 409200
colorCheck len 2
 attval LIGHT ALUMINIO
 attval OPUNTIA 
color check 一致なし zaiko 0
modal one time skip
key: css val:button[data-select-id='size-1']
sizeSelect len 0
cartButton len 0
zaiko 0 x1
cartButton2 len 0
zaiko 0 2x1
zaiko 0 x3
-----------------------------
https://www.berluti.com/ja-jp/to-ujuru-gariba-sukurittoreza-messenja/TOUJOURS_GULLIVER_NEO-V2.html?dwvar_TOUJOURS__GULLIVER__NEO-V2_color=MQ4&to=47#viewtype=grid-view-small&sz=192&to=47&start=1
OPEN
OPEN DONE
OK RETURN
URL PRICE https://www.berluti.com/ja-jp/to-ujuru-gariba-sukurittoreza-messenja/TOUJOURS_GULLIVER_NEO-V2.html?dwvar_TOUJOURS__GULLIVER__NEO-V2_color=MQ4&to=47#viewtype=grid-view-small&sz=192&to=47&start=1 409200
colorCheck len 2
 attval LIGHT ALUMINIO
 attval OPUNTIA 
color check 一致なし zaiko 0
modal one time skip
key: css val:button[data-select-id='size-1']
sizeSelect len 0
cartButton len 0
zaiko 0 x1
cartButton2 len 0
zaiko 0 2x1
zaiko 0 x3
-----------------------------
https://www.berluti.com/ja-jp/to-ujuru-gariba-guradianto-sukurittoreza-messenja/TOUJOURS_GULLIVER_NEO_GRADIANT-V2.html?dwvar_TOUJOURS__GULLIVER__NEO__GRADIANT-V2_color=R78&to=48#viewtype=grid-view-small&sz=192&to=48&start=1
OPEN
OPEN DONE
OK RETURN
URL PRICE https://www.berluti.com/ja-jp/to-ujuru-gariba-guradianto-sukurittoreza-messenja/TOUJOURS_GULLIVER_NEO_GRADIANT-V2.html?dwvar_TOUJOURS__GULLIVER__NEO__GRADIANT-V2_color=R78&to=48#viewtype=grid-view-small&sz=192&to=48&start=1 NOTFOUND
colorCheck len 0
-----------------------------
https://www.berluti.com/ja-jp/to-ujuru-nano-sukurittoreza-pochi/TOUJOURS_NANO-JOUR-V2.html?dwvar_TOUJOURS__NANO-JOUR-V2_color=M10&to=49#viewtype=grid-view-small&sz=192&to=49&start=1
OPEN
OPEN DONE
OK RETURN
URL PRICE https://www.berluti.com/ja-jp/to-ujuru-nano-sukurittoreza-pochi/TOUJOURS_NANO-JOUR-V2.html?dwvar_TOUJOURS__NANO-JOUR-V2_color=M10&to=49#viewtype=grid-view-small&sz=192&to=49&start=1 462000
colorCheck len 2
 attval NERO GRIGIO
 attval MIRAGGIO
color check 一致なし zaiko 0
modal one time skip
key: css val:button[data-select-id='size-1']
sizeSelect len 0
cartButton len 2
att nashi
zaiko 0 x3
-----------------------------
https://www.berluti.com/ja-jp/fomyura-1003-sukurittopochi/FORMULA_1003_NEO-JOUR-V2.html?dwvar_FORMULA__1003__NEO-JOUR-V2_color=ML6&to=50#viewtype=grid-view-small&sz=192&to=50&start=1
OPEN
OPEN DONE
OK RETURN
URL PRICE https://www.berluti.com/ja-jp/fomyura-1003-sukurittopochi/FORMULA_1003_NEO-JOUR-V2.html?dwvar_FORMULA__1003__NEO-JOUR-V2_color=ML6&to=50#viewtype=grid-view-small&sz=192&to=50&start=1 217800
colorCheck len 1
 attval CACAO INTENSO
color found
modal one time skip
key: css val:button[data-select-id='size-1']
sizeSelect len 0
cartButton len 2
att nashi
-----------------------------
https://www.berluti.com/ja-jp/anjuru-mini-reza-burifukesu/1_JOUR_MINI-V81.html?dwvar_1__JOUR__MINI-V81_color=MM5&to=51#viewtype=grid-view-small&sz=192&to=51&start=1
OPEN
OPEN DONE
OK RETURN
URL PRICE https://www.berluti.com/ja-jp/anjuru-mini-reza-burifukesu/1_JOUR_MINI-V81.html?dwvar_1__JOUR__MINI-V81_color=MM5&to=51#viewtype=grid-view-small&sz=192&to=51&start=1 588500
colorCheck len 1
 attval SOFT BROWN
color found
modal one time skip
key: css val:button[data-select-id='size-1']
sizeSelect len 0
cartButton len 2
att nashi
-----------------------------
https://www.berluti.com/ja-jp/anjuru-poketto-reza-burifukesu/1_JOUR_NEO_POCKET-V1.html?dwvar_1__JOUR__NEO__POCKET-V1_color=MR5&to=52#viewtype=grid-view-small&sz=192&to=52&start=1
OPEN
OPEN DONE
OK RETURN
URL PRICE https://www.berluti.com/ja-jp/anjuru-poketto-reza-burifukesu/1_JOUR_NEO_POCKET-V1.html?dwvar_1__JOUR__NEO__POCKET-V1_color=MR5&to=52#viewtype=grid-view-small&sz=192&to=52&start=1 819500
colorCheck len 1
 attval LEGNO BRUCIATO
color found
modal one time skip
key: css val:button[data-select-id='size-1']
sizeSelect len 0
cartButton len 2
att nashi
-----------------------------
https://www.berluti.com/ja-jp/anjuru-rezaburifukesu/1_JOUR_NEO-V1.html?dwvar_1__JOUR__NEO-V1_color=ML6&to=53#viewtype=grid-view-small&sz=192&to=53&start=1
OPEN
OPEN DONE
OK RETURN
URL PRICE https://www.berluti.com/ja-jp/anjuru-rezaburifukesu/1_JOUR_NEO-V1.html?dwvar_1__JOUR__NEO-V1_color=ML6&to=53#viewtype=grid-view-small&sz=192&to=53&start=1 638000
colorCheck len 1
 attval CACAO INTENSO
color found
modal one time skip
key: css val:button[data-select-id='size-1']
sizeSelect len 0
cartButton len 2
att nashi
-----------------------------
https://www.berluti.com/ja-jp/do-ujuru-reza-burifukesu/2_JOURS_NEO-V1.html?dwvar_2__JOURS__NEO-V1_color=ML6&to=54#viewtype=grid-view-small&sz=192&to=54&start=1
OPEN
OPEN DONE
OK RETURN
URL PRICE https://www.berluti.com/ja-jp/do-ujuru-reza-burifukesu/2_JOURS_NEO-V1.html?dwvar_2__JOURS__NEO-V1_color=ML6&to=54#viewtype=grid-view-small&sz=192&to=54&start=1 682000
colorCheck len 2
 attval CACAO INTENSO
color found
modal one time skip
key: css val:button[data-select-id='size-1']
sizeSelect len 0
cartButton len 2
att nashi
-----------------------------
https://www.berluti.com/ja-jp/do-ujuru-reza-burifukesu/2_JOURS_NEO-V1.html?dwvar_2__JOURS__NEO-V1_color=K02&to=55#viewtype=grid-view-small&sz=192&to=55&start=1
OPEN
OPEN DONE
OK RETURN
URL PRICE https://www.berluti.com/ja-jp/do-ujuru-reza-burifukesu/2_JOURS_NEO-V1.html?dwvar_2__JOURS__NEO-V1_color=K02&to=55#viewtype=grid-view-small&sz=192&to=55&start=1 682000
colorCheck len 2
 attval CACAO INTENSO
 attval NERO GRIGIO
color found
modal one time skip
key: css val:button[data-select-id='size-1']
sizeSelect len 0
cartButton len 2
att nashi
-----------------------------
https://www.berluti.com/ja-jp/torowanyui-reza-burifukesu/3_NUITS_NEO-V1.html?dwvar_3__NUITS__NEO-V1_color=ML6&to=56#viewtype=grid-view-small&sz=192&to=56&start=1
OPEN
OPEN DONE
OK RETURN
URL PRICE https://www.berluti.com/ja-jp/torowanyui-reza-burifukesu/3_NUITS_NEO-V1.html?dwvar_3__NUITS__NEO-V1_color=ML6&to=56#viewtype=grid-view-small&sz=192&to=56&start=1 885500
colorCheck len 1
 attval CACAO INTENSO
color found
modal one time skip
key: css val:button[data-select-id='size-1']
sizeSelect len 0
cartButton len 2
att nashi
-----------------------------
https://www.berluti.com/ja-jp/do-ujuru-sukurittoreza-burifukesu/2_JOURS_NEO-V2.html?dwvar_2__JOURS__NEO-V2_color=ML6&to=57#viewtype=grid-view-small&sz=192&to=57&start=1
OPEN
OPEN DONE
OK RETURN
URL PRICE https://www.berluti.com/ja-jp/do-ujuru-sukurittoreza-burifukesu/2_JOURS_NEO-V2.html?dwvar_2__JOURS__NEO-V2_color=ML6&to=57#viewtype=grid-view-small&sz=192&to=57&start=1 715000
colorCheck len 1
 attval CACAO INTENSO
color found
modal one time skip
key: css val:button[data-select-id='size-1']
sizeSelect len 0
cartButton len 2
att nashi
-----------------------------
https://www.berluti.com/ja-jp/f088vu-enetsu-ia-kafurezaburifukesu/F088_IV-V3.html?dwvar_F088__IV-V3_color=ML6&to=58#viewtype=grid-view-small&sz=192&to=58&start=1
OPEN
OPEN DONE
OK RETURN
URL PRICE https://www.berluti.com/ja-jp/f088vu-enetsu-ia-kafurezaburifukesu/F088_IV-V3.html?dwvar_F088__IV-V3_color=ML6&to=58#viewtype=grid-view-small&sz=192&to=58&start=1 682000
colorCheck len 1
 attval CACAO INTENSO
color found
modal one time skip
key: css val:button[data-select-id='size-1']
sizeSelect len 0
cartButton len 2
att nashi
-----------------------------
https://www.berluti.com/ja-jp/anjuru-mini-guradianto-sukurittoreza-burifukesu/1_JOUR_MINI_NEO_GRADIANT-V2.html?dwvar_1__JOUR__MINI__NEO__GRADIANT-V2_color=KH6&to=59#viewtype=grid-view-small&sz=192&to=59&start=1
OPEN
OPEN DONE
OK RETURN
URL PRICE https://www.berluti.com/ja-jp/anjuru-mini-guradianto-sukurittoreza-burifukesu/1_JOUR_MINI_NEO_GRADIANT-V2.html?dwvar_1__JOUR__MINI__NEO__GRADIANT-V2_color=KH6&to=59#viewtype=grid-view-small&sz=192&to=59&start=1 NOTFOUND
colorCheck len 0
-----------------------------
https://www.berluti.com/ja-jp/anjuru-sukurittoreza-burifukesu/1_JOUR_NEO-V2.html?dwvar_1__JOUR__NEO-V2_color=K02&to=60#viewtype=grid-view-small&sz=192&to=60&start=1
OPEN
OPEN DONE
OK RETURN
URL PRICE https://www.berluti.com/ja-jp/anjuru-sukurittoreza-burifukesu/1_JOUR_NEO-V2.html?dwvar_1__JOUR__NEO-V2_color=K02&to=60#viewtype=grid-view-small&sz=192&to=60&start=1 682000
colorCheck len 3
 attval NERO GRIGIO
color found
modal one time skip
key: css val:button[data-select-id='size-1']
sizeSelect len 0
cartButton len 2
att nashi
-----------------------------
https://www.berluti.com/ja-jp/anjuru-sukurittoreza-burifukesu/1_JOUR_NEO-V2.html?dwvar_1__JOUR__NEO-V2_color=ML6&to=61#viewtype=grid-view-small&sz=192&to=61&start=1
OPEN
OPEN DONE
OK RETURN
URL PRICE https://www.berluti.com/ja-jp/anjuru-sukurittoreza-burifukesu/1_JOUR_NEO-V2.html?dwvar_1__JOUR__NEO-V2_color=ML6&to=61#viewtype=grid-view-small&sz=192&to=61&start=1 682000
colorCheck len 3
 attval NERO GRIGIO
 attval CACAO INTENSO
color found
modal one time skip
key: css val:button[data-select-id='size-1']
sizeSelect len 0
cartButton len 2
att nashi
-----------------------------
https://www.berluti.com/ja-jp/anjuru-sukurittoreza-burifukesu/1_JOUR_NEO-V2.html?dwvar_1__JOUR__NEO-V2_color=G11&to=62#viewtype=grid-view-small&sz=192&to=62&start=1
OPEN
OPEN DONE
OK RETURN
URL PRICE https://www.berluti.com/ja-jp/anjuru-sukurittoreza-burifukesu/1_JOUR_NEO-V2.html?dwvar_1__JOUR__NEO-V2_color=G11&to=62#viewtype=grid-view-small&sz=192&to=62&start=1 682000
colorCheck len 3
 attval NERO GRIGIO
 attval CACAO INTENSO
 attval JUNGLE GREEN
color found
modal one time skip
key: css val:button[data-select-id='size-1']
sizeSelect len 0
cartButton len 2
att nashi
-----------------------------
https://www.berluti.com/ja-jp/anjuru-sumoru-sukurittoreza-burifukesu/1_JOUR_MINI_NEO-V2.html?dwvar_1__JOUR__MINI__NEO-V2_color=K02&to=63#viewtype=grid-view-small&sz=192&to=63&start=1
OPEN
OPEN DONE
OK RETURN
URL PRICE https://www.berluti.com/ja-jp/anjuru-sumoru-sukurittoreza-burifukesu/1_JOUR_MINI_NEO-V2.html?dwvar_1__JOUR__MINI__NEO-V2_color=K02&to=63#viewtype=grid-view-small&sz=192&to=63&start=1 621500
colorCheck len 2
 attval NERO GRIGIO
color found
modal one time skip
key: css val:button[data-select-id='size-1']
sizeSelect len 0
cartButton len 2
att nashi
-----------------------------
https://www.berluti.com/ja-jp/anjuru-sumoru-sukurittoreza-burifukesu/1_JOUR_MINI_NEO-V2.html?dwvar_1__JOUR__MINI__NEO-V2_color=ML6&to=64#viewtype=grid-view-small&sz=192&to=64&start=1
OPEN
OPEN DONE
OK RETURN
URL PRICE https://www.berluti.com/ja-jp/anjuru-sumoru-sukurittoreza-burifukesu/1_JOUR_MINI_NEO-V2.html?dwvar_1__JOUR__MINI__NEO-V2_color=ML6&to=64#viewtype=grid-view-small&sz=192&to=64&start=1 621500
colorCheck len 2
 attval NERO GRIGIO
 attval CACAO INTENSO
color found
modal one time skip
key: css val:button[data-select-id='size-1']
sizeSelect len 0
cartButton len 2
att nashi
-----------------------------
https://www.berluti.com/ja-jp/anjuru-gariba-sukurittoreza-burifukesu/1_JOUR_GULLIVER_NEO-V2.html?dwvar_1__JOUR__GULLIVER__NEO-V2_color=ML6&to=65#viewtype=grid-view-small&sz=192&to=65&start=1
OPEN
OPEN DONE
OK RETURN
URL PRICE https://www.berluti.com/ja-jp/anjuru-gariba-sukurittoreza-burifukesu/1_JOUR_GULLIVER_NEO-V2.html?dwvar_1__JOUR__GULLIVER__NEO-V2_color=ML6&to=65#viewtype=grid-view-small&sz=192&to=65&start=1 441100
colorCheck len 1
 attval LIGHT ALUMINIO
color check 一致なし zaiko 0
modal one time skip
key: css val:button[data-select-id='size-1']
sizeSelect len 0
cartButton len 2
att nashi
zaiko 0 x3
-----------------------------
https://www.berluti.com/ja-jp/anjuru-gariba-sukurittoreza-burifukesu/1_JOUR_GULLIVER_NEO-V2.html?dwvar_1__JOUR__GULLIVER__NEO-V2_color=KD4&to=66#viewtype=grid-view-small&sz=192&to=66&start=1
OPEN
OPEN DONE
OK RETURN
URL PRICE https://www.berluti.com/ja-jp/anjuru-gariba-sukurittoreza-burifukesu/1_JOUR_GULLIVER_NEO-V2.html?dwvar_1__JOUR__GULLIVER__NEO-V2_color=KD4&to=66#viewtype=grid-view-small&sz=192&to=66&start=1 441100
colorCheck len 1
 attval LIGHT ALUMINIO
color found
modal one time skip
key: css val:button[data-select-id='size-1']
sizeSelect len 0
cartButton len 2
att nashi
-----------------------------
https://www.berluti.com/ja-jp/anjuru-gariba-sukurittoreza-burifukesu/1_JOUR_GULLIVER_NEO-V2.html?dwvar_1__JOUR__GULLIVER__NEO-V2_color=G11&to=67#viewtype=grid-view-small&sz=192&to=67&start=1
OPEN
OPEN DONE
OK RETURN
URL PRICE https://www.berluti.com/ja-jp/anjuru-gariba-sukurittoreza-burifukesu/1_JOUR_GULLIVER_NEO-V2.html?dwvar_1__JOUR__GULLIVER__NEO-V2_color=G11&to=67#viewtype=grid-view-small&sz=192&to=67&start=1 441100
colorCheck len 1
 attval LIGHT ALUMINIO
color check 一致なし zaiko 0
modal one time skip
key: css val:button[data-select-id='size-1']
sizeSelect len 0
cartButton len 2
att nashi
zaiko 0 x3
-----------------------------
https://www.berluti.com/ja-jp/anjuru-nano-sukurittoreza-pochi/1_JOUR__NANO_NEO-JOUR-V2.html?dwvar_1__JOUR____NANO__NEO-JOUR-V2_color=ML6&to=68#viewtype=grid-view-small&sz=192&to=68&start=1
OPEN
OPEN DONE
OK RETURN
URL PRICE https://www.berluti.com/ja-jp/anjuru-nano-sukurittoreza-pochi/1_JOUR__NANO_NEO-JOUR-V2.html?dwvar_1__JOUR____NANO__NEO-JOUR-V2_color=ML6&to=68#viewtype=grid-view-small&sz=192&to=68&start=1 NOTFOUND
colorCheck len 0
-----------------------------
https://www.berluti.com/ja-jp/anjuru-sukurittoreza-burifukesu/1_JOUR_NEO_BE_RR-V2.html?dwvar_1__JOUR__NEO__BE__RR-V2_color=MH2&to=69#viewtype=grid-view-small&sz=192&to=69&start=1
OPEN
OPEN DONE
OK RETURN
URL PRICE https://www.berluti.com/ja-jp/anjuru-sukurittoreza-burifukesu/1_JOUR_NEO_BE_RR-V2.html?dwvar_1__JOUR__NEO__BE__RR-V2_color=MH2&to=69#viewtype=grid-view-small&sz=192&to=69&start=1 NOTFOUND
colorCheck len 0
-----------------------------
https://www.berluti.com/ja-jp/terushio-reza-arigetareza-pochi/TERSIO_NEO_BE_RR-BE_RAPIECE_REPRISE-VC.html?dwvar_TERSIO__NEO__BE__RR-BE__RAPIECE__REPRISE-VC_color=MH2&to=70#viewtype=grid-view-small&sz=192&to=70&start=1
OPEN
OPEN DONE
OK RETURN
URL PRICE https://www.berluti.com/ja-jp/terushio-reza-arigetareza-pochi/TERSIO_NEO_BE_RR-BE_RAPIECE_REPRISE-VC.html?dwvar_TERSIO__NEO__BE__RR-BE__RAPIECE__REPRISE-VC_color=MH2&to=70#viewtype=grid-view-small&sz=192&to=70&start=1 1226500
colorCheck len 1
 attval ICE GOLD
color found
modal one time skip
key: css val:button[data-select-id='size-1']
sizeSelect len 0
cartButton len 2
att nashi
-----------------------------
https://www.berluti.com/ja-jp/emio-kafu-arigetareza-burifukesu/E_MIO_NEO_BE_RR-VC.html?dwvar_E__MIO__NEO__BE__RR-VC_color=R79&to=71#viewtype=grid-view-small&sz=192&to=71&start=1
OPEN
OPEN DONE
OK RETURN
URL PRICE https://www.berluti.com/ja-jp/emio-kafu-arigetareza-burifukesu/E_MIO_NEO_BE_RR-VC.html?dwvar_E__MIO__NEO__BE__RR-VC_color=R79&to=71#viewtype=grid-view-small&sz=192&to=71&start=1 2981000
colorCheck len 1
 attval SAINT EMILION
color found
modal one time skip
key: css val:button[data-select-id='size-1']
sizeSelect len 0
cartButton len 2
att nashi
-----------------------------
https://www.berluti.com/ja-jp/nino-gm-sukurittoreza-kuratchi/NINO_GM_NEO_BE_RR-V2.html?dwvar_NINO__GM__NEO__BE__RR-V2_color=R79&to=72#viewtype=grid-view-small&sz=192&to=72&start=1
OPEN
OPEN DONE
OK RETURN
URL PRICE https://www.berluti.com/ja-jp/nino-gm-sukurittoreza-kuratchi/NINO_GM_NEO_BE_RR-V2.html?dwvar_NINO__GM__NEO__BE__RR-V2_color=R79&to=72#viewtype=grid-view-small&sz=192&to=72&start=1 NOTFOUND
colorCheck len 0
-----------------------------
https://www.berluti.com/ja-jp/anjuru-mini-kafu-arigetareza-burifukesu/1_JOUR_MINI_NEO_BE_RR-VC.html?dwvar_1__JOUR__MINI__NEO__BE__RR-VC_color=K08&to=73#viewtype=grid-view-small&sz=192&to=73&start=1
OPEN
OPEN DONE
OK RETURN
URL PRICE https://www.berluti.com/ja-jp/anjuru-mini-kafu-arigetareza-burifukesu/1_JOUR_MINI_NEO_BE_RR-VC.html?dwvar_1__JOUR__MINI__NEO__BE__RR-VC_color=K08&to=73#viewtype=grid-view-small&sz=192&to=73&start=1 2662000
colorCheck len 1
 attval VICOGNA
color check 一致なし zaiko 0
modal one time skip
key: css val:button[data-select-id='size-1']
sizeSelect len 0
cartButton len 2
att nashi
zaiko 0 x3
-----------------------------
https://www.berluti.com/ja-jp/terushio-sukurittoreza-pochi/TERSIO_NEO_BE_RR-BE_RAPIECE_REPRISE-V2.html?dwvar_TERSIO__NEO__BE__RR-BE__RAPIECE__REPRISE-V2_color=K08&to=74#viewtype=grid-view-small&sz=192&to=74&start=1
OPEN
OPEN DONE
OK RETURN
URL PRICE https://www.berluti.com/ja-jp/terushio-sukurittoreza-pochi/TERSIO_NEO_BE_RR-BE_RAPIECE_REPRISE-V2.html?dwvar_TERSIO__NEO__BE__RR-BE__RAPIECE__REPRISE-V2_color=K08&to=74#viewtype=grid-view-small&sz=192&to=74&start=1 NOTFOUND
colorCheck len 0
-----------------------------
https://www.berluti.com/ja-jp/obasaizu-toto-reza-totobaggu/OVERSIZE_TOTE-V81.html?dwvar_OVERSIZE__TOTE-V81_color=MM5&to=75#viewtype=grid-view-small&sz=192&to=75&start=1
OPEN
OPEN DONE
OK RETURN
URL PRICE https://www.berluti.com/ja-jp/obasaizu-toto-reza-totobaggu/OVERSIZE_TOTE-V81.html?dwvar_OVERSIZE__TOTE-V81_color=MM5&to=75#viewtype=grid-view-small&sz=192&to=75&start=1 NOTFOUND
colorCheck len 0
-----------------------------
https://www.berluti.com/ja-jp/emio-sukurittoreza-messenja/E_MIO_MESSENGER-V2.html?dwvar_E__MIO__MESSENGER-V2_color=MR5&to=76#viewtype=grid-view-small&sz=192&to=76&start=1
OPEN
OPEN DONE
OK RETURN
URL PRICE https://www.berluti.com/ja-jp/emio-sukurittoreza-messenja/E_MIO_MESSENGER-V2.html?dwvar_E__MIO__MESSENGER-V2_color=MR5&to=76#viewtype=grid-view-small&sz=192&to=76&start=1 588500
colorCheck len 2
 attval NERO LEGNO
 attval LEGNO BRUCIATO
color found
modal one time skip
key: css val:button[data-select-id='size-1']
sizeSelect len 0
cartButton len 2
att nashi
-----------------------------
https://www.berluti.com/ja-jp/emio-sukurittoreza-messenja/E_MIO_MESSENGER-V2.html?dwvar_E__MIO__MESSENGER-V2_color=KD1&to=77#viewtype=grid-view-small&sz=192&to=77&start=1
OPEN
OPEN DONE
OK RETURN
URL PRICE https://www.berluti.com/ja-jp/emio-sukurittoreza-messenja/E_MIO_MESSENGER-V2.html?dwvar_E__MIO__MESSENGER-V2_color=KD1&to=77#viewtype=grid-view-small&sz=192&to=77&start=1 588500
colorCheck len 2
 attval NERO LEGNO
color found
modal one time skip
key: css val:button[data-select-id='size-1']
sizeSelect len 0
cartButton len 2
att nashi
-----------------------------
https://www.berluti.com/ja-jp/to-ujuru-sofuto-jippu-hobo-reza-messenja/ZIPPED_HOBO-V3.html?dwvar_ZIPPED__HOBO-V3_color=MQ4&to=78#viewtype=grid-view-small&sz=192&to=78&start=1
OPEN
OPEN DONE
OK RETURN
URL PRICE https://www.berluti.com/ja-jp/to-ujuru-sofuto-jippu-hobo-reza-messenja/ZIPPED_HOBO-V3.html?dwvar_ZIPPED__HOBO-V3_color=MQ4&to=78#viewtype=grid-view-small&sz=192&to=78&start=1 490600
colorCheck len 2
 attval ICE GOLD
 attval SANDSTORM
color found
modal one time skip
key: css val:button[data-select-id='size-1']
sizeSelect len 0
cartButton len 2
att nashi
-----------------------------
https://www.berluti.com/ja-jp/purumiejuru-kabasukurittoreza-totobaggu/PREMIER_JOUR_CABAS-V2.html?dwvar_PREMIER__JOUR__CABAS-V2_color=MA1&to=79#viewtype=grid-view-small&sz=192&to=79&start=1
OPEN
OPEN DONE
OK RETURN
URL PRICE https://www.berluti.com/ja-jp/purumiejuru-kabasukurittoreza-totobaggu/PREMIER_JOUR_CABAS-V2.html?dwvar_PREMIER__JOUR__CABAS-V2_color=MA1&to=79#viewtype=grid-view-small&sz=192&to=79&start=1 NOTFOUND
colorCheck len 0
-----------------------------
https://www.berluti.com/ja-jp/purumiejuru-sukurittoreza-bakkupakku/PREMIER_JOUR_NEO-V2.html?dwvar_PREMIER__JOUR__NEO-V2_color=MR5&to=80#viewtype=grid-view-small&sz=192&to=80&start=1
OPEN
OPEN DONE
OK RETURN
URL PRICE https://www.berluti.com/ja-jp/purumiejuru-sukurittoreza-bakkupakku/PREMIER_JOUR_NEO-V2.html?dwvar_PREMIER__JOUR__NEO-V2_color=MR5&to=80#viewtype=grid-view-small&sz=192&to=80&start=1 671000
colorCheck len 1
 attval LEGNO BRUCIATO
color found
modal one time skip
key: css val:button[data-select-id='size-1']
sizeSelect len 0
cartButton len 2
att nashi
-----------------------------
https://www.berluti.com/ja-jp/purumiejuru-gariba-sukurittoreza-messenja/PREMIER_JOUR_GULLIVER-V2.html?dwvar_PREMIER__JOUR__GULLIVER-V2_color=Y23&to=81#viewtype=grid-view-small&sz=192&to=81&start=1
OPEN
OPEN DONE
OK RETURN
URL PRICE https://www.berluti.com/ja-jp/purumiejuru-gariba-sukurittoreza-messenja/PREMIER_JOUR_GULLIVER-V2.html?dwvar_PREMIER__JOUR__GULLIVER-V2_color=Y23&to=81#viewtype=grid-view-small&sz=192&to=81&start=1 313500
colorCheck len 1
 attval NERO CAVIAR
color check 一致なし zaiko 0
modal one time skip
key: css val:button[data-select-id='size-1']
sizeSelect len 0
cartButton len 2
att nashi
zaiko 0 x3
-----------------------------
https://www.berluti.com/ja-jp/purumiejuru-gariba-sukurittoreza-messenja/PREMIER_JOUR_GULLIVER-V2.html?dwvar_PREMIER__JOUR__GULLIVER-V2_color=G11&to=82#viewtype=grid-view-small&sz=192&to=82&start=1
OPEN
OPEN DONE
OK RETURN
URL PRICE https://www.berluti.com/ja-jp/purumiejuru-gariba-sukurittoreza-messenja/PREMIER_JOUR_GULLIVER-V2.html?dwvar_PREMIER__JOUR__GULLIVER-V2_color=G11&to=82#viewtype=grid-view-small&sz=192&to=82&start=1 313500
colorCheck len 1
 attval NERO CAVIAR
color check 一致なし zaiko 0
modal one time skip
key: css val:button[data-select-id='size-1']
sizeSelect len 0
cartButton len 2
att nashi
zaiko 0 x3
-----------------------------
https://www.berluti.com/ja-jp/purumiejuru-gariba-sukurittoreza-messenja/PREMIER_JOUR_GULLIVER-V2.html?dwvar_PREMIER__JOUR__GULLIVER-V2_color=G02&to=83#viewtype=grid-view-small&sz=192&to=83&start=1
OPEN
OPEN DONE
OK RETURN
URL PRICE https://www.berluti.com/ja-jp/purumiejuru-gariba-sukurittoreza-messenja/PREMIER_JOUR_GULLIVER-V2.html?dwvar_PREMIER__JOUR__GULLIVER-V2_color=G02&to=83#viewtype=grid-view-small&sz=192&to=83&start=1 313500
colorCheck len 1
 attval NERO CAVIAR
color found
modal one time skip
key: css val:button[data-select-id='size-1']
sizeSelect len 0
cartButton len 2
att nashi
-----------------------------
https://www.berluti.com/ja-jp/purumiejuru-gariba-sukurittoreza-messenja/PREMIER_JOUR_GULLIVER-V2.html?dwvar_PREMIER__JOUR__GULLIVER-V2_color=KD4&to=84#viewtype=grid-view-small&sz=192&to=84&start=1
OPEN
OPEN DONE
OK RETURN
URL PRICE https://www.berluti.com/ja-jp/purumiejuru-gariba-sukurittoreza-messenja/PREMIER_JOUR_GULLIVER-V2.html?dwvar_PREMIER__JOUR__GULLIVER-V2_color=KD4&to=84#viewtype=grid-view-small&sz=192&to=84&start=1 313500
colorCheck len 1
 attval NERO CAVIAR
color check 一致なし zaiko 0
modal one time skip
key: css val:button[data-select-id='size-1']
sizeSelect len 0
cartButton len 2
att nashi
zaiko 0 x3
-----------------------------
https://www.berluti.com/ja-jp/puremia-juru-sukuritto-reza-bakkupakku/PREMIER_JOUR-V2.html?dwvar_PREMIER__JOUR-V2_color=K02&to=85#viewtype=grid-view-small&sz=192&to=85&start=1
OPEN
OPEN DONE
OK RETURN
URL PRICE https://www.berluti.com/ja-jp/puremia-juru-sukuritto-reza-bakkupakku/PREMIER_JOUR-V2.html?dwvar_PREMIER__JOUR-V2_color=K02&to=85#viewtype=grid-view-small&sz=192&to=85&start=1 671000
colorCheck len 1
 attval NERO GRIGIO
color found
modal one time skip
key: css val:button[data-select-id='size-1']
sizeSelect len 0
cartButton len 2
att nashi
-----------------------------
https://www.berluti.com/ja-jp/jurunarie-torio-sukurittoreza-messenja/JOURNALIER_TRIO-V82.html?dwvar_JOURNALIER__TRIO-V82_color=MM5&to=86#viewtype=grid-view-small&sz=192&to=86&start=1
OPEN
OPEN DONE
OK RETURN
URL PRICE https://www.berluti.com/ja-jp/jurunarie-torio-sukurittoreza-messenja/JOURNALIER_TRIO-V82.html?dwvar_JOURNALIER__TRIO-V82_color=MM5&to=86#viewtype=grid-view-small&sz=192&to=86&start=1 NOTFOUND
colorCheck len 0
-----------------------------
https://www.berluti.com/ja-jp/jurunarie-reza-messenja/JOURNALIER-V3.html?dwvar_JOURNALIER-V3_color=MQ4&to=87#viewtype=grid-view-small&sz=192&to=87&start=1
OPEN
OPEN DONE
OK RETURN
URL PRICE https://www.berluti.com/ja-jp/jurunarie-reza-messenja/JOURNALIER-V3.html?dwvar_JOURNALIER-V3_color=MQ4&to=87#viewtype=grid-view-small&sz=192&to=87&start=1 NOTFOUND
colorCheck len 0
-----------------------------
https://www.berluti.com/ja-jp/jurunarie-sukurittoreza-messenja/JOURNALIER-V82.html?dwvar_JOURNALIER-V82_color=ME8&to=88#viewtype=grid-view-small&sz=192&to=88&start=1
OPEN
OPEN DONE
OK RETURN
URL PRICE https://www.berluti.com/ja-jp/jurunarie-sukurittoreza-messenja/JOURNALIER-V82.html?dwvar_JOURNALIER-V82_color=ME8&to=88#viewtype=grid-view-small&sz=192&to=88&start=1 379500
colorCheck len 1
 attval SOFT BROWN
color check 一致なし zaiko 0
modal one time skip
key: css val:button[data-select-id='size-1']
sizeSelect len 0
cartButton len 2
att nashi
zaiko 0 x3
-----------------------------
https://www.berluti.com/ja-jp/jurunarie-reza-messenja/JOURNALIER-V1.html?dwvar_JOURNALIER-V1_color=R78&to=90#viewtype=grid-view-small&sz=192&to=90&start=1
OPEN
OPEN DONE
OK RETURN
URL PRICE https://www.berluti.com/ja-jp/jurunarie-reza-messenja/JOURNALIER-V1.html?dwvar_JOURNALIER-V1_color=R78&to=90#viewtype=grid-view-small&sz=192&to=90&start=1 NOTFOUND
colorCheck len 0
-----------------------------
https://www.berluti.com/ja-jp/terushio-sukurittoreza-pochi/TERSIO_NEO-JOUR_SOFTY-V82.html?dwvar_TERSIO__NEO-JOUR__SOFTY-V82_color=B02&to=91#viewtype=grid-view-small&sz=192&to=91&start=1
OPEN
OPEN DONE
OK RETURN
URL PRICE https://www.berluti.com/ja-jp/terushio-sukurittoreza-pochi/TERSIO_NEO-JOUR_SOFTY-V82.html?dwvar_TERSIO__NEO-JOUR__SOFTY-V82_color=B02&to=91#viewtype=grid-view-small&sz=192&to=91&start=1 324500
colorCheck len 1
 attval INDIGO DENIM
color found
modal one time skip
key: css val:button[data-select-id='size-1']
sizeSelect len 0
cartButton len 2
att nashi
-----------------------------
https://www.berluti.com/ja-jp/rozuuddo-sukurittoreza-pochi/ROSEWOOD_NEO-JOUR-V2.html?dwvar_ROSEWOOD__NEO-JOUR-V2_color=ML6&to=92#viewtype=grid-view-small&sz=192&to=92&start=1
OPEN
OPEN DONE
OK RETURN
URL PRICE https://www.berluti.com/ja-jp/rozuuddo-sukurittoreza-pochi/ROSEWOOD_NEO-JOUR-V2.html?dwvar_ROSEWOOD__NEO-JOUR-V2_color=ML6&to=92#viewtype=grid-view-small&sz=192&to=92&start=1 238700
colorCheck len 2
 attval FIAMMA
 attval CACAO INTENSO
color found
modal one time skip
key: css val:button[data-select-id='size-1']
sizeSelect len 0
cartButton len 2
att nashi
-----------------------------
https://www.berluti.com/ja-jp/terushio-reza-oruinwan/TERSIO_NEO-JOUR-V2.html?dwvar_TERSIO__NEO-JOUR-V2_color=K02&to=93#viewtype=grid-view-small&sz=192&to=93&start=1
OPEN
OPEN DONE
OK RETURN
URL PRICE https://www.berluti.com/ja-jp/terushio-reza-oruinwan/TERSIO_NEO-JOUR-V2.html?dwvar_TERSIO__NEO-JOUR-V2_color=K02&to=93#viewtype=grid-view-small&sz=192&to=93&start=1 324500
colorCheck len 5
 attval MADURO
 attval CREPUSCULO
 attval NERO GRIGIO
color found
modal one time skip
key: css val:button[data-select-id='size-1']
sizeSelect len 0
cartButton len 2
att nashi
-----------------------------
https://www.berluti.com/ja-jp/terushio-reza-oruinwan/TERSIO_NEO-JOUR-V2.html?dwvar_TERSIO__NEO-JOUR-V2_color=G11&to=94#viewtype=grid-view-small&sz=192&to=94&start=1
OPEN
OPEN DONE
OK RETURN
URL PRICE https://www.berluti.com/ja-jp/terushio-reza-oruinwan/TERSIO_NEO-JOUR-V2.html?dwvar_TERSIO__NEO-JOUR-V2_color=G11&to=94#viewtype=grid-view-small&sz=192&to=94&start=1 324500
colorCheck len 5
 attval MADURO
 attval CREPUSCULO
 attval NERO GRIGIO
 attval JUNGLE GREEN
color found
modal one time skip
key: css val:button[data-select-id='size-1']
sizeSelect len 0
cartButton len 2
att nashi
-----------------------------
https://www.berluti.com/ja-jp/nino-gm-sukurittosuwaipureza-kuratchi/NINO_GM_NEO_GRADIANT-V2.html?dwvar_NINO__GM__NEO__GRADIANT-V2_color=R78&to=95#viewtype=grid-view-small&sz=192&to=95&start=1
OPEN
OPEN DONE
OK RETURN
URL PRICE https://www.berluti.com/ja-jp/nino-gm-sukurittosuwaipureza-kuratchi/NINO_GM_NEO_GRADIANT-V2.html?dwvar_NINO__GM__NEO__GRADIANT-V2_color=R78&to=95#viewtype=grid-view-small&sz=192&to=95&start=1 NOTFOUND
colorCheck len 0
-----------------------------
https://www.berluti.com/ja-jp/nino-gm-sukurittosuwaipureza-kuratchi/NINO_GM_NEO_GRADIANT-V2.html?dwvar_NINO__GM__NEO__GRADIANT-V2_color=B07&to=96#viewtype=grid-view-small&sz=192&to=96&start=1
OPEN
OPEN DONE
OK RETURN
URL PRICE https://www.berluti.com/ja-jp/nino-gm-sukurittosuwaipureza-kuratchi/NINO_GM_NEO_GRADIANT-V2.html?dwvar_NINO__GM__NEO__GRADIANT-V2_color=B07&to=96#viewtype=grid-view-small&sz=192&to=96&start=1 NOTFOUND
colorCheck len 0
-----------------------------
https://www.berluti.com/ja-jp/nino-tgm-sukurittoreza-kuratchi/NINO_TGM_NEO-V2.html?dwvar_NINO__TGM__NEO-V2_color=ML6&to=97#viewtype=grid-view-small&sz=192&to=97&start=1
OPEN
OPEN DONE
OK RETURN
URL PRICE https://www.berluti.com/ja-jp/nino-tgm-sukurittoreza-kuratchi/NINO_TGM_NEO-V2.html?dwvar_NINO__TGM__NEO-V2_color=ML6&to=97#viewtype=grid-view-small&sz=192&to=97&start=1 287100
colorCheck len 1
 attval NERO GRIGIO
color check 一致なし zaiko 0
modal one time skip
key: css val:button[data-select-id='size-1']
sizeSelect len 0
cartButton len 2
att nashi
zaiko 0 x3
-----------------------------
https://www.berluti.com/ja-jp/nino-tgm-sukurittoreza-kuratchi/NINO_TGM_NEO-V2.html?dwvar_NINO__TGM__NEO-V2_color=K02&to=98#viewtype=grid-view-small&sz=192&to=98&start=1
OPEN
OPEN DONE
OK RETURN
URL PRICE https://www.berluti.com/ja-jp/nino-tgm-sukurittoreza-kuratchi/NINO_TGM_NEO-V2.html?dwvar_NINO__TGM__NEO-V2_color=K02&to=98#viewtype=grid-view-small&sz=192&to=98&start=1 287100
colorCheck len 1
 attval NERO GRIGIO
color found
modal one time skip
key: css val:button[data-select-id='size-1']
sizeSelect len 0
cartButton len 2
att nashi
-----------------------------
https://www.berluti.com/ja-jp/aibi-sukurittosuwaipu-reza-toiretaripochi/IVY-JOUR-V2.html?dwvar_IVY-JOUR-V2_color=G27&to=99#viewtype=grid-view-small&sz=192&to=99&start=1
OPEN
OPEN DONE
OK RETURN
URL PRICE https://www.berluti.com/ja-jp/aibi-sukurittosuwaipu-reza-toiretaripochi/IVY-JOUR-V2.html?dwvar_IVY-JOUR-V2_color=G27&to=99#viewtype=grid-view-small&sz=192&to=99&start=1 191400
colorCheck len 1
 attval OPUNTIA 
color check 一致なし zaiko 0
modal one time skip
key: css val:button[data-select-id='size-1']
sizeSelect len 0
cartButton len 2
att nashi
zaiko 0 x3
-----------------------------
https://www.berluti.com/ja-jp/wakingudei-sukurittoreza-bakkupakku/WORKING_DAY-V2.html?dwvar_WORKING__DAY-V2_color=ML6&to=100#viewtype=grid-view-small&sz=192&to=100&start=1
OPEN
OPEN DONE
OK RETURN
URL PRICE https://www.berluti.com/ja-jp/wakingudei-sukurittoreza-bakkupakku/WORKING_DAY-V2.html?dwvar_WORKING__DAY-V2_color=ML6&to=100#viewtype=grid-view-small&sz=192&to=100&start=1 665500
colorCheck len 1
 attval CACAO INTENSO
color found
modal one time skip
key: css val:button[data-select-id='size-1']
sizeSelect len 0
cartButton len 2
att nashi
-----------------------------
https://www.berluti.com/ja-jp/wakingudei-sukurittoreza-bakkupakku/WORKING_DAY-V2.html?dwvar_WORKING__DAY-V2_color=G27&to=101#viewtype=grid-view-small&sz=192&to=101&start=1
OPEN
OPEN DONE
OK RETURN
URL PRICE https://www.berluti.com/ja-jp/wakingudei-sukurittoreza-bakkupakku/WORKING_DAY-V2.html?dwvar_WORKING__DAY-V2_color=G27&to=101#viewtype=grid-view-small&sz=192&to=101&start=1 665500
colorCheck len 1
 attval CACAO INTENSO
color check 一致なし zaiko 0
modal one time skip
key: css val:button[data-select-id='size-1']
sizeSelect len 0
cartButton len 2
att nashi
zaiko 0 x3
-----------------------------
https://www.berluti.com/ja-jp/taimuofu-sukurittoreza-bakkupakku/TIME_OFF_NEO-V82.html?dwvar_TIME__OFF__NEO-V82_color=B02&to=102#viewtype=grid-view-small&sz=192&to=102&start=1
OPEN
OPEN DONE
OK RETURN
URL PRICE https://www.berluti.com/ja-jp/taimuofu-sukurittoreza-bakkupakku/TIME_OFF_NEO-V82.html?dwvar_TIME__OFF__NEO-V82_color=B02&to=102#viewtype=grid-view-small&sz=192&to=102&start=1 594000
colorCheck len 1
 attval INDIGO DENIM
color found
modal one time skip
key: css val:button[data-select-id='size-1']
sizeSelect len 0
cartButton len 2
att nashi
-----------------------------
https://www.berluti.com/ja-jp/shadou-kashimiya-suringubaggu/B5820_SLINGBAG-Z65.html?dwvar_B5820__SLINGBAG-Z65_color=K58&to=103#viewtype=grid-view-small&sz=192&to=103&start=1
OPEN
OPEN DONE
OK RETURN
URL PRICE https://www.berluti.com/ja-jp/shadou-kashimiya-suringubaggu/B5820_SLINGBAG-Z65.html?dwvar_B5820__SLINGBAG-Z65_color=K58&to=103#viewtype=grid-view-small&sz=192&to=103&start=1 NOTFOUND
colorCheck len 0
-----------------------------
https://www.berluti.com/ja-jp/shadou-kashimiya-bamubaggu/B5820_BUMBAG-Z65.html?dwvar_B5820__BUMBAG-Z65_color=K58&to=104#viewtype=grid-view-small&sz=192&to=104&start=1
OPEN
OPEN DONE
OK RETURN
URL PRICE https://www.berluti.com/ja-jp/shadou-kashimiya-bamubaggu/B5820_BUMBAG-Z65.html?dwvar_B5820__BUMBAG-Z65_color=K58&to=104#viewtype=grid-view-small&sz=192&to=104&start=1 322300
colorCheck len 1
 attval GREY
color found
modal one time skip
key: css val:button[data-select-id='size-1']
sizeSelect len 0
cartButton len 2
att nashi
-----------------------------
https://www.berluti.com/ja-jp/shadou-kashimiya-bakkupakku/B5820_BACKPACK-Z65.html?dwvar_B5820__BACKPACK-Z65_color=K58&to=105#viewtype=grid-view-small&sz=192&to=105&start=1
OPEN
OPEN DONE
OK RETURN
URL PRICE https://www.berluti.com/ja-jp/shadou-kashimiya-bakkupakku/B5820_BACKPACK-Z65.html?dwvar_B5820__BACKPACK-Z65_color=K58&to=105#viewtype=grid-view-small&sz=192&to=105&start=1 473000
colorCheck len 1
 attval GREY
color found
modal one time skip
key: css val:button[data-select-id='size-1']
sizeSelect len 0
cartButton len 0
zaiko 0 x1
cartButton2 len 0
zaiko 0 2x1
-----------------------------
https://www.berluti.com/ja-jp/burusu-towaru-marubufu-messenja/BOURSE-T19.html?dwvar_BOURSE-T19_color=MO5&to=106#viewtype=grid-view-small&sz=192&to=106&start=1
OPEN
OPEN DONE
OK RETURN
URL PRICE https://www.berluti.com/ja-jp/burusu-towaru-marubufu-messenja/BOURSE-T19.html?dwvar_BOURSE-T19_color=MO5&to=106#viewtype=grid-view-small&sz=192&to=106&start=1 NOTFOUND
colorCheck len 0
-----------------------------
https://www.berluti.com/ja-jp/jurunarie-towaru-marubufu-messenja/JOURNALIER-T19.html?dwvar_JOURNALIER-T19_color=MO5&to=107#viewtype=grid-view-small&sz=192&to=107&start=1
OPEN
OPEN DONE
OK RETURN
URL PRICE https://www.berluti.com/ja-jp/jurunarie-towaru-marubufu-messenja/JOURNALIER-T19.html?dwvar_JOURNALIER-T19_color=MO5&to=107#viewtype=grid-view-small&sz=192&to=107&start=1 367400
colorCheck len 1
 attval DARK BROWN & MADURO
color check 一致なし zaiko 0
modal one time skip
key: css val:button[data-select-id='size-1']
sizeSelect len 0
cartButton len 2
att nashi
zaiko 0 x3
-----------------------------
https://www.berluti.com/ja-jp/ete-yui-do-u-vu-oyaju-towaru-marubufu-toraberupochi/ETUI_DE_VOYAGE-TOILE_MARBEUF-T19.html?dwvar_ETUI__DE__VOYAGE-TOILE__MARBEUF-T19_color=MO5&to=108#viewtype=grid-view-small&sz=192&to=108&start=1
OPEN
OPEN DONE
OK RETURN
URL PRICE https://www.berluti.com/ja-jp/ete-yui-do-u-vu-oyaju-towaru-marubufu-toraberupochi/ETUI_DE_VOYAGE-TOILE_MARBEUF-T19.html?dwvar_ETUI__DE__VOYAGE-TOILE__MARBEUF-T19_color=MO5&to=108#viewtype=grid-view-small&sz=192&to=108&start=1 NOTFOUND
colorCheck len 0
-----------------------------
https://www.berluti.com/ja-jp/myuzetto-towaru-marubufu-messenja/MUSETTE-T19.html?dwvar_MUSETTE-T19_color=MO5&to=109#viewtype=grid-view-small&sz=192&to=109&start=1
OPEN
OPEN DONE
OK RETURN
URL PRICE https://www.berluti.com/ja-jp/myuzetto-towaru-marubufu-messenja/MUSETTE-T19.html?dwvar_MUSETTE-T19_color=MO5&to=109#viewtype=grid-view-small&sz=192&to=109&start=1 NOTFOUND
colorCheck len 0
-----------------------------
https://www.berluti.com/ja-jp/karutaburu-towaru-marubufu-bakkupakku/CARTABLE-T19.html?dwvar_CARTABLE-T19_color=MO5&to=110#viewtype=grid-view-small&sz=192&to=110&start=1
OPEN
OPEN DONE
OK RETURN
URL PRICE https://www.berluti.com/ja-jp/karutaburu-towaru-marubufu-bakkupakku/CARTABLE-T19.html?dwvar_CARTABLE-T19_color=MO5&to=110#viewtype=grid-view-small&sz=192&to=110&start=1 NOTFOUND
colorCheck len 0
-----------------------------
https://www.berluti.com/ja-jp/kaba-do-u-vu-oyaju-towaru-marubufu-totobaggu/CABAS_DE_VOYAGE-T19.html?dwvar_CABAS__DE__VOYAGE-T19_color=MO5&to=111#viewtype=grid-view-small&sz=192&to=111&start=1
OPEN
OPEN DONE
OK RETURN
URL PRICE https://www.berluti.com/ja-jp/kaba-do-u-vu-oyaju-towaru-marubufu-totobaggu/CABAS_DE_VOYAGE-T19.html?dwvar_CABAS__DE__VOYAGE-T19_color=MO5&to=111#viewtype=grid-view-small&sz=192&to=111&start=1 NOTFOUND
colorCheck len 0
-----------------------------
https://www.berluti.com/ja-jp/sakku-a-do-towaru-marubufu-bakkupakku/SAC_A_DOS-T19.html?dwvar_SAC__A__DOS-T19_color=MO5&to=112#viewtype=grid-view-small&sz=192&to=112&start=1
OPEN
OPEN DONE
OK RETURN
URL PRICE https://www.berluti.com/ja-jp/sakku-a-do-towaru-marubufu-bakkupakku/SAC_A_DOS-T19.html?dwvar_SAC__A__DOS-T19_color=MO5&to=112#viewtype=grid-view-small&sz=192&to=112&start=1 NOTFOUND
colorCheck len 0
-----------------------------
https://www.berluti.com/ja-jp/baryushon-towaru-marubufu-toraberubaggu/BALUCHON-T19.html?dwvar_BALUCHON-T19_color=MO5&to=113#viewtype=grid-view-small&sz=192&to=113&start=1
OPEN
OPEN DONE
OK RETURN
URL PRICE https://www.berluti.com/ja-jp/baryushon-towaru-marubufu-toraberubaggu/BALUCHON-T19.html?dwvar_BALUCHON-T19_color=MO5&to=113#viewtype=grid-view-small&sz=192&to=113&start=1 NOTFOUND
colorCheck len 0
-----------------------------
https://www.berluti.com/ja-jp/vu-iajjo-towaru-marubufu-toraberubaggu/VIAGGIO-T19.html?dwvar_VIAGGIO-T19_color=MO5&to=114#viewtype=grid-view-small&sz=192&to=114&start=1
OPEN
OPEN DONE
OK RETURN
URL PRICE https://www.berluti.com/ja-jp/vu-iajjo-towaru-marubufu-toraberubaggu/VIAGGIO-T19.html?dwvar_VIAGGIO-T19_color=MO5&to=114#viewtype=grid-view-small&sz=192&to=114&start=1 682000
colorCheck len 1
 attval DARK BROWN & MADURO
color check 一致なし zaiko 0
modal one time skip
key: css val:button[data-select-id='size-1']
sizeSelect len 0
cartButton len 2
att nashi
zaiko 0 x3
-----------------------------
https://www.berluti.com/ja-jp/bagaju-towaru-marubufu-toraberubaggu/BAGAGE-T19.html?dwvar_BAGAGE-T19_color=MO5&to=115#viewtype=grid-view-small&sz=192&to=115&start=1
OPEN
OPEN DONE
OK RETURN
URL PRICE https://www.berluti.com/ja-jp/bagaju-towaru-marubufu-toraberubaggu/BAGAGE-T19.html?dwvar_BAGAGE-T19_color=MO5&to=115#viewtype=grid-view-small&sz=192&to=115&start=1 621500
colorCheck len 1
 attval DARK BROWN & MADURO
color check 一致なし zaiko 0
modal one time skip
key: css val:button[data-select-id='size-1']
sizeSelect len 0
cartButton len 2
att nashi
zaiko 0 x3
-----------------------------
https://www.berluti.com/ja-jp/fomyura-1005-towaru-marubufu-roringusutsukesu/FORMULA_1005_NEO-T19.html?dwvar_FORMULA__1005__NEO-T19_color=MO5&to=116#viewtype=grid-view-small&sz=192&to=116&start=1
OPEN
OPEN DONE
OK RETURN
URL PRICE https://www.berluti.com/ja-jp/fomyura-1005-towaru-marubufu-roringusutsukesu/FORMULA_1005_NEO-T19.html?dwvar_FORMULA__1005__NEO-T19_color=MO5&to=116#viewtype=grid-view-small&sz=192&to=116&start=1 1149500
colorCheck len 1
 attval DARK BROWN & MADURO
color check 一致なし zaiko 0
modal one time skip
key: css val:button[data-select-id='size-1']
sizeSelect len 0
cartButton len 0
zaiko 0 x1
cartButton2 len 0
zaiko 0 2x1
zaiko 0 x3
-----------------------------
https://www.berluti.com/ja-jp/juruofu-midiamu-reza-toraberubaggu/JOUR_OFF_MM_NEO-V1.html?dwvar_JOUR__OFF__MM__NEO-V1_color=K02&to=117#viewtype=grid-view-small&sz=192&to=117&start=1
OPEN
OPEN DONE
OK RETURN
URL PRICE https://www.berluti.com/ja-jp/juruofu-midiamu-reza-toraberubaggu/JOUR_OFF_MM_NEO-V1.html?dwvar_JOUR__OFF__MM__NEO-V1_color=K02&to=117#viewtype=grid-view-small&sz=192&to=117&start=1 NOTFOUND
colorCheck len 0
-----------------------------
https://www.berluti.com/ja-jp/juruofu-raji-reza-toraberubaggu/JOUR_OFF_GM_NEO-V1.html?dwvar_JOUR__OFF__GM__NEO-V1_color=ML6&to=118#viewtype=grid-view-small&sz=192&to=118&start=1
OPEN
OPEN DONE
OK RETURN
URL PRICE https://www.berluti.com/ja-jp/juruofu-raji-reza-toraberubaggu/JOUR_OFF_GM_NEO-V1.html?dwvar_JOUR__OFF__GM__NEO-V1_color=ML6&to=118#viewtype=grid-view-small&sz=192&to=118&start=1 759000
colorCheck len 1
 attval CACAO INTENSO
color found
modal one time skip
key: css val:button[data-select-id='size-1']
sizeSelect len 0
cartButton len 2
att nashi
-----------------------------
https://www.berluti.com/ja-jp/juruofu-midiamu-sukurittoreza-toraberubaggu/JOUR_OFF_MM_NEO-V2.html?dwvar_JOUR__OFF__MM__NEO-V2_color=ML6&to=119#viewtype=grid-view-small&sz=192&to=119&start=1
OPEN
OPEN DONE
OK RETURN
URL PRICE https://www.berluti.com/ja-jp/juruofu-midiamu-sukurittoreza-toraberubaggu/JOUR_OFF_MM_NEO-V2.html?dwvar_JOUR__OFF__MM__NEO-V2_color=ML6&to=119#viewtype=grid-view-small&sz=192&to=119&start=1 715000
colorCheck len 1
 attval CACAO INTENSO
color found
modal one time skip
key: css val:button[data-select-id='size-1']
sizeSelect len 0
cartButton len 2
att nashi
-----------------------------
https://www.berluti.com/ja-jp/fomyura-1005-sukurittoreza-roringusutsukesu/FORMULA_1005_NEO-V2.html?dwvar_FORMULA__1005__NEO-V2_color=ML6&to=120#viewtype=grid-view-small&sz=192&to=120&start=1
OPEN
OPEN DONE
OK RETURN
URL PRICE https://www.berluti.com/ja-jp/fomyura-1005-sukurittoreza-roringusutsukesu/FORMULA_1005_NEO-V2.html?dwvar_FORMULA__1005__NEO-V2_color=ML6&to=120#viewtype=grid-view-small&sz=192&to=120&start=1 1364000
colorCheck len 3
 attval CACAO INTENSO
color found
modal one time skip
key: css val:button[data-select-id='size-1']
sizeSelect len 0
cartButton len 2
att nashi
-----------------------------
https://www.berluti.com/ja-jp/fomyura-1005-sukurittoreza-roringusutsukesu/FORMULA_1005_NEO-V2.html?dwvar_FORMULA__1005__NEO-V2_color=K02&to=121#viewtype=grid-view-small&sz=192&to=121&start=1
OPEN
OPEN DONE
OK RETURN
URL PRICE https://www.berluti.com/ja-jp/fomyura-1005-sukurittoreza-roringusutsukesu/FORMULA_1005_NEO-V2.html?dwvar_FORMULA__1005__NEO-V2_color=K02&to=121#viewtype=grid-view-small&sz=192&to=121&start=1 1364000
colorCheck len 3
 attval CACAO INTENSO
 attval NERO GRIGIO
color found
modal one time skip
key: css val:button[data-select-id='size-1']
sizeSelect len 0
cartButton len 2
att nashi
-----------------------------
https://www.berluti.com/ja-jp/fomyura-1005-sukurittoreza-roringusutsukesu/FORMULA_1005_NEO-V2.html?dwvar_FORMULA__1005__NEO-V2_color=G11&to=122#viewtype=grid-view-small&sz=192&to=122&start=1
OPEN
OPEN DONE
OK RETURN
URL PRICE https://www.berluti.com/ja-jp/fomyura-1005-sukurittoreza-roringusutsukesu/FORMULA_1005_NEO-V2.html?dwvar_FORMULA__1005__NEO-V2_color=G11&to=122#viewtype=grid-view-small&sz=192&to=122&start=1 1364000
colorCheck len 3
 attval CACAO INTENSO
 attval NERO GRIGIO
 attval JUNGLE GREEN
color found
modal one time skip
key: css val:button[data-select-id='size-1']
sizeSelect len 0
cartButton len 2
att nashi
-----------------------------
https://www.berluti.com/ja-jp/fomyura-1005-sukurittoreza-roringusutsukesu/FORMULA_1005_NEO-V82.html?dwvar_FORMULA__1005__NEO-V82_color=MM5&to=123#viewtype=grid-view-small&sz=192&to=123&start=1
OPEN
OPEN DONE
OK RETURN
URL PRICE https://www.berluti.com/ja-jp/fomyura-1005-sukurittoreza-roringusutsukesu/FORMULA_1005_NEO-V82.html?dwvar_FORMULA__1005__NEO-V82_color=MM5&to=123#viewtype=grid-view-small&sz=192&to=123&start=1 NOTFOUND
colorCheck len 0
-----------------------------
https://www.berluti.com/ja-jp/reitoawa-sukurittoreza-shoppa/LATE_HOUR_SHOPPER_NEO-V82.html?dwvar_LATE__HOUR__SHOPPER__NEO-V82_color=K02&to=124#viewtype=grid-view-small&sz=192&to=124&start=1
OPEN
OPEN DONE
OK RETURN
URL PRICE https://www.berluti.com/ja-jp/reitoawa-sukurittoreza-shoppa/LATE_HOUR_SHOPPER_NEO-V82.html?dwvar_LATE__HOUR__SHOPPER__NEO-V82_color=K02&to=124#viewtype=grid-view-small&sz=192&to=124&start=1 616000
colorCheck len 1
 attval NERO GRIGIO
color found
modal one time skip
key: css val:button[data-select-id='size-1']
sizeSelect len 0
cartButton len 0
zaiko 0 x1
cartButton2 len 0
zaiko 0 2x1
-----------------------------
https://www.berluti.com/ja-jp/bvu-oryuto-kurowaze-reza-toraberubaggu/CROISEE-CE.html?dwvar_CROISEE-CE_color=MJ1&to=125#viewtype=grid-view-small&sz=192&to=125&start=1
OPEN
OPEN DONE
OK RETURN
URL PRICE https://www.berluti.com/ja-jp/bvu-oryuto-kurowaze-reza-toraberubaggu/CROISEE-CE.html?dwvar_CROISEE-CE_color=MJ1&to=125#viewtype=grid-view-small&sz=192&to=125&start=1 NOTFOUND
colorCheck len 0
-----------------------------
https://www.berluti.com/ja-jp/nino-gm-sukurittoreza-kuratchi/NINO_GM_NEO-V2.html?dwvar_NINO__GM__NEO-V2_color=K02&to=126#viewtype=grid-view-small&sz=192&to=126&start=1
OPEN
OPEN DONE
OK RETURN
URL PRICE https://www.berluti.com/ja-jp/nino-gm-sukurittoreza-kuratchi/NINO_GM_NEO-V2.html?dwvar_NINO__GM__NEO-V2_color=K02&to=126#viewtype=grid-view-small&sz=192&to=126&start=1 NOTFOUND
colorCheck len 0
-----------------------------
https://www.berluti.com/ja-jp/nino-gm-sukurittoreza-kuratchi/NINO_GM_NEO-V2.html?dwvar_NINO__GM__NEO-V2_color=ML6&to=127#viewtype=grid-view-small&sz=192&to=127&start=1
OPEN
OPEN DONE
OK RETURN
URL PRICE https://www.berluti.com/ja-jp/nino-gm-sukurittoreza-kuratchi/NINO_GM_NEO-V2.html?dwvar_NINO__GM__NEO-V2_color=ML6&to=127#viewtype=grid-view-small&sz=192&to=127&start=1 NOTFOUND
colorCheck len 0
-----------------------------
https://www.berluti.com/ja-jp/nino-gm-sukurittoreza-kuratchi/NINO_GM_NEO-V2.html?dwvar_NINO__GM__NEO-V2_color=KE4&to=128#viewtype=grid-view-small&sz=192&to=128&start=1
OPEN
OPEN DONE
OK RETURN
URL PRICE https://www.berluti.com/ja-jp/nino-gm-sukurittoreza-kuratchi/NINO_GM_NEO-V2.html?dwvar_NINO__GM__NEO-V2_color=KE4&to=128#viewtype=grid-view-small&sz=192&to=128&start=1 NOTFOUND
colorCheck len 0
-----------------------------
https://www.berluti.com/ja-jp/nino-gm-sukurittoreza-kuratchi/NINO_GM_NEO-V2.html?dwvar_NINO__GM__NEO-V2_color=J10&to=129#viewtype=grid-view-small&sz=192&to=129&start=1
OPEN
OPEN DONE
OK RETURN
URL PRICE https://www.berluti.com/ja-jp/nino-gm-sukurittoreza-kuratchi/NINO_GM_NEO-V2.html?dwvar_NINO__GM__NEO-V2_color=J10&to=129#viewtype=grid-view-small&sz=192&to=129&start=1 NOTFOUND
colorCheck len 0
-----------------------------
https://www.berluti.com/ja-jp/nino-gm-sukurittoreza-kuratchi/NINO_GM_NEO-V2.html?dwvar_NINO__GM__NEO-V2_color=KE5&to=130#viewtype=grid-view-small&sz=192&to=130&start=1
OPEN
OPEN DONE
OK RETURN
URL PRICE https://www.berluti.com/ja-jp/nino-gm-sukurittoreza-kuratchi/NINO_GM_NEO-V2.html?dwvar_NINO__GM__NEO-V2_color=KE5&to=130#viewtype=grid-view-small&sz=192&to=130&start=1 NOTFOUND
colorCheck len 0
-----------------------------
https://www.berluti.com/ja-jp/nino-gm-sukurittoreza-kuratchi/NINO_GM_NEO-V2.html?dwvar_NINO__GM__NEO-V2_color=J12&to=131#viewtype=grid-view-small&sz=192&to=131&start=1
OPEN
OPEN DONE
OK RETURN
URL PRICE https://www.berluti.com/ja-jp/nino-gm-sukurittoreza-kuratchi/NINO_GM_NEO-V2.html?dwvar_NINO__GM__NEO-V2_color=J12&to=131#viewtype=grid-view-small&sz=192&to=131&start=1 NOTFOUND
colorCheck len 0
-----------------------------
https://www.berluti.com/ja-jp/nino-gm-sukurittoreza-kuratchi/NINO_GM_NEO-V2.html?dwvar_NINO__GM__NEO-V2_color=G02&to=132#viewtype=grid-view-small&sz=192&to=132&start=1
OPEN
OPEN DONE
OK RETURN
URL PRICE https://www.berluti.com/ja-jp/nino-gm-sukurittoreza-kuratchi/NINO_GM_NEO-V2.html?dwvar_NINO__GM__NEO-V2_color=G02&to=132#viewtype=grid-view-small&sz=192&to=132&start=1 NOTFOUND
colorCheck len 0
-----------------------------
https://www.berluti.com/ja-jp/nino-gm-sukurittoreza-kuratchi/NINO_GM_NEO-V2.html?dwvar_NINO__GM__NEO-V2_color=KM7&to=133#viewtype=grid-view-small&sz=192&to=133&start=1
OPEN
OPEN DONE
OK RETURN
URL PRICE https://www.berluti.com/ja-jp/nino-gm-sukurittoreza-kuratchi/NINO_GM_NEO-V2.html?dwvar_NINO__GM__NEO-V2_color=KM7&to=133#viewtype=grid-view-small&sz=192&to=133&start=1 NOTFOUND
colorCheck len 0
-----------------------------
https://www.berluti.com/ja-jp/to-ujuru-sofuto-jippu-hobo-reza-messenja/ZIPPED_HOBO-V3.html?dwvar_ZIPPED__HOBO-V3_color=MH2&to=134#viewtype=grid-view-small&sz=192&to=134&start=1
OPEN
OPEN DONE
OK RETURN
URL PRICE https://www.berluti.com/ja-jp/to-ujuru-sofuto-jippu-hobo-reza-messenja/ZIPPED_HOBO-V3.html?dwvar_ZIPPED__HOBO-V3_color=MH2&to=134#viewtype=grid-view-small&sz=192&to=134&start=1 490600
colorCheck len 2
 attval ICE GOLD
color found
modal one time skip
key: css val:button[data-select-id='size-1']
sizeSelect len 0
cartButton len 2
att nashi
-----------------------------
https://www.berluti.com/ja-jp/to-ujuru-xs-towaru-marubufu-totobaggu/TOUJOURS_XS-T19.html?dwvar_TOUJOURS__XS-T19_color=MO5&to=135#viewtype=grid-view-small&sz=192&to=135&start=1
OPEN
OPEN DONE
OK RETURN
URL PRICE https://www.berluti.com/ja-jp/to-ujuru-xs-towaru-marubufu-totobaggu/TOUJOURS_XS-T19.html?dwvar_TOUJOURS__XS-T19_color=MO5&to=135#viewtype=grid-view-small&sz=192&to=135&start=1 409200
colorCheck len 1
 attval DARK BROWN & MADURO
color check 一致なし zaiko 0
modal one time skip
key: css val:button[data-select-id='size-1']
sizeSelect len 0
cartButton len 2
att nashi
zaiko 0 x3
-----------------------------
https://www.berluti.com/ja-jp/anjuru-mini-guradianto-sukurittoreza-burifukesu/1_JOUR_MINI_NEO_GRADIANT-V2.html?dwvar_1__JOUR__MINI__NEO__GRADIANT-V2_color=R78&to=136#viewtype=grid-view-small&sz=192&to=136&start=1
OPEN
OPEN DONE
OK RETURN
URL PRICE https://www.berluti.com/ja-jp/anjuru-mini-guradianto-sukurittoreza-burifukesu/1_JOUR_MINI_NEO_GRADIANT-V2.html?dwvar_1__JOUR__MINI__NEO__GRADIANT-V2_color=R78&to=136#viewtype=grid-view-small&sz=192&to=136&start=1 NOTFOUND
colorCheck len 0
-----------------------------
https://www.berluti.com/ja-jp/to-ujuru-xs-sukurittoreza-totobaggu/TOUJOURS_XS_BE_RR-V2.html?dwvar_TOUJOURS__XS__BE__RR-V2_color=G77&to=137#viewtype=grid-view-small&sz=192&to=137&start=1
OPEN
OPEN DONE
OK RETURN
URL PRICE https://www.berluti.com/ja-jp/to-ujuru-xs-sukurittoreza-totobaggu/TOUJOURS_XS_BE_RR-V2.html?dwvar_TOUJOURS__XS__BE__RR-V2_color=G77&to=137#viewtype=grid-view-small&sz=192&to=137&start=1 NOTFOUND
colorCheck len 0
-----------------------------
https://www.berluti.com/ja-jp/raida-sukurittoreza-berutobaggu/RIDER-V82.html?dwvar_RIDER-V82_color=K02&to=138#viewtype=grid-view-small&sz=192&to=138&start=1
OPEN
OPEN DONE
OK RETURN
URL PRICE https://www.berluti.com/ja-jp/raida-sukurittoreza-berutobaggu/RIDER-V82.html?dwvar_RIDER-V82_color=K02&to=138#viewtype=grid-view-small&sz=192&to=138&start=1 322300
colorCheck len 1
 attval NERO GRIGIO
color found
modal one time skip
key: css val:button[data-select-id='size-1']
sizeSelect len 0
cartButton len 2
att nashi
-----------------------------
https://www.berluti.com/ja-jp/to-ujuruxs-guradianto-sukurittoreza-totobaggu/TOUJOURS_XS_GRADIANT-V2.html?dwvar_TOUJOURS__XS__GRADIANT-V2_color=R78&to=139#viewtype=grid-view-small&sz=192&to=139&start=1
OPEN
OPEN DONE
OK RETURN
URL PRICE https://www.berluti.com/ja-jp/to-ujuruxs-guradianto-sukurittoreza-totobaggu/TOUJOURS_XS_GRADIANT-V2.html?dwvar_TOUJOURS__XS__GRADIANT-V2_color=R78&to=139#viewtype=grid-view-small&sz=192&to=139&start=1 NOTFOUND
colorCheck len 0
-----------------------------
https://www.berluti.com/ja-jp/jurunarie-sukurittoreza-messenja/JOURNALIER-V82.html?dwvar_JOURNALIER-V82_color=G01&to=140#viewtype=grid-view-small&sz=192&to=140&start=1
OPEN
OPEN DONE
OK RETURN
URL PRICE https://www.berluti.com/ja-jp/jurunarie-sukurittoreza-messenja/JOURNALIER-V82.html?dwvar_JOURNALIER-V82_color=G01&to=140#viewtype=grid-view-small&sz=192&to=140&start=1 379500
colorCheck len 1
 attval SOFT BROWN
color check 一致なし zaiko 0
modal one time skip
key: css val:button[data-select-id='size-1']
sizeSelect len 0
cartButton len 2
att nashi
zaiko 0 x3
-----------------------------
https://www.berluti.com/ja-jp/tersio-arigetarezaoruinwan-berurutti/TERSIO-ALLIGATOR-E2.html?dwvar_TERSIO-ALLIGATOR-E2_color=M04&to=143#viewtype=grid-view-small&sz=192&to=143&start=1
OPEN
OPEN DONE
OK RETURN
URL PRICE https://www.berluti.com/ja-jp/tersio-arigetarezaoruinwan-berurutti/TERSIO-ALLIGATOR-E2.html?dwvar_TERSIO-ALLIGATOR-E2_color=M04&to=143#viewtype=grid-view-small&sz=192&to=143&start=1 1331000
colorCheck len 1
 attval TOBACCO BIS
color found
modal one time skip
key: css val:button[data-select-id='size-1']
sizeSelect len 0
cartButton len 2
att nashi
-----------------------------
https://www.berluti.com/ja-jp/terushio-reza-oruinwan/TERSIO_NEO-JOUR-V2.html?dwvar_TERSIO__NEO-JOUR-V2_color=MR5&to=144#viewtype=grid-view-small&sz=192&to=144&start=1
OPEN
OPEN DONE
OK RETURN
URL PRICE https://www.berluti.com/ja-jp/terushio-reza-oruinwan/TERSIO_NEO-JOUR-V2.html?dwvar_TERSIO__NEO-JOUR-V2_color=MR5&to=144#viewtype=grid-view-small&sz=192&to=144&start=1 324500
colorCheck len 5
 attval MADURO
 attval CREPUSCULO
 attval NERO GRIGIO
 attval JUNGLE GREEN
 attval LEGNO BRUCIATO
color found
modal one time skip
key: css val:button[data-select-id='size-1']
sizeSelect len 0
cartButton len 2
att nashi
-----------------------------
https://www.berluti.com/ja-jp/itauba-guradianto-sukurittoreza-rongu-jippuu-oretto/ITAUBA_NEO2_GRADIANT-JOUR-V2.html?dwvar_ITAUBA__NEO2__GRADIANT-JOUR-V2_color=Y23&to=1#viewtype=grid-view-small&sz=192&to=1&start=1
OPEN
OPEN DONE
OK RETURN
URL PRICE https://www.berluti.com/ja-jp/itauba-guradianto-sukurittoreza-rongu-jippuu-oretto/ITAUBA_NEO2_GRADIANT-JOUR-V2.html?dwvar_ITAUBA__NEO2__GRADIANT-JOUR-V2_color=Y23&to=1#viewtype=grid-view-small&sz=192&to=1&start=1 224400
colorCheck len 1
 attval MIRAGGIO
color found
modal one time skip
key: css val:button[data-select-id='size-1']
sizeSelect len 0
cartButton len 2
att nashi
-----------------------------
https://www.berluti.com/ja-jp/makore-koin-sukurittoreza-u-oretto/MAKORE_COIN-JOUR-V2.html?dwvar_MAKORE__COIN-JOUR-V2_color=K02&to=2#viewtype=grid-view-small&sz=192&to=2&start=1
OPEN
OPEN DONE
OK RETURN
URL PRICE https://www.berluti.com/ja-jp/makore-koin-sukurittoreza-u-oretto/MAKORE_COIN-JOUR-V2.html?dwvar_MAKORE__COIN-JOUR-V2_color=K02&to=2#viewtype=grid-view-small&sz=192&to=2&start=1 134200
colorCheck len 1
 attval NERO GRIGIO
color found
modal one time skip
key: css val:button[data-select-id='size-1']
sizeSelect len 0
cartButton len 2
att nashi
-----------------------------
https://www.berluti.com/ja-jp/itauba-arigeta-rezajippu-zhang-cai-bu-berurutti/ITAUBA-ALLIGATOR-E2.html?dwvar_ITAUBA-ALLIGATOR-E2_color=B01&to=3#viewtype=grid-view-small&sz=192&to=3&start=1
OPEN
OPEN DONE
OK RETURN
URL PRICE https://www.berluti.com/ja-jp/itauba-arigeta-rezajippu-zhang-cai-bu-berurutti/ITAUBA-ALLIGATOR-E2.html?dwvar_ITAUBA-ALLIGATOR-E2_color=B01&to=3#viewtype=grid-view-small&sz=192&to=3&start=1 885500
colorCheck len 2
 attval NERO BLU
color found
modal one time skip
key: css val:button[data-select-id='size-1']
sizeSelect len 0
cartButton len 2
att nashi
-----------------------------
https://www.berluti.com/ja-jp/itauba-arigeta-rezajippu-zhang-cai-bu-berurutti/ITAUBA-ALLIGATOR-E2.html?dwvar_ITAUBA-ALLIGATOR-E2_color=M04&to=4#viewtype=grid-view-small&sz=192&to=4&start=1
OPEN
OPEN DONE
OK RETURN
URL PRICE https://www.berluti.com/ja-jp/itauba-arigeta-rezajippu-zhang-cai-bu-berurutti/ITAUBA-ALLIGATOR-E2.html?dwvar_ITAUBA-ALLIGATOR-E2_color=M04&to=4#viewtype=grid-view-small&sz=192&to=4&start=1 885500
colorCheck len 2
 attval NERO BLU
 attval TOBACCO BIS
color found
modal one time skip
key: css val:button[data-select-id='size-1']
sizeSelect len 0
cartButton len 2
att nashi
-----------------------------
https://www.berluti.com/ja-jp/itauba-towaru-marubufu-rongu-jippuu-oretto/ITAUBA_NEO-TOILE_MARBEUF-T19.html?dwvar_ITAUBA__NEO-TOILE__MARBEUF-T19_color=MO5&to=5#viewtype=grid-view-small&sz=192&to=5&start=1
OPEN
OPEN DONE
OK RETURN
URL PRICE https://www.berluti.com/ja-jp/itauba-towaru-marubufu-rongu-jippuu-oretto/ITAUBA_NEO-TOILE_MARBEUF-T19.html?dwvar_ITAUBA__NEO-TOILE__MARBEUF-T19_color=MO5&to=5#viewtype=grid-view-small&sz=192&to=5&start=1 NOTFOUND
colorCheck len 0
-----------------------------
https://www.berluti.com/ja-jp/itauba-sukurittoreza-rongu-jippuu-oretto/ITAUBA_NEO2-JOUR_SOFTY-V82.html?dwvar_ITAUBA__NEO2-JOUR__SOFTY-V82_color=B02&to=6#viewtype=grid-view-small&sz=192&to=6&start=1
OPEN
OPEN DONE
OK RETURN
URL PRICE https://www.berluti.com/ja-jp/itauba-sukurittoreza-rongu-jippuu-oretto/ITAUBA_NEO2-JOUR_SOFTY-V82.html?dwvar_ITAUBA__NEO2-JOUR__SOFTY-V82_color=B02&to=6#viewtype=grid-view-small&sz=192&to=6&start=1 195800
colorCheck len 1
 attval INDIGO DENIM
color found
modal one time skip
key: css val:button[data-select-id='size-1']
sizeSelect len 0
cartButton len 2
att nashi
-----------------------------
https://www.berluti.com/ja-jp/itauba-sukurittoreza-rongu-jippuu-oretto/ITAUBA_NEO2-JOUR-V2.html?dwvar_ITAUBA__NEO2-JOUR-V2_color=K02&to=7#viewtype=grid-view-small&sz=192&to=7&start=1
OPEN
OPEN DONE
OK RETURN
URL PRICE https://www.berluti.com/ja-jp/itauba-sukurittoreza-rongu-jippuu-oretto/ITAUBA_NEO2-JOUR-V2.html?dwvar_ITAUBA__NEO2-JOUR-V2_color=K02&to=7#viewtype=grid-view-small&sz=192&to=7&start=1 203500
colorCheck len 3
 attval ECLISSI
 attval CACAO INTENSO
 attval NERO GRIGIO
color found
modal one time skip
key: css val:button[data-select-id='size-1']
sizeSelect len 0
cartButton len 0
zaiko 0 x1
cartButton2 len 0
zaiko 0 2x1
-----------------------------
https://www.berluti.com/ja-jp/itauba-sukurittoreza-rongu-jippuu-oretto/ITAUBA_NEO2-JOUR-V2.html?dwvar_ITAUBA__NEO2-JOUR-V2_color=ML6&to=8#viewtype=grid-view-small&sz=192&to=8&start=1
OPEN
OPEN DONE
OK RETURN
URL PRICE https://www.berluti.com/ja-jp/itauba-sukurittoreza-rongu-jippuu-oretto/ITAUBA_NEO2-JOUR-V2.html?dwvar_ITAUBA__NEO2-JOUR-V2_color=ML6&to=8#viewtype=grid-view-small&sz=192&to=8&start=1 203500
colorCheck len 3
 attval ECLISSI
 attval CACAO INTENSO
color found
modal one time skip
key: css val:button[data-select-id='size-1']
sizeSelect len 0
cartButton len 0
zaiko 0 x1
cartButton2 len 0
zaiko 0 2x1
-----------------------------
https://www.berluti.com/ja-jp/koa-makishi-sukurittoreza-rongu-jippu-kadohoruda/KOA_MAXI_NEO-JOUR-V2.html?dwvar_KOA__MAXI__NEO-JOUR-V2_color=K02&to=9#viewtype=grid-view-small&sz=192&to=9&start=1
OPEN
OPEN DONE
OK RETURN
URL PRICE https://www.berluti.com/ja-jp/koa-makishi-sukurittoreza-rongu-jippu-kadohoruda/KOA_MAXI_NEO-JOUR-V2.html?dwvar_KOA__MAXI__NEO-JOUR-V2_color=K02&to=9#viewtype=grid-view-small&sz=192&to=9&start=1 NOTFOUND
colorCheck len 0
-----------------------------
https://www.berluti.com/ja-jp/koa-makishi-sukurittoreza-rongu-jippu-kadohoruda/KOA_MAXI_NEO-JOUR-V2.html?dwvar_KOA__MAXI__NEO-JOUR-V2_color=ML6&to=10#viewtype=grid-view-small&sz=192&to=10&start=1
OPEN
OPEN DONE
OK RETURN
URL PRICE https://www.berluti.com/ja-jp/koa-makishi-sukurittoreza-rongu-jippu-kadohoruda/KOA_MAXI_NEO-JOUR-V2.html?dwvar_KOA__MAXI__NEO-JOUR-V2_color=ML6&to=10#viewtype=grid-view-small&sz=192&to=10&start=1 NOTFOUND
colorCheck len 0
-----------------------------
https://www.berluti.com/ja-jp/koa-makishi-sukurittoreza-rongu-jippu-kadohoruda/KOA_MAXI_NEO2-JOUR-V2.html?dwvar_KOA__MAXI__NEO2-JOUR-V2_color=Y23&to=11#viewtype=grid-view-small&sz=192&to=11&start=1
OPEN
OPEN DONE
OK RETURN
URL PRICE https://www.berluti.com/ja-jp/koa-makishi-sukurittoreza-rongu-jippu-kadohoruda/KOA_MAXI_NEO2-JOUR-V2.html?dwvar_KOA__MAXI__NEO2-JOUR-V2_color=Y23&to=11#viewtype=grid-view-small&sz=192&to=11&start=1 105600
colorCheck len 3
 attval SELVA OSCURA
 attval MIRAGGIO
color found
modal one time skip
key: css val:button[data-select-id='size-1']
sizeSelect len 0
cartButton len 2
att nashi
-----------------------------
https://www.berluti.com/ja-jp/koa-makishi-sukurittoreza-rongu-jippu-kadohoruda/KOA_MAXI_NEO2-JOUR_SOFTY-V82.html?dwvar_KOA__MAXI__NEO2-JOUR__SOFTY-V82_color=B02&to=12#viewtype=grid-view-small&sz=192&to=12&start=1
OPEN
OPEN DONE
OK RETURN
URL PRICE https://www.berluti.com/ja-jp/koa-makishi-sukurittoreza-rongu-jippu-kadohoruda/KOA_MAXI_NEO2-JOUR_SOFTY-V82.html?dwvar_KOA__MAXI__NEO2-JOUR__SOFTY-V82_color=B02&to=12#viewtype=grid-view-small&sz=192&to=12&start=1 105600
colorCheck len 1
 attval INDIGO DENIM
color found
modal one time skip
key: css val:button[data-select-id='size-1']
sizeSelect len 0
cartButton len 2
att nashi
-----------------------------
https://www.berluti.com/ja-jp/rozuuddo-sukurittoreza-pochi/ROSEWOOD_NEO-JOUR-V2.html?dwvar_ROSEWOOD__NEO-JOUR-V2_color=BJ3&to=13#viewtype=grid-view-small&sz=192&to=13&start=1
OPEN
OPEN DONE
OK RETURN
URL PRICE https://www.berluti.com/ja-jp/rozuuddo-sukurittoreza-pochi/ROSEWOOD_NEO-JOUR-V2.html?dwvar_ROSEWOOD__NEO-JOUR-V2_color=BJ3&to=13#viewtype=grid-view-small&sz=192&to=13&start=1 238700
colorCheck len 2
 attval FIAMMA
 attval CACAO INTENSO
color check 一致なし zaiko 0
modal one time skip
key: css val:button[data-select-id='size-1']
sizeSelect len 0
cartButton len 2
att nashi
zaiko 0 x3
-----------------------------
https://www.berluti.com/ja-jp/rozuuddo-sukurittoreza-pochi/ROSEWOOD_NEO-JOUR-V2.html?dwvar_ROSEWOOD__NEO-JOUR-V2_color=ML6&to=14#viewtype=grid-view-small&sz=192&to=14&start=1
OPEN
OPEN DONE
OK RETURN
URL PRICE https://www.berluti.com/ja-jp/rozuuddo-sukurittoreza-pochi/ROSEWOOD_NEO-JOUR-V2.html?dwvar_ROSEWOOD__NEO-JOUR-V2_color=ML6&to=14#viewtype=grid-view-small&sz=192&to=14&start=1 238700
colorCheck len 2
 attval FIAMMA
 attval CACAO INTENSO
color found
modal one time skip
key: css val:button[data-select-id='size-1']
sizeSelect len 0
cartButton len 2
att nashi
-----------------------------
https://www.berluti.com/ja-jp/orijinsukuritto-rezakoinpasu/ORIGINE_NEO-JOUR-V2.html?dwvar_ORIGINE__NEO-JOUR-V2_color=K02&to=15#viewtype=grid-view-small&sz=192&to=15&start=1
OPEN
OPEN DONE
OK RETURN
URL PRICE https://www.berluti.com/ja-jp/orijinsukuritto-rezakoinpasu/ORIGINE_NEO-JOUR-V2.html?dwvar_ORIGINE__NEO-JOUR-V2_color=K02&to=15#viewtype=grid-view-small&sz=192&to=15&start=1 68200
colorCheck len 2
 attval NERO GRIGIO
color found
modal one time skip
key: css val:button[data-select-id='size-1']
sizeSelect len 0
cartButton len 2
att nashi
-----------------------------
https://www.berluti.com/ja-jp/orijinsukuritto-rezakoinpasu/ORIGINE_NEO-JOUR-V2.html?dwvar_ORIGINE__NEO-JOUR-V2_color=Y23&to=16#viewtype=grid-view-small&sz=192&to=16&start=1
OPEN
OPEN DONE
OK RETURN
URL PRICE https://www.berluti.com/ja-jp/orijinsukuritto-rezakoinpasu/ORIGINE_NEO-JOUR-V2.html?dwvar_ORIGINE__NEO-JOUR-V2_color=Y23&to=16#viewtype=grid-view-small&sz=192&to=16&start=1 68200
colorCheck len 2
 attval NERO GRIGIO
 attval MIRAGGIO
color found
modal one time skip
key: css val:button[data-select-id='size-1']
sizeSelect len 0
cartButton len 2
att nashi
-----------------------------
https://www.berluti.com/ja-jp/makorearigetarezakonpakuto-cai-bu/MAKORE-ALLIGATOR-E2.html?dwvar_MAKORE-ALLIGATOR-E2_color=B01&to=17#viewtype=grid-view-small&sz=192&to=17&start=1
OPEN
OPEN DONE
OK RETURN
URL PRICE https://www.berluti.com/ja-jp/makorearigetarezakonpakuto-cai-bu/MAKORE-ALLIGATOR-E2.html?dwvar_MAKORE-ALLIGATOR-E2_color=B01&to=17#viewtype=grid-view-small&sz=192&to=17&start=1 561000
colorCheck len 2
 attval NERO BLU
color found
modal one time skip
key: css val:button[data-select-id='size-1']
sizeSelect len 0
cartButton len 2
att nashi
-----------------------------
https://www.berluti.com/ja-jp/makorearigetarezakonpakuto-cai-bu/MAKORE-ALLIGATOR-E2.html?dwvar_MAKORE-ALLIGATOR-E2_color=M04&to=18#viewtype=grid-view-small&sz=192&to=18&start=1
OPEN
OPEN DONE
OK RETURN
URL PRICE https://www.berluti.com/ja-jp/makorearigetarezakonpakuto-cai-bu/MAKORE-ALLIGATOR-E2.html?dwvar_MAKORE-ALLIGATOR-E2_color=M04&to=18#viewtype=grid-view-small&sz=192&to=18&start=1 561000
colorCheck len 2
 attval NERO BLU
 attval TOBACCO BIS
color found
modal one time skip
key: css val:button[data-select-id='size-1']
sizeSelect len 0
cartButton len 2
att nashi
-----------------------------
https://www.berluti.com/ja-jp/tersio-arigetarezaoruinwan-berurutti/TERSIO-ALLIGATOR-E2.html?dwvar_TERSIO-ALLIGATOR-E2_color=M04&to=19#viewtype=grid-view-small&sz=192&to=19&start=1
OPEN
OPEN DONE
OK RETURN
URL PRICE https://www.berluti.com/ja-jp/tersio-arigetarezaoruinwan-berurutti/TERSIO-ALLIGATOR-E2.html?dwvar_TERSIO-ALLIGATOR-E2_color=M04&to=19#viewtype=grid-view-small&sz=192&to=19&start=1 1331000
colorCheck len 1
 attval TOBACCO BIS
color found
modal one time skip
key: css val:button[data-select-id='size-1']
sizeSelect len 0
cartButton len 2
att nashi
-----------------------------
https://www.berluti.com/ja-jp/makore-surimu-guradianto-sukurittoreza-konpakutou-oretto/MAKORE_SLIM_NEO_GRADIANT-JOUR-V2.html?dwvar_MAKORE__SLIM__NEO__GRADIANT-JOUR-V2_color=BJ3&to=20#viewtype=grid-view-small&sz=192&to=20&start=1
OPEN
OPEN DONE
OK RETURN
URL PRICE https://www.berluti.com/ja-jp/makore-surimu-guradianto-sukurittoreza-konpakutou-oretto/MAKORE_SLIM_NEO_GRADIANT-JOUR-V2.html?dwvar_MAKORE__SLIM__NEO__GRADIANT-JOUR-V2_color=BJ3&to=20#viewtype=grid-view-small&sz=192&to=20&start=1 133100
colorCheck len 2
 attval ST EMILION & CACAO INTENSO
 attval BLU MINERALE
color found
modal one time skip
key: css val:button[data-select-id='size-1']
sizeSelect len 0
cartButton len 0
zaiko 0 x1
cartButton2 len 0
zaiko 0 2x1
-----------------------------
https://www.berluti.com/ja-jp/makore-surimu-guradianto-sukurittoreza-konpakutou-oretto/MAKORE_SLIM_NEO_GRADIANT-JOUR-V2.html?dwvar_MAKORE__SLIM__NEO__GRADIANT-JOUR-V2_color=RA1&to=21#viewtype=grid-view-small&sz=192&to=21&start=1
OPEN
OPEN DONE
OK RETURN
URL PRICE https://www.berluti.com/ja-jp/makore-surimu-guradianto-sukurittoreza-konpakutou-oretto/MAKORE_SLIM_NEO_GRADIANT-JOUR-V2.html?dwvar_MAKORE__SLIM__NEO__GRADIANT-JOUR-V2_color=RA1&to=21#viewtype=grid-view-small&sz=192&to=21&start=1 133100
colorCheck len 2
 attval ST EMILION & CACAO INTENSO
 attval BLU MINERALE
color check 一致なし zaiko 0
modal one time skip
key: css val:button[data-select-id='size-1']
sizeSelect len 0
cartButton len 0
zaiko 0 x1
cartButton2 len 0
zaiko 0 2x1
zaiko 0 x3
-----------------------------
https://www.berluti.com/ja-jp/badi-reza-ronguu-oretto/BADI_LUTI-JOUR-V1.html?dwvar_BADI__LUTI-JOUR-V1_color=MR5&to=22#viewtype=grid-view-small&sz=192&to=22&start=1
OPEN
OPEN DONE
OK RETURN
URL PRICE https://www.berluti.com/ja-jp/badi-reza-ronguu-oretto/BADI_LUTI-JOUR-V1.html?dwvar_BADI__LUTI-JOUR-V1_color=MR5&to=22#viewtype=grid-view-small&sz=192&to=22&start=1 276100
colorCheck len 1
 attval LEGNO BRUCIATO
color found
modal one time skip
key: css val:button[data-select-id='size-1']
sizeSelect len 0
cartButton len 2
att nashi
-----------------------------
https://www.berluti.com/ja-jp/makore-reza-konpakutou-oretto/MAKORE_NEO_LUTI-JOUR-V1.html?dwvar_MAKORE__NEO__LUTI-JOUR-V1_color=MR5&to=23#viewtype=grid-view-small&sz=192&to=23&start=1
OPEN
OPEN DONE
OK RETURN
URL PRICE https://www.berluti.com/ja-jp/makore-reza-konpakutou-oretto/MAKORE_NEO_LUTI-JOUR-V1.html?dwvar_MAKORE__NEO__LUTI-JOUR-V1_color=MR5&to=23#viewtype=grid-view-small&sz=192&to=23&start=1 202400
colorCheck len 2
 attval NERO LEGNO
 attval LEGNO BRUCIATO
color found
modal one time skip
key: css val:button[data-select-id='size-1']
sizeSelect len 0
cartButton len 2
att nashi
-----------------------------
https://www.berluti.com/ja-jp/makore-reza-konpakutou-oretto/MAKORE_NEO_LUTI-JOUR-V1.html?dwvar_MAKORE__NEO__LUTI-JOUR-V1_color=KD1&to=24#viewtype=grid-view-small&sz=192&to=24&start=1
OPEN
OPEN DONE
OK RETURN
URL PRICE https://www.berluti.com/ja-jp/makore-reza-konpakutou-oretto/MAKORE_NEO_LUTI-JOUR-V1.html?dwvar_MAKORE__NEO__LUTI-JOUR-V1_color=KD1&to=24#viewtype=grid-view-small&sz=192&to=24&start=1 202400
colorCheck len 2
 attval NERO LEGNO
color found
modal one time skip
key: css val:button[data-select-id='size-1']
sizeSelect len 0
cartButton len 2
att nashi
-----------------------------
https://www.berluti.com/ja-jp/jagua-reza-kadohoruda/JAGUA_NEO_LUTI-JOUR-V1.html?dwvar_JAGUA__NEO__LUTI-JOUR-V1_color=MR5&to=25#viewtype=grid-view-small&sz=192&to=25&start=1
OPEN
OPEN DONE
OK RETURN
URL PRICE https://www.berluti.com/ja-jp/jagua-reza-kadohoruda/JAGUA_NEO_LUTI-JOUR-V1.html?dwvar_JAGUA__NEO__LUTI-JOUR-V1_color=MR5&to=25#viewtype=grid-view-small&sz=192&to=25&start=1 NOTFOUND
colorCheck len 0
-----------------------------
https://www.berluti.com/ja-jp/makore-sukurittosuwaipureza-u-oretto/MAKORE_NEO_GRADIANT-JOUR-V2.html?dwvar_MAKORE__NEO__GRADIANT-JOUR-V2_color=R78&to=26#viewtype=grid-view-small&sz=192&to=26&start=1
OPEN
OPEN DONE
OK RETURN
URL PRICE https://www.berluti.com/ja-jp/makore-sukurittosuwaipureza-u-oretto/MAKORE_NEO_GRADIANT-JOUR-V2.html?dwvar_MAKORE__NEO__GRADIANT-JOUR-V2_color=R78&to=26#viewtype=grid-view-small&sz=192&to=26&start=1 145200
colorCheck len 1
 attval LIGHT SAINT EMILION
color found
modal one time skip
key: css val:button[data-select-id='size-1']
sizeSelect len 0
cartButton len 2
att nashi
-----------------------------
https://www.berluti.com/ja-jp/makore-sukurittoreza-konpakutou-oretto/MAKORE_NEO-JOUR_SOFTY-V82.html?dwvar_MAKORE__NEO-JOUR__SOFTY-V82_color=B02&to=27#viewtype=grid-view-small&sz=192&to=27&start=1
OPEN
OPEN DONE
OK RETURN
URL PRICE https://www.berluti.com/ja-jp/makore-sukurittoreza-konpakutou-oretto/MAKORE_NEO-JOUR_SOFTY-V82.html?dwvar_MAKORE__NEO-JOUR__SOFTY-V82_color=B02&to=27#viewtype=grid-view-small&sz=192&to=27&start=1 127600
colorCheck len 1
 attval INDIGO DENIM
color found
modal one time skip
key: css val:button[data-select-id='size-1']
sizeSelect len 0
cartButton len 2
att nashi
-----------------------------
https://www.berluti.com/ja-jp/inbuia-sukurittoreza-kadohoruda/IMBUIA_NEO-JOUR_SOFTY-V82.html?dwvar_IMBUIA__NEO-JOUR__SOFTY-V82_color=B02&to=28#viewtype=grid-view-small&sz=192&to=28&start=1
OPEN
OPEN DONE
OK RETURN
URL PRICE https://www.berluti.com/ja-jp/inbuia-sukurittoreza-kadohoruda/IMBUIA_NEO-JOUR_SOFTY-V82.html?dwvar_IMBUIA__NEO-JOUR__SOFTY-V82_color=B02&to=28#viewtype=grid-view-small&sz=192&to=28&start=1 99000
colorCheck len 1
 attval INDIGO DENIM
color found
modal one time skip
key: css val:button[data-select-id='size-1']
sizeSelect len 0
cartButton len 0
zaiko 0 x1
cartButton2 len 0
zaiko 0 2x1
-----------------------------
https://www.berluti.com/ja-jp/akaju-sukurittoreza-konpakutou-oretto/ACAJOU_NEO-JOUR_SOFTY-V82.html?dwvar_ACAJOU__NEO-JOUR__SOFTY-V82_color=B02&to=29#viewtype=grid-view-small&sz=192&to=29&start=1
OPEN
OPEN DONE
OK RETURN
URL PRICE https://www.berluti.com/ja-jp/akaju-sukurittoreza-konpakutou-oretto/ACAJOU_NEO-JOUR_SOFTY-V82.html?dwvar_ACAJOU__NEO-JOUR__SOFTY-V82_color=B02&to=29#viewtype=grid-view-small&sz=192&to=29&start=1 136400
colorCheck len 1
 attval INDIGO DENIM
color found
modal one time skip
key: css val:button[data-select-id='size-1']
sizeSelect len 0
cartButton len 2
att nashi
-----------------------------
https://www.berluti.com/ja-jp/santaru-sukuritto-reza-ronguu-oretto/SANTAL_NEO-JOUR_SOFTY-V82.html?dwvar_SANTAL__NEO-JOUR__SOFTY-V82_color=B02&to=30#viewtype=grid-view-small&sz=192&to=30&start=1
OPEN
OPEN DONE
OK RETURN
URL PRICE https://www.berluti.com/ja-jp/santaru-sukuritto-reza-ronguu-oretto/SANTAL_NEO-JOUR_SOFTY-V82.html?dwvar_SANTAL__NEO-JOUR__SOFTY-V82_color=B02&to=30#viewtype=grid-view-small&sz=192&to=30&start=1 174900
colorCheck len 1
 attval INDIGO DENIM
color found
modal one time skip
key: css val:button[data-select-id='size-1']
sizeSelect len 0
cartButton len 2
att nashi
-----------------------------
https://www.berluti.com/ja-jp/banbu-sukurittoreza-kadohoruda/BAMBOU_NEO-JOUR_SOFTY-V82.html?dwvar_BAMBOU__NEO-JOUR__SOFTY-V82_color=B02&to=31#viewtype=grid-view-small&sz=192&to=31&start=1
OPEN
OPEN DONE
OK RETURN
URL PRICE https://www.berluti.com/ja-jp/banbu-sukurittoreza-kadohoruda/BAMBOU_NEO-JOUR_SOFTY-V82.html?dwvar_BAMBOU__NEO-JOUR__SOFTY-V82_color=B02&to=31#viewtype=grid-view-small&sz=192&to=31&start=1 68200
colorCheck len 1
 attval INDIGO DENIM
color found
modal one time skip
key: css val:button[data-select-id='size-1']
sizeSelect len 0
cartButton len 2
att nashi
-----------------------------
https://www.berluti.com/ja-jp/esukeru-sukurittosuwaipureza-pasupotohoruda/ESCALE_NEO-JOUR-V2.html?dwvar_ESCALE__NEO-JOUR-V2_color=ML6&to=32#viewtype=grid-view-small&sz=192&to=32&start=1
OPEN
OPEN DONE
OK RETURN
URL PRICE https://www.berluti.com/ja-jp/esukeru-sukurittosuwaipureza-pasupotohoruda/ESCALE_NEO-JOUR-V2.html?dwvar_ESCALE__NEO-JOUR-V2_color=ML6&to=32#viewtype=grid-view-small&sz=192&to=32&start=1 108900
colorCheck len 1
 attval CACAO INTENSO
color found
modal one time skip
key: css val:button[data-select-id='size-1']
sizeSelect len 0
cartButton len 0
zaiko 0 x1
cartButton2 len 0
zaiko 0 2x1
-----------------------------
https://www.berluti.com/ja-jp/esukaru-guradianto-sukurittoreza-pasupotohoruda/ESCALE_NEO_GRADIANT-JOUR-V2.html?dwvar_ESCALE__NEO__GRADIANT-JOUR-V2_color=BJ3&to=33#viewtype=grid-view-small&sz=192&to=33&start=1
OPEN
OPEN DONE
OK RETURN
URL PRICE https://www.berluti.com/ja-jp/esukaru-guradianto-sukurittoreza-pasupotohoruda/ESCALE_NEO_GRADIANT-JOUR-V2.html?dwvar_ESCALE__NEO__GRADIANT-JOUR-V2_color=BJ3&to=33#viewtype=grid-view-small&sz=192&to=33&start=1 118800
colorCheck len 1
 attval BLU MINERALE
color found
modal one time skip
key: css val:button[data-select-id='size-1']
sizeSelect len 0
cartButton len 0
zaiko 0 x1
cartButton2 len 0
zaiko 0 2x1
-----------------------------
https://www.berluti.com/ja-jp/bambouarigetarezakadohoruda/BAMBOU-ALLIGATOR-E2.html?dwvar_BAMBOU-ALLIGATOR-E2_color=M03&to=34#viewtype=grid-view-small&sz=192&to=34&start=1
OPEN
OPEN DONE
OK RETURN
URL PRICE https://www.berluti.com/ja-jp/bambouarigetarezakadohoruda/BAMBOU-ALLIGATOR-E2.html?dwvar_BAMBOU-ALLIGATOR-E2_color=M03&to=34#viewtype=grid-view-small&sz=192&to=34&start=1 213400
colorCheck len 1
 attval TDM
color found
modal one time skip
key: css val:button[data-select-id='size-1']
sizeSelect len 0
cartButton len 2
att nashi
-----------------------------
https://www.berluti.com/ja-jp/santaru-sukurittoreza-jippuronguu-oretto/SANTAL_NEO-JOUR-V2.html?dwvar_SANTAL__NEO-JOUR-V2_color=K02&to=35#viewtype=grid-view-small&sz=192&to=35&start=1
OPEN
OPEN DONE
OK RETURN
URL PRICE https://www.berluti.com/ja-jp/santaru-sukurittoreza-jippuronguu-oretto/SANTAL_NEO-JOUR-V2.html?dwvar_SANTAL__NEO-JOUR-V2_color=K02&to=35#viewtype=grid-view-small&sz=192&to=35&start=1 174900
colorCheck len 2
 attval NERO GRIGIO
color found
modal one time skip
key: css val:button[data-select-id='size-1']
sizeSelect len 0
cartButton len 2
att nashi
-----------------------------
https://www.berluti.com/ja-jp/santaru-sukurittoreza-jippuronguu-oretto/SANTAL_NEO-JOUR-V2.html?dwvar_SANTAL__NEO-JOUR-V2_color=ML6&to=36#viewtype=grid-view-small&sz=192&to=36&start=1
OPEN
OPEN DONE
OK RETURN
URL PRICE https://www.berluti.com/ja-jp/santaru-sukurittoreza-jippuronguu-oretto/SANTAL_NEO-JOUR-V2.html?dwvar_SANTAL__NEO-JOUR-V2_color=ML6&to=36#viewtype=grid-view-small&sz=192&to=36&start=1 174900
colorCheck len 2
 attval NERO GRIGIO
 attval CACAO INTENSO
color found
modal one time skip
key: css val:button[data-select-id='size-1']
sizeSelect len 0
cartButton len 2
att nashi
-----------------------------
https://www.berluti.com/ja-jp/tiriwa-tiriwa-rezaoruinwan/TIRIWA_NEO-JOUR-V2.html?dwvar_TIRIWA__NEO-JOUR-V2_color=ML6&to=37#viewtype=grid-view-small&sz=192&to=37&start=1
OPEN
OPEN DONE
OK RETURN
URL PRICE https://www.berluti.com/ja-jp/tiriwa-tiriwa-rezaoruinwan/TIRIWA_NEO-JOUR-V2.html?dwvar_TIRIWA__NEO-JOUR-V2_color=ML6&to=37#viewtype=grid-view-small&sz=192&to=37&start=1 282700
colorCheck len 1
 attval CACAO INTENSO
color found
modal one time skip
key: css val:button[data-select-id='size-1']
sizeSelect len 0
cartButton len 2
att nashi
-----------------------------
https://www.berluti.com/ja-jp/terushio-reza-oruinwan/TERSIO_NEO-JOUR-V2.html?dwvar_TERSIO__NEO-JOUR-V2_color=K02&to=38#viewtype=grid-view-small&sz=192&to=38&start=1
OPEN
OPEN DONE
OK RETURN
URL PRICE https://www.berluti.com/ja-jp/terushio-reza-oruinwan/TERSIO_NEO-JOUR-V2.html?dwvar_TERSIO__NEO-JOUR-V2_color=K02&to=38#viewtype=grid-view-small&sz=192&to=38&start=1 324500
colorCheck len 5
 attval MADURO
 attval CREPUSCULO
 attval NERO GRIGIO
color found
modal one time skip
key: css val:button[data-select-id='size-1']
sizeSelect len 0
cartButton len 2
att nashi
-----------------------------
https://www.berluti.com/ja-jp/terushio-reza-oruinwan/TERSIO_NEO-JOUR-V2.html?dwvar_TERSIO__NEO-JOUR-V2_color=G11&to=39#viewtype=grid-view-small&sz=192&to=39&start=1
OPEN
OPEN DONE
OK RETURN
URL PRICE https://www.berluti.com/ja-jp/terushio-reza-oruinwan/TERSIO_NEO-JOUR-V2.html?dwvar_TERSIO__NEO-JOUR-V2_color=G11&to=39#viewtype=grid-view-small&sz=192&to=39&start=1 324500
colorCheck len 5
 attval MADURO
 attval CREPUSCULO
 attval NERO GRIGIO
 attval JUNGLE GREEN
color found
modal one time skip
key: css val:button[data-select-id='size-1']
sizeSelect len 0
cartButton len 2
att nashi
-----------------------------
https://www.berluti.com/ja-jp/makore-sukurittoreza-konpakutou-oretto/MAKORE_NEO_BE_RR-BE_RAPIECE_REPRISE-V2.html?dwvar_MAKORE__NEO__BE__RR-BE__RAPIECE__REPRISE-V2_color=R79&to=40#viewtype=grid-view-small&sz=192&to=40&start=1
OPEN
OPEN DONE
OK RETURN
URL PRICE https://www.berluti.com/ja-jp/makore-sukurittoreza-konpakutou-oretto/MAKORE_NEO_BE_RR-BE_RAPIECE_REPRISE-V2.html?dwvar_MAKORE__NEO__BE__RR-BE__RAPIECE__REPRISE-V2_color=R79&to=40#viewtype=grid-view-small&sz=192&to=40&start=1 NOTFOUND
colorCheck len 0
-----------------------------
https://www.berluti.com/ja-jp/jagua-sukurittoreza-kadohoruda/JAGUA_NEO-JOUR_TANGRAM-V88.html?dwvar_JAGUA__NEO-JOUR__TANGRAM-V88_color=MQ8&to=41#viewtype=grid-view-small&sz=192&to=41&start=1
OPEN
OPEN DONE
OK RETURN
URL PRICE https://www.berluti.com/ja-jp/jagua-sukurittoreza-kadohoruda/JAGUA_NEO-JOUR_TANGRAM-V88.html?dwvar_JAGUA__NEO-JOUR__TANGRAM-V88_color=MQ8&to=41#viewtype=grid-view-small&sz=192&to=41&start=1 NOTFOUND
colorCheck len 0
-----------------------------
https://www.berluti.com/ja-jp/banbu-sukurittoreza-kadohoruda/BAMBOU_NEO-JOUR_TANGRAM-V88.html?dwvar_BAMBOU__NEO-JOUR__TANGRAM-V88_color=MQ8&to=42#viewtype=grid-view-small&sz=192&to=42&start=1
OPEN
OPEN DONE
OK RETURN
URL PRICE https://www.berluti.com/ja-jp/banbu-sukurittoreza-kadohoruda/BAMBOU_NEO-JOUR_TANGRAM-V88.html?dwvar_BAMBOU__NEO-JOUR__TANGRAM-V88_color=MQ8&to=42#viewtype=grid-view-small&sz=192&to=42&start=1 69300
colorCheck len 1
 attval SOFT BROWN & MIDNIGHT BLUE
color check 一致なし zaiko 0
modal one time skip
key: css val:button[data-select-id='size-1']
sizeSelect len 0
cartButton len 2
att nashi
zaiko 0 x3
-----------------------------
https://www.berluti.com/ja-jp/inbuia-sukurittoreza-kadohoruda/IMBUIA_NEO-JOUR_TANGRAM-V88.html?dwvar_IMBUIA__NEO-JOUR__TANGRAM-V88_color=MQ8&to=43#viewtype=grid-view-small&sz=192&to=43&start=1
OPEN
OPEN DONE
OK RETURN
URL PRICE https://www.berluti.com/ja-jp/inbuia-sukurittoreza-kadohoruda/IMBUIA_NEO-JOUR_TANGRAM-V88.html?dwvar_IMBUIA__NEO-JOUR__TANGRAM-V88_color=MQ8&to=43#viewtype=grid-view-small&sz=192&to=43&start=1 104500
colorCheck len 1
 attval SOFT BROWN & MIDNIGHT BLUE
color check 一致なし zaiko 0
modal one time skip
key: css val:button[data-select-id='size-1']
sizeSelect len 0
cartButton len 2
att nashi
zaiko 0 x3
-----------------------------
https://www.berluti.com/ja-jp/tari-sukurittoreza-rongujippuu-oretto/TALI_NEO-JOUR_TANGRAM-V87.html?dwvar_TALI__NEO-JOUR__TANGRAM-V87_color=G89&to=44#viewtype=grid-view-small&sz=192&to=44&start=1
OPEN
OPEN DONE
OK RETURN
URL PRICE https://www.berluti.com/ja-jp/tari-sukurittoreza-rongujippuu-oretto/TALI_NEO-JOUR_TANGRAM-V87.html?dwvar_TALI__NEO-JOUR__TANGRAM-V87_color=G89&to=44#viewtype=grid-view-small&sz=192&to=44&start=1 361900
colorCheck len 1
 attval NERO CAVIAR & SAVANA
color check 一致なし zaiko 0
modal one time skip
key: css val:button[data-select-id='size-1']
sizeSelect len 0
cartButton len 0
zaiko 0 x1
cartButton2 len 0
zaiko 0 2x1
zaiko 0 x3
-----------------------------
https://www.berluti.com/ja-jp/makore-sukurittoreza-konpakutou-oretto/MAKORE_NEO-JOUR_TANGRAM-V87.html?dwvar_MAKORE__NEO-JOUR__TANGRAM-V87_color=G89&to=45#viewtype=grid-view-small&sz=192&to=45&start=1
OPEN
OPEN DONE
OK RETURN
URL PRICE https://www.berluti.com/ja-jp/makore-sukurittoreza-konpakutou-oretto/MAKORE_NEO-JOUR_TANGRAM-V87.html?dwvar_MAKORE__NEO-JOUR__TANGRAM-V87_color=G89&to=45#viewtype=grid-view-small&sz=192&to=45&start=1 139700
colorCheck len 1
 attval NERO CAVIAR & SAVANA
color check 一致なし zaiko 0
modal one time skip
key: css val:button[data-select-id='size-1']
sizeSelect len 0
cartButton len 0
zaiko 0 x1
cartButton2 len 0
zaiko 0 2x1
zaiko 0 x3
-----------------------------
https://www.berluti.com/ja-jp/itauba-sukuea-guradianto-sukurittoreza-u-oretto/ITAUBA_SQUARE_NEO_GRADIANT-JOUR-V2.html?dwvar_ITAUBA__SQUARE__NEO__GRADIANT-JOUR-V2_color=MR5&to=46#viewtype=grid-view-small&sz=192&to=46&start=1
OPEN
OPEN DONE
OK RETURN
URL PRICE https://www.berluti.com/ja-jp/itauba-sukuea-guradianto-sukurittoreza-u-oretto/ITAUBA_SQUARE_NEO_GRADIANT-JOUR-V2.html?dwvar_ITAUBA__SQUARE__NEO__GRADIANT-JOUR-V2_color=MR5&to=46#viewtype=grid-view-small&sz=192&to=46&start=1 156200
colorCheck len 1
 attval LEGNO BRUCIATO
color found
modal one time skip
key: css val:button[data-select-id='size-1']
sizeSelect len 0
cartButton len 2
att nashi
-----------------------------
https://www.berluti.com/ja-jp/wapa-guradianto-sukurittoreza-koinpasu/WAPA_NEO_GRADIANT-JOUR-V2.html?dwvar_WAPA__NEO__GRADIANT-JOUR-V2_color=BJ3&to=47#viewtype=grid-view-small&sz=192&to=47&start=1
OPEN
OPEN DONE
OK RETURN
URL PRICE https://www.berluti.com/ja-jp/wapa-guradianto-sukurittoreza-koinpasu/WAPA_NEO_GRADIANT-JOUR-V2.html?dwvar_WAPA__NEO__GRADIANT-JOUR-V2_color=BJ3&to=47#viewtype=grid-view-small&sz=192&to=47&start=1 133100
colorCheck len 2
 attval ST EMILION & CACAO INTENSO
 attval BLU MINERALE
color found
modal one time skip
key: css val:button[data-select-id='size-1']
sizeSelect len 0
cartButton len 2
att nashi
-----------------------------
https://www.berluti.com/ja-jp/wapa-guradianto-sukurittoreza-koinpasu/WAPA_NEO_GRADIANT-JOUR-V2.html?dwvar_WAPA__NEO__GRADIANT-JOUR-V2_color=RA1&to=48#viewtype=grid-view-small&sz=192&to=48&start=1
OPEN
OPEN DONE
OK RETURN
URL PRICE https://www.berluti.com/ja-jp/wapa-guradianto-sukurittoreza-koinpasu/WAPA_NEO_GRADIANT-JOUR-V2.html?dwvar_WAPA__NEO__GRADIANT-JOUR-V2_color=RA1&to=48#viewtype=grid-view-small&sz=192&to=48&start=1 133100
colorCheck len 2
 attval ST EMILION & CACAO INTENSO
 attval BLU MINERALE
color check 一致なし zaiko 0
modal one time skip
key: css val:button[data-select-id='size-1']
sizeSelect len 0
cartButton len 2
att nashi
zaiko 0 x3
-----------------------------
https://www.berluti.com/ja-jp/wapa-sukurittoreza-jippu-fukikoinpasu/WAPA_NEO-JOUR-V2.html?dwvar_WAPA__NEO-JOUR-V2_color=K02&to=49#viewtype=grid-view-small&sz=192&to=49&start=1
OPEN
OPEN DONE
OK RETURN
URL PRICE https://www.berluti.com/ja-jp/wapa-sukurittoreza-jippu-fukikoinpasu/WAPA_NEO-JOUR-V2.html?dwvar_WAPA__NEO-JOUR-V2_color=K02&to=49#viewtype=grid-view-small&sz=192&to=49&start=1 113300
colorCheck len 3
 attval NERO GRIGIO
color found
modal one time skip
key: css val:button[data-select-id='size-1']
sizeSelect len 0
cartButton len 2
att nashi
-----------------------------
https://www.berluti.com/ja-jp/wapa-sukurittoreza-jippu-fukikoinpasu/WAPA_NEO-JOUR-V2.html?dwvar_WAPA__NEO-JOUR-V2_color=ML6&to=50#viewtype=grid-view-small&sz=192&to=50&start=1
OPEN
OPEN DONE
OK RETURN
URL PRICE https://www.berluti.com/ja-jp/wapa-sukurittoreza-jippu-fukikoinpasu/WAPA_NEO-JOUR-V2.html?dwvar_WAPA__NEO-JOUR-V2_color=ML6&to=50#viewtype=grid-view-small&sz=192&to=50&start=1 113300
colorCheck len 3
 attval NERO GRIGIO
 attval CACAO INTENSO
color found
modal one time skip
key: css val:button[data-select-id='size-1']
sizeSelect len 0
cartButton len 2
att nashi
-----------------------------
https://www.berluti.com/ja-jp/wapa-sukurittoreza-jippu-fukikoinpasu/WAPA_NEO-JOUR-V2.html?dwvar_WAPA__NEO-JOUR-V2_color=KE4&to=51#viewtype=grid-view-small&sz=192&to=51&start=1
OPEN
OPEN DONE
OK RETURN
URL PRICE https://www.berluti.com/ja-jp/wapa-sukurittoreza-jippu-fukikoinpasu/WAPA_NEO-JOUR-V2.html?dwvar_WAPA__NEO-JOUR-V2_color=KE4&to=51#viewtype=grid-view-small&sz=192&to=51&start=1 113300
colorCheck len 3
 attval NERO GRIGIO
 attval CACAO INTENSO
 attval JUNGLE GREEN
color check 一致なし zaiko 0
modal one time skip
key: css val:button[data-select-id='size-1']
sizeSelect len 0
cartButton len 2
att nashi
zaiko 0 x3
-----------------------------
https://www.berluti.com/ja-jp/wapa-sukurittoreza-jippu-fukikoinpasu/WAPA_NEO-JOUR-V2.html?dwvar_WAPA__NEO-JOUR-V2_color=G11&to=52#viewtype=grid-view-small&sz=192&to=52&start=1
OPEN
OPEN DONE
OK RETURN
URL PRICE https://www.berluti.com/ja-jp/wapa-sukurittoreza-jippu-fukikoinpasu/WAPA_NEO-JOUR-V2.html?dwvar_WAPA__NEO-JOUR-V2_color=G11&to=52#viewtype=grid-view-small&sz=192&to=52&start=1 113300
colorCheck len 3
 attval NERO GRIGIO
 attval CACAO INTENSO
 attval JUNGLE GREEN
color found
modal one time skip
key: css val:button[data-select-id='size-1']
sizeSelect len 0
cartButton len 2
att nashi
-----------------------------
https://www.berluti.com/ja-jp/wapa-sukurittoreza-jippu-fukikoinpasu/WAPA_NEO-JOUR-V2.html?dwvar_WAPA__NEO-JOUR-V2_color=KE5&to=53#viewtype=grid-view-small&sz=192&to=53&start=1
OPEN
OPEN DONE
OK RETURN
URL PRICE https://www.berluti.com/ja-jp/wapa-sukurittoreza-jippu-fukikoinpasu/WAPA_NEO-JOUR-V2.html?dwvar_WAPA__NEO-JOUR-V2_color=KE5&to=53#viewtype=grid-view-small&sz=192&to=53&start=1 113300
colorCheck len 3
 attval NERO GRIGIO
 attval CACAO INTENSO
 attval JUNGLE GREEN
color check 一致なし zaiko 0
modal one time skip
key: css val:button[data-select-id='size-1']
sizeSelect len 0
cartButton len 2
att nashi
zaiko 0 x3
-----------------------------
https://www.berluti.com/ja-jp/wapa-sukurittoreza-jippu-fukikoinpasu/WAPA_NEO-JOUR-V2.html?dwvar_WAPA__NEO-JOUR-V2_color=J10&to=54#viewtype=grid-view-small&sz=192&to=54&start=1
OPEN
OPEN DONE
OK RETURN
URL PRICE https://www.berluti.com/ja-jp/wapa-sukurittoreza-jippu-fukikoinpasu/WAPA_NEO-JOUR-V2.html?dwvar_WAPA__NEO-JOUR-V2_color=J10&to=54#viewtype=grid-view-small&sz=192&to=54&start=1 113300
colorCheck len 3
 attval NERO GRIGIO
 attval CACAO INTENSO
 attval JUNGLE GREEN
color check 一致なし zaiko 0
modal one time skip
key: css val:button[data-select-id='size-1']
sizeSelect len 0
cartButton len 2
att nashi
zaiko 0 x3
-----------------------------
https://www.berluti.com/ja-jp/wapa-sukurittoreza-jippu-fukikoinpasu/WAPA_NEO-JOUR-V2.html?dwvar_WAPA__NEO-JOUR-V2_color=J12&to=55#viewtype=grid-view-small&sz=192&to=55&start=1
OPEN
OPEN DONE
OK RETURN
URL PRICE https://www.berluti.com/ja-jp/wapa-sukurittoreza-jippu-fukikoinpasu/WAPA_NEO-JOUR-V2.html?dwvar_WAPA__NEO-JOUR-V2_color=J12&to=55#viewtype=grid-view-small&sz=192&to=55&start=1 113300
colorCheck len 3
 attval NERO GRIGIO
 attval CACAO INTENSO
 attval JUNGLE GREEN
color check 一致なし zaiko 0
modal one time skip
key: css val:button[data-select-id='size-1']
sizeSelect len 0
cartButton len 2
att nashi
zaiko 0 x3
-----------------------------
https://www.berluti.com/ja-jp/sukurittoreza-iphone-15-proforio/IPHONE_15_PRO_FOLIO-SCRITTO-V2.html?dwvar_IPHONE__15__PRO__FOLIO-SCRITTO-V2_color=B07&to=56#viewtype=grid-view-small&sz=192&to=56&start=1
OPEN
OPEN DONE
OK RETURN
URL PRICE https://www.berluti.com/ja-jp/sukurittoreza-iphone-15-proforio/IPHONE_15_PRO_FOLIO-SCRITTO-V2.html?dwvar_IPHONE__15__PRO__FOLIO-SCRITTO-V2_color=B07&to=56#viewtype=grid-view-small&sz=192&to=56&start=1 NOTFOUND
colorCheck len 0
-----------------------------
https://www.berluti.com/ja-jp/sukurittoreza-iphone-15-proforio/IPHONE_15_PRO_FOLIO-SCRITTO-V2.html?dwvar_IPHONE__15__PRO__FOLIO-SCRITTO-V2_color=MH2&to=57#viewtype=grid-view-small&sz=192&to=57&start=1
OPEN
OPEN DONE
OK RETURN
URL PRICE https://www.berluti.com/ja-jp/sukurittoreza-iphone-15-proforio/IPHONE_15_PRO_FOLIO-SCRITTO-V2.html?dwvar_IPHONE__15__PRO__FOLIO-SCRITTO-V2_color=MH2&to=57#viewtype=grid-view-small&sz=192&to=57&start=1 NOTFOUND
colorCheck len 0
-----------------------------
https://www.berluti.com/ja-jp/sukurittoreza-iphone-15-pro-maxforio/IPHONE_15_PRO_MAX_FOLIO-SCRITTO-V2.html?dwvar_IPHONE__15__PRO__MAX__FOLIO-SCRITTO-V2_color=B07&to=58#viewtype=grid-view-small&sz=192&to=58&start=1
OPEN
OPEN DONE
OK RETURN
URL PRICE https://www.berluti.com/ja-jp/sukurittoreza-iphone-15-pro-maxforio/IPHONE_15_PRO_MAX_FOLIO-SCRITTO-V2.html?dwvar_IPHONE__15__PRO__MAX__FOLIO-SCRITTO-V2_color=B07&to=58#viewtype=grid-view-small&sz=192&to=58&start=1 NOTFOUND
colorCheck len 0
-----------------------------
https://www.berluti.com/ja-jp/sukurittoreza-iphone-16-pro-maxforio/IPHONE_16_PRO_MAX_FOLIO-SCRITTO-V2.html?dwvar_IPHONE__16__PRO__MAX__FOLIO-SCRITTO-V2_color=KD4&to=59#viewtype=grid-view-small&sz=192&to=59&start=1
OPEN
OPEN DONE
OK RETURN
URL PRICE https://www.berluti.com/ja-jp/sukurittoreza-iphone-16-pro-maxforio/IPHONE_16_PRO_MAX_FOLIO-SCRITTO-V2.html?dwvar_IPHONE__16__PRO__MAX__FOLIO-SCRITTO-V2_color=KD4&to=59#viewtype=grid-view-small&sz=192&to=59&start=1 NOTFOUND
colorCheck len 0
-----------------------------
https://www.berluti.com/ja-jp/sukurittoreza-iphone-16-prokesu/IPHONE_16_PRO_CASE-SCRITTO-V2.html?dwvar_IPHONE__16__PRO__CASE-SCRITTO-V2_color=KD4&to=60#viewtype=grid-view-small&sz=192&to=60&start=1
OPEN
OPEN DONE
OK RETURN
URL PRICE https://www.berluti.com/ja-jp/sukurittoreza-iphone-16-prokesu/IPHONE_16_PRO_CASE-SCRITTO-V2.html?dwvar_IPHONE__16__PRO__CASE-SCRITTO-V2_color=KD4&to=60#viewtype=grid-view-small&sz=192&to=60&start=1 NOTFOUND
colorCheck len 0
-----------------------------
https://www.berluti.com/ja-jp/sukurittoreza-iphone-16-pro-maxkesu/IPHONE_16_PRO_MAX_CASE-SCRITTO-V2.html?dwvar_IPHONE__16__PRO__MAX__CASE-SCRITTO-V2_color=KD4&to=61#viewtype=grid-view-small&sz=192&to=61&start=1
OPEN
OPEN DONE
OK RETURN
URL PRICE https://www.berluti.com/ja-jp/sukurittoreza-iphone-16-pro-maxkesu/IPHONE_16_PRO_MAX_CASE-SCRITTO-V2.html?dwvar_IPHONE__16__PRO__MAX__CASE-SCRITTO-V2_color=KD4&to=61#viewtype=grid-view-small&sz=192&to=61&start=1 NOTFOUND
colorCheck len 0
-----------------------------
https://www.berluti.com/ja-jp/sukurittoreza-iphone-15-pro-maxkesu/IPHONE_15_PRO_MAX_CASE-SCRITTO-V2.html?dwvar_IPHONE__15__PRO__MAX__CASE-SCRITTO-V2_color=B07&to=62#viewtype=grid-view-small&sz=192&to=62&start=1
OPEN
OPEN DONE
OK RETURN
URL PRICE https://www.berluti.com/ja-jp/sukurittoreza-iphone-15-pro-maxkesu/IPHONE_15_PRO_MAX_CASE-SCRITTO-V2.html?dwvar_IPHONE__15__PRO__MAX__CASE-SCRITTO-V2_color=B07&to=62#viewtype=grid-view-small&sz=192&to=62&start=1 NOTFOUND
colorCheck len 0
-----------------------------
https://www.berluti.com/ja-jp/sukurittoreza-iphone-16-proforio/IPHONE_16_PRO_FOLIO-SCRITTO-V2.html?dwvar_IPHONE__16__PRO__FOLIO-SCRITTO-V2_color=KD4&to=63#viewtype=grid-view-small&sz=192&to=63&start=1
OPEN
OPEN DONE
OK RETURN
URL PRICE https://www.berluti.com/ja-jp/sukurittoreza-iphone-16-proforio/IPHONE_16_PRO_FOLIO-SCRITTO-V2.html?dwvar_IPHONE__16__PRO__FOLIO-SCRITTO-V2_color=KD4&to=63#viewtype=grid-view-small&sz=192&to=63&start=1 NOTFOUND
colorCheck len 0
-----------------------------
https://www.berluti.com/ja-jp/sukurittoreza-iphone-15-prokesu/IPHONE_15_PRO_CASE-SCRITTO-V2.html?dwvar_IPHONE__15__PRO__CASE-SCRITTO-V2_color=MH2&to=64#viewtype=grid-view-small&sz=192&to=64&start=1
OPEN
OPEN DONE
OK RETURN
URL PRICE https://www.berluti.com/ja-jp/sukurittoreza-iphone-15-prokesu/IPHONE_15_PRO_CASE-SCRITTO-V2.html?dwvar_IPHONE__15__PRO__CASE-SCRITTO-V2_color=MH2&to=64#viewtype=grid-view-small&sz=192&to=64&start=1 NOTFOUND
colorCheck len 0
-----------------------------
https://www.berluti.com/ja-jp/sukurittoreza-iphone-15-prokesu/IPHONE_15_PRO_CASE-SCRITTO-V2.html?dwvar_IPHONE__15__PRO__CASE-SCRITTO-V2_color=B07&to=65#viewtype=grid-view-small&sz=192&to=65&start=1
OPEN
OPEN DONE
OK RETURN
URL PRICE https://www.berluti.com/ja-jp/sukurittoreza-iphone-15-prokesu/IPHONE_15_PRO_CASE-SCRITTO-V2.html?dwvar_IPHONE__15__PRO__CASE-SCRITTO-V2_color=B07&to=65#viewtype=grid-view-small&sz=192&to=65&start=1 NOTFOUND
colorCheck len 0
-----------------------------
https://www.berluti.com/ja-jp/sukurittoreza-iphone-16-prokesu/IPHONE_16_PRO_CASE-SCRITTO-V82.html?dwvar_IPHONE__16__PRO__CASE-SCRITTO-V82_color=B02&to=66#viewtype=grid-view-small&sz=192&to=66&start=1
OPEN
OPEN DONE
OK RETURN
URL PRICE https://www.berluti.com/ja-jp/sukurittoreza-iphone-16-prokesu/IPHONE_16_PRO_CASE-SCRITTO-V82.html?dwvar_IPHONE__16__PRO__CASE-SCRITTO-V82_color=B02&to=66#viewtype=grid-view-small&sz=192&to=66&start=1 77550
colorCheck len 1
 attval INDIGO DENIM
color found
modal one time skip
key: css val:button[data-select-id='size-1']
sizeSelect len 0
cartButton len 2
att nashi
-----------------------------
https://www.berluti.com/ja-jp/sukurittoreza-iphone-16-proforio/IPHONE_16_PRO_FOLIO-SCRITTO-V82.html?dwvar_IPHONE__16__PRO__FOLIO-SCRITTO-V82_color=B02&to=67#viewtype=grid-view-small&sz=192&to=67&start=1
OPEN
OPEN DONE
OK RETURN
URL PRICE https://www.berluti.com/ja-jp/sukurittoreza-iphone-16-proforio/IPHONE_16_PRO_FOLIO-SCRITTO-V82.html?dwvar_IPHONE__16__PRO__FOLIO-SCRITTO-V82_color=B02&to=67#viewtype=grid-view-small&sz=192&to=67&start=1 97900
colorCheck len 1
 attval INDIGO DENIM
color found
modal one time skip
key: css val:button[data-select-id='size-1']
sizeSelect len 0
cartButton len 2
att nashi
-----------------------------
https://www.berluti.com/ja-jp/itauba-waido-guradianto-sukurittoreza-rongu-jippuu-oretto/ITAUBA_WIDE_NEO_GRADIANT-JOUR-V2.html?dwvar_ITAUBA__WIDE__NEO__GRADIANT-JOUR-V2_color=B07&to=68#viewtype=grid-view-small&sz=192&to=68&start=1
OPEN
OPEN DONE
OK RETURN
URL PRICE https://www.berluti.com/ja-jp/itauba-waido-guradianto-sukurittoreza-rongu-jippuu-oretto/ITAUBA_WIDE_NEO_GRADIANT-JOUR-V2.html?dwvar_ITAUBA__WIDE__NEO__GRADIANT-JOUR-V2_color=B07&to=68#viewtype=grid-view-small&sz=192&to=68&start=1 NOTFOUND
colorCheck len 0
-----------------------------
https://www.berluti.com/ja-jp/itauba-waido-guradianto-sukurittoreza-rongu-jippuu-oretto/ITAUBA_WIDE_NEO_GRADIANT-JOUR-V2.html?dwvar_ITAUBA__WIDE__NEO__GRADIANT-JOUR-V2_color=KH6&to=69#viewtype=grid-view-small&sz=192&to=69&start=1
OPEN
OPEN DONE
OK RETURN
URL PRICE https://www.berluti.com/ja-jp/itauba-waido-guradianto-sukurittoreza-rongu-jippuu-oretto/ITAUBA_WIDE_NEO_GRADIANT-JOUR-V2.html?dwvar_ITAUBA__WIDE__NEO__GRADIANT-JOUR-V2_color=KH6&to=69#viewtype=grid-view-small&sz=192&to=69&start=1 NOTFOUND
colorCheck len 0
-----------------------------
https://www.berluti.com/ja-jp/koa-rojikku-sukurittoreza-jippu-kadohoruda/KOA_LOGIC_NEO-JOUR-V2.html?dwvar_KOA__LOGIC__NEO-JOUR-V2_color=ML6&to=70#viewtype=grid-view-small&sz=192&to=70&start=1
OPEN
OPEN DONE
OK RETURN
URL PRICE https://www.berluti.com/ja-jp/koa-rojikku-sukurittoreza-jippu-kadohoruda/KOA_LOGIC_NEO-JOUR-V2.html?dwvar_KOA__LOGIC__NEO-JOUR-V2_color=ML6&to=70#viewtype=grid-view-small&sz=192&to=70&start=1 101200
colorCheck len 1
 attval CACAO INTENSO
color found
modal one time skip
key: css val:button[data-select-id='size-1']
sizeSelect len 0
cartButton len 2
att nashi
-----------------------------
https://www.berluti.com/ja-jp/koto-sukurittoreza-jippu-kihoruda/KOTO_NEO-JOUR-V2.html?dwvar_KOTO__NEO-JOUR-V2_color=K02&to=71#viewtype=grid-view-small&sz=192&to=71&start=1
OPEN
OPEN DONE
OK RETURN
URL PRICE https://www.berluti.com/ja-jp/koto-sukurittoreza-jippu-kihoruda/KOTO_NEO-JOUR-V2.html?dwvar_KOTO__NEO-JOUR-V2_color=K02&to=71#viewtype=grid-view-small&sz=192&to=71&start=1 124300
colorCheck len 1
 attval NERO GRIGIO
color found
modal one time skip
key: css val:button[data-select-id='size-1']
sizeSelect len 0
cartButton len 2
att nashi
-----------------------------
https://www.berluti.com/ja-jp/tari-sukurittoreza-rongujippuu-oretto/TALI_NEO-JOUR-V2.html?dwvar_TALI__NEO-JOUR-V2_color=K02&to=72#viewtype=grid-view-small&sz=192&to=72&start=1
OPEN
OPEN DONE
OK RETURN
URL PRICE https://www.berluti.com/ja-jp/tari-sukurittoreza-rongujippuu-oretto/TALI_NEO-JOUR-V2.html?dwvar_TALI__NEO-JOUR-V2_color=K02&to=72#viewtype=grid-view-small&sz=192&to=72&start=1 342100
colorCheck len 1
 attval NERO GRIGIO
color found
modal one time skip
key: css val:button[data-select-id='size-1']
sizeSelect len 0
cartButton len 2
att nashi
-----------------------------
https://www.berluti.com/ja-jp/tari-sukurittoreza-rongujippuu-oretto/TALI_NEO-JOUR-V2.html?dwvar_TALI__NEO-JOUR-V2_color=KE4&to=73#viewtype=grid-view-small&sz=192&to=73&start=1
OPEN
OPEN DONE
OK RETURN
URL PRICE https://www.berluti.com/ja-jp/tari-sukurittoreza-rongujippuu-oretto/TALI_NEO-JOUR-V2.html?dwvar_TALI__NEO-JOUR-V2_color=KE4&to=73#viewtype=grid-view-small&sz=192&to=73&start=1 342100
colorCheck len 1
 attval NERO GRIGIO
color check 一致なし zaiko 0
modal one time skip
key: css val:button[data-select-id='size-1']
sizeSelect len 0
cartButton len 2
att nashi
zaiko 0 x3
-----------------------------
https://www.berluti.com/ja-jp/tari-sukurittoreza-rongujippuu-oretto/TALI_NEO-JOUR-V2.html?dwvar_TALI__NEO-JOUR-V2_color=KE5&to=74#viewtype=grid-view-small&sz=192&to=74&start=1
OPEN
OPEN DONE
OK RETURN
URL PRICE https://www.berluti.com/ja-jp/tari-sukurittoreza-rongujippuu-oretto/TALI_NEO-JOUR-V2.html?dwvar_TALI__NEO-JOUR-V2_color=KE5&to=74#viewtype=grid-view-small&sz=192&to=74&start=1 342100
colorCheck len 1
 attval NERO GRIGIO
color check 一致なし zaiko 0
modal one time skip
key: css val:button[data-select-id='size-1']
sizeSelect len 0
cartButton len 2
att nashi
zaiko 0 x3
-----------------------------
https://www.berluti.com/ja-jp/makore-sukurittoreza-konpakutou-oretto/MAKORE_NEO-JOUR-V2.html?dwvar_MAKORE__NEO-JOUR-V2_color=K02&to=77#viewtype=grid-view-small&sz=192&to=77&start=1
OPEN
OPEN DONE
OK RETURN
URL PRICE https://www.berluti.com/ja-jp/makore-sukurittoreza-konpakutou-oretto/MAKORE_NEO-JOUR-V2.html?dwvar_MAKORE__NEO-JOUR-V2_color=K02&to=77#viewtype=grid-view-small&sz=192&to=77&start=1 127600
colorCheck len 3
 attval NERO GRIGIO
color found
modal one time skip
key: css val:button[data-select-id='size-1']
sizeSelect len 0
cartButton len 2
att nashi
-----------------------------
https://www.berluti.com/ja-jp/makore-sukurittoreza-konpakutou-oretto/MAKORE_NEO-JOUR-V2.html?dwvar_MAKORE__NEO-JOUR-V2_color=ML6&to=78#viewtype=grid-view-small&sz=192&to=78&start=1
OPEN
OPEN DONE
OK RETURN
URL PRICE https://www.berluti.com/ja-jp/makore-sukurittoreza-konpakutou-oretto/MAKORE_NEO-JOUR-V2.html?dwvar_MAKORE__NEO-JOUR-V2_color=ML6&to=78#viewtype=grid-view-small&sz=192&to=78&start=1 127600
colorCheck len 3
 attval NERO GRIGIO
 attval CACAO INTENSO
color found
modal one time skip
key: css val:button[data-select-id='size-1']
sizeSelect len 0
cartButton len 2
att nashi
-----------------------------
https://www.berluti.com/ja-jp/makore-sukurittoreza-konpakutou-oretto/MAKORE_NEO-JOUR-V2.html?dwvar_MAKORE__NEO-JOUR-V2_color=G11&to=79#viewtype=grid-view-small&sz=192&to=79&start=1
OPEN
OPEN DONE
OK RETURN
URL PRICE https://www.berluti.com/ja-jp/makore-sukurittoreza-konpakutou-oretto/MAKORE_NEO-JOUR-V2.html?dwvar_MAKORE__NEO-JOUR-V2_color=G11&to=79#viewtype=grid-view-small&sz=192&to=79&start=1 127600
colorCheck len 3
 attval NERO GRIGIO
 attval CACAO INTENSO
 attval JUNGLE GREEN
color found
modal one time skip
key: css val:button[data-select-id='size-1']
sizeSelect len 0
cartButton len 2
att nashi
-----------------------------
https://www.berluti.com/ja-jp/akaju-sukurittoreza-u-oretto/ACAJOU_NEO-JOUR-V2.html?dwvar_ACAJOU__NEO-JOUR-V2_color=ML6&to=80#viewtype=grid-view-small&sz=192&to=80&start=1
OPEN
OPEN DONE
OK RETURN
URL PRICE https://www.berluti.com/ja-jp/akaju-sukurittoreza-u-oretto/ACAJOU_NEO-JOUR-V2.html?dwvar_ACAJOU__NEO-JOUR-V2_color=ML6&to=80#viewtype=grid-view-small&sz=192&to=80&start=1 136400
colorCheck len 1
 attval CACAO INTENSO
color found
modal one time skip
key: css val:button[data-select-id='size-1']
sizeSelect len 0
cartButton len 2
att nashi
-----------------------------
https://www.berluti.com/ja-jp/itauba-sukuea-sukurittoreza-jippuu-oretto/ITAUBA_SQUARE_NEO-JOUR-V2.html?dwvar_ITAUBA__SQUARE__NEO-JOUR-V2_color=K02&to=81#viewtype=grid-view-small&sz=192&to=81&start=1
OPEN
OPEN DONE
OK RETURN
URL PRICE https://www.berluti.com/ja-jp/itauba-sukuea-sukurittoreza-jippuu-oretto/ITAUBA_SQUARE_NEO-JOUR-V2.html?dwvar_ITAUBA__SQUARE__NEO-JOUR-V2_color=K02&to=81#viewtype=grid-view-small&sz=192&to=81&start=1 156200
colorCheck len 1
 attval NERO GRIGIO
color found
modal one time skip
key: css val:button[data-select-id='size-1']
sizeSelect len 0
cartButton len 2
att nashi
-----------------------------
https://www.berluti.com/ja-jp/aibi-sukurittosuwaipu-reza-toiretaripochi/IVY-JOUR-V2.html?dwvar_IVY-JOUR-V2_color=G27&to=82#viewtype=grid-view-small&sz=192&to=82&start=1
OPEN
OPEN DONE
OK RETURN
URL PRICE https://www.berluti.com/ja-jp/aibi-sukurittosuwaipu-reza-toiretaripochi/IVY-JOUR-V2.html?dwvar_IVY-JOUR-V2_color=G27&to=82#viewtype=grid-view-small&sz=192&to=82&start=1 191400
colorCheck len 1
 attval OPUNTIA 
color check 一致なし zaiko 0
modal one time skip
key: css val:button[data-select-id='size-1']
sizeSelect len 0
cartButton len 2
att nashi
zaiko 0 x3
-----------------------------
https://www.berluti.com/ja-jp/badi-towaru-marubufu-ronguu-oretto/BADI-TOILE_MARBEUF-T19.html?dwvar_BADI-TOILE__MARBEUF-T19_color=MO5&to=83#viewtype=grid-view-small&sz=192&to=83&start=1
OPEN
OPEN DONE
OK RETURN
URL PRICE https://www.berluti.com/ja-jp/badi-towaru-marubufu-ronguu-oretto/BADI-TOILE_MARBEUF-T19.html?dwvar_BADI-TOILE__MARBEUF-T19_color=MO5&to=83#viewtype=grid-view-small&sz=192&to=83&start=1 NOTFOUND
colorCheck len 0
-----------------------------
https://www.berluti.com/ja-jp/inbuia-guradianto-sukurittoreza-kadohoruda/IMBUIA_NEO_GRADIANT-JOUR-V2.html?dwvar_IMBUIA__NEO__GRADIANT-JOUR-V2_color=RA1&to=84#viewtype=grid-view-small&sz=192&to=84&start=1
OPEN
OPEN DONE
OK RETURN
URL PRICE https://www.berluti.com/ja-jp/inbuia-guradianto-sukurittoreza-kadohoruda/IMBUIA_NEO_GRADIANT-JOUR-V2.html?dwvar_IMBUIA__NEO__GRADIANT-JOUR-V2_color=RA1&to=84#viewtype=grid-view-small&sz=192&to=84&start=1 108900
colorCheck len 2
 attval ST EMILION & CACAO INTENSO
 attval MIRAGGIO
color check 一致なし zaiko 0
modal one time skip
key: css val:button[data-select-id='size-1']
sizeSelect len 0
cartButton len 2
att nashi
zaiko 0 x3
-----------------------------
https://www.berluti.com/ja-jp/inbuia-towaru-marubufu-kadohoruda/IMBUIA_NEO-TOILE_MARBEUF-T19.html?dwvar_IMBUIA__NEO-TOILE__MARBEUF-T19_color=MO5&to=85#viewtype=grid-view-small&sz=192&to=85&start=1
OPEN
OPEN DONE
OK RETURN
URL PRICE https://www.berluti.com/ja-jp/inbuia-towaru-marubufu-kadohoruda/IMBUIA_NEO-TOILE_MARBEUF-T19.html?dwvar_IMBUIA__NEO-TOILE__MARBEUF-T19_color=MO5&to=85#viewtype=grid-view-small&sz=192&to=85&start=1 NOTFOUND
colorCheck len 0
-----------------------------
https://www.berluti.com/ja-jp/buna-sukurittoreza-kadohoruda/BUNA-JOUR-V2.html?dwvar_BUNA-JOUR-V2_color=ML6&to=86#viewtype=grid-view-small&sz=192&to=86&start=1
OPEN
OPEN DONE
OK RETURN
URL PRICE https://www.berluti.com/ja-jp/buna-sukurittoreza-kadohoruda/BUNA-JOUR-V2.html?dwvar_BUNA-JOUR-V2_color=ML6&to=86#viewtype=grid-view-small&sz=192&to=86&start=1 127600
colorCheck len 1
 attval CACAO INTENSO
color found
modal one time skip
key: css val:button[data-select-id='size-1']
sizeSelect len 0
cartButton len 2
att nashi
-----------------------------
https://www.berluti.com/ja-jp/makore-surimu-reza-konpakutou-oretto/MAKORE_SLIM_NEO-JOUR-V1.html?dwvar_MAKORE__SLIM__NEO-JOUR-V1_color=ML6&to=87#viewtype=grid-view-small&sz=192&to=87&start=1
OPEN
OPEN DONE
OK RETURN
URL PRICE https://www.berluti.com/ja-jp/makore-surimu-reza-konpakutou-oretto/MAKORE_SLIM_NEO-JOUR-V1.html?dwvar_MAKORE__SLIM__NEO-JOUR-V1_color=ML6&to=87#viewtype=grid-view-small&sz=192&to=87&start=1 123200
colorCheck len 2
 attval ALBA
 attval CACAO INTENSO
color found
modal one time skip
key: css val:button[data-select-id='size-1']
sizeSelect len 0
cartButton len 2
att nashi
-----------------------------
https://www.berluti.com/ja-jp/jagua-towaru-marubufu-kadohoruda/JAGUA_NEO-TOILE_MARBEUF-T19.html?dwvar_JAGUA__NEO-TOILE__MARBEUF-T19_color=MO5&to=88#viewtype=grid-view-small&sz=192&to=88&start=1
OPEN
OPEN DONE
OK RETURN
URL PRICE https://www.berluti.com/ja-jp/jagua-towaru-marubufu-kadohoruda/JAGUA_NEO-TOILE_MARBEUF-T19.html?dwvar_JAGUA__NEO-TOILE__MARBEUF-T19_color=MO5&to=88#viewtype=grid-view-small&sz=192&to=88&start=1 NOTFOUND
colorCheck len 0
-----------------------------
https://www.berluti.com/ja-jp/banbu-towaru-marubufu-kadohoruda/BAMBOU_NEO-TOILE_MARBEUF-T19.html?dwvar_BAMBOU__NEO-TOILE__MARBEUF-T19_color=MO5&to=89#viewtype=grid-view-small&sz=192&to=89&start=1
OPEN
OPEN DONE
OK RETURN
URL PRICE https://www.berluti.com/ja-jp/banbu-towaru-marubufu-kadohoruda/BAMBOU_NEO-TOILE_MARBEUF-T19.html?dwvar_BAMBOU__NEO-TOILE__MARBEUF-T19_color=MO5&to=89#viewtype=grid-view-small&sz=192&to=89&start=1 NOTFOUND
colorCheck len 0
-----------------------------
https://www.berluti.com/ja-jp/akaju-towaru-marubufu-u-oretto/ACAJOU_NEO-TOILE_MARBEUF-T19.html?dwvar_ACAJOU__NEO-TOILE__MARBEUF-T19_color=MO5&to=90#viewtype=grid-view-small&sz=192&to=90&start=1
OPEN
OPEN DONE
OK RETURN
URL PRICE https://www.berluti.com/ja-jp/akaju-towaru-marubufu-u-oretto/ACAJOU_NEO-TOILE_MARBEUF-T19.html?dwvar_ACAJOU__NEO-TOILE__MARBEUF-T19_color=MO5&to=90#viewtype=grid-view-small&sz=192&to=90&start=1 NOTFOUND
colorCheck len 0
-----------------------------
https://www.berluti.com/ja-jp/santaru-guradianto-sukurittoreza-ronguu-oretto/SANTAL_NEO_GRADIANT-JOUR-V2.html?dwvar_SANTAL__NEO__GRADIANT-JOUR-V2_color=R78&to=91#viewtype=grid-view-small&sz=192&to=91&start=1
OPEN
OPEN ERROR COUGHT
ERROR MESSAGE[Message: unknown error: net::ERR_NAME_NOT_RESOLVED
  (Session info: chrome=143.0.7499.110)
Stacktrace:
Symbols not available. Dumping unresolved backtrace:
	0x7ff634018895
	0x7ff6340188f0
	0x7ff633df165d
	0x7ff633dee1dd
	0x7ff633ddeb69
	0x7ff633de0974
	0x7ff633ddf10f
	0x7ff633dde871
	0x7ff633dde5bd
	0x7ff633ddc20a
	0x7ff633ddc9f2
	0x7ff633df5950
	0x7ff633e9bad4
	0x7ff633e71fda
	0x7ff633e9ac97
	0x7ff633e3ac29
	0x7ff633e3ba93
	0x7ff6343305f0
	0x7ff63432af30
	0x7ff634349696
	0x7ff634035d94
	0x7ff63403ed3c
	0x7ff634021fb4
	0x7ff634022165
	0x7ff634007e92
	0x7fff0fd9e8d7
	0x7fff11aac53c
]
DNS ERROR FOUND, WILL RETURN
-----------------------------
https://www.berluti.com/ja-jp/esupasu-sukurittoreza-ronguu-oretto/ESPACE_NEO-JOUR-V2.html?dwvar_ESPACE__NEO-JOUR-V2_color=ML6&to=92#viewtype=grid-view-small&sz=192&to=92&start=1
OPEN
OPEN DONE
OK RETURN
URL PRICE https://www.berluti.com/ja-jp/esupasu-sukurittoreza-ronguu-oretto/ESPACE_NEO-JOUR-V2.html?dwvar_ESPACE__NEO-JOUR-V2_color=ML6&to=92#viewtype=grid-view-small&sz=192&to=92&start=1 174900
colorCheck len 3
 attval NERO GRIGIO
 attval CACAO INTENSO
color found
modal one time skip
key: css val:button[data-select-id='size-1']
sizeSelect len 0
cartButton len 2
att nashi
-----------------------------
https://www.berluti.com/ja-jp/esupasu-sukurittoreza-ronguu-oretto/ESPACE_NEO-JOUR-V2.html?dwvar_ESPACE__NEO-JOUR-V2_color=K02&to=93#viewtype=grid-view-small&sz=192&to=93&start=1
OPEN
OPEN DONE
OK RETURN
URL PRICE https://www.berluti.com/ja-jp/esupasu-sukurittoreza-ronguu-oretto/ESPACE_NEO-JOUR-V2.html?dwvar_ESPACE__NEO-JOUR-V2_color=K02&to=93#viewtype=grid-view-small&sz=192&to=93&start=1 174900
colorCheck len 3
 attval NERO GRIGIO
color found
modal one time skip
key: css val:button[data-select-id='size-1']
sizeSelect len 0
cartButton len 2
att nashi
-----------------------------
https://www.berluti.com/ja-jp/esupasu-guradianto-sukurittoreza-ronguu-oretto/ESPACE_NEO_GRADIANT-JOUR-V2.html?dwvar_ESPACE__NEO__GRADIANT-JOUR-V2_color=B07&to=94#viewtype=grid-view-small&sz=192&to=94&start=1
OPEN
OPEN DONE
OK RETURN
URL PRICE https://www.berluti.com/ja-jp/esupasu-guradianto-sukurittoreza-ronguu-oretto/ESPACE_NEO_GRADIANT-JOUR-V2.html?dwvar_ESPACE__NEO__GRADIANT-JOUR-V2_color=B07&to=94#viewtype=grid-view-small&sz=192&to=94&start=1 191400
colorCheck len 1
 attval STONE DENIM
color found
modal one time skip
key: css val:button[data-select-id='size-1']
sizeSelect len 0
cartButton len 2
att nashi
-----------------------------
https://www.berluti.com/ja-jp/jagua-reza-poketto-oganaiza/JAGUA_NEO-JOUR-V1.html?dwvar_JAGUA__NEO-JOUR-V1_color=ML6&to=95#viewtype=grid-view-small&sz=192&to=95&start=1
OPEN
OPEN DONE
OK RETURN
URL PRICE https://www.berluti.com/ja-jp/jagua-reza-poketto-oganaiza/JAGUA_NEO-JOUR-V1.html?dwvar_JAGUA__NEO-JOUR-V1_color=ML6&to=95#viewtype=grid-view-small&sz=192&to=95&start=1 90200
colorCheck len 3
 attval BOREALE
 attval CACAO INTENSO
color found
modal one time skip
key: css val:button[data-select-id='size-1']
sizeSelect len 0
cartButton len 2
att nashi
-----------------------------
https://www.berluti.com/ja-jp/jagua-reza-poketto-oganaiza/JAGUA_NEO-JOUR-V1.html?dwvar_JAGUA__NEO-JOUR-V1_color=F06&to=96#viewtype=grid-view-small&sz=192&to=96&start=1
OPEN
OPEN DONE
OK RETURN
URL PRICE https://www.berluti.com/ja-jp/jagua-reza-poketto-oganaiza/JAGUA_NEO-JOUR-V1.html?dwvar_JAGUA__NEO-JOUR-V1_color=F06&to=96#viewtype=grid-view-small&sz=192&to=96&start=1 90200
colorCheck len 3
 attval BOREALE
 attval CACAO INTENSO
 attval ARANCIO VERMIGLIO
color found
modal one time skip
key: css val:button[data-select-id='size-1']
sizeSelect len 0
cartButton len 2
att nashi
-----------------------------
https://www.berluti.com/ja-jp/jagua-sukurittoreza-kadohoruda/JAGUA_NEO-JOUR-V2.html?dwvar_JAGUA__NEO-JOUR-V2_color=K02&to=97#viewtype=grid-view-small&sz=192&to=97&start=1
OPEN
OPEN DONE
OK RETURN
URL PRICE https://www.berluti.com/ja-jp/jagua-sukurittoreza-kadohoruda/JAGUA_NEO-JOUR-V2.html?dwvar_JAGUA__NEO-JOUR-V2_color=K02&to=97#viewtype=grid-view-small&sz=192&to=97&start=1 99000
colorCheck len 2
 attval NERO GRIGIO
color found
modal one time skip
key: css val:button[data-select-id='size-1']
sizeSelect len 0
cartButton len 2
att nashi
-----------------------------
https://www.berluti.com/ja-jp/jagua-sukurittoreza-kadohoruda/JAGUA_NEO-JOUR-V2.html?dwvar_JAGUA__NEO-JOUR-V2_color=ML6&to=98#viewtype=grid-view-small&sz=192&to=98&start=1
OPEN
OPEN DONE
OK RETURN
URL PRICE https://www.berluti.com/ja-jp/jagua-sukurittoreza-kadohoruda/JAGUA_NEO-JOUR-V2.html?dwvar_JAGUA__NEO-JOUR-V2_color=ML6&to=98#viewtype=grid-view-small&sz=192&to=98&start=1 99000
colorCheck len 2
 attval NERO GRIGIO
 attval CACAO INTENSO
color found
modal one time skip
key: css val:button[data-select-id='size-1']
sizeSelect len 0
cartButton len 2
att nashi
-----------------------------
https://www.berluti.com/ja-jp/itauba-waido-sukurittoreza/ITAUBA_WIDE_NEO-JOUR-V2.html?dwvar_ITAUBA__WIDE__NEO-JOUR-V2_color=BJ3&to=99#viewtype=grid-view-small&sz=192&to=99&start=1
OPEN
OPEN DONE
OK RETURN
URL PRICE https://www.berluti.com/ja-jp/itauba-waido-sukurittoreza/ITAUBA_WIDE_NEO-JOUR-V2.html?dwvar_ITAUBA__WIDE__NEO-JOUR-V2_color=BJ3&to=99#viewtype=grid-view-small&sz=192&to=99&start=1 NOTFOUND
colorCheck len 0
-----------------------------
https://www.berluti.com/ja-jp/itauba-waido-sukurittoreza/ITAUBA_WIDE_NEO-JOUR-V2.html?dwvar_ITAUBA__WIDE__NEO-JOUR-V2_color=ML6&to=100#viewtype=grid-view-small&sz=192&to=100&start=1
OPEN
OPEN DONE
OK RETURN
URL PRICE https://www.berluti.com/ja-jp/itauba-waido-sukurittoreza/ITAUBA_WIDE_NEO-JOUR-V2.html?dwvar_ITAUBA__WIDE__NEO-JOUR-V2_color=ML6&to=100#viewtype=grid-view-small&sz=192&to=100&start=1 NOTFOUND
colorCheck len 0
-----------------------------
https://www.berluti.com/ja-jp/banbu-tetorisu-sukurittoreza-kadohoruda/BAMBOU_TETRIS_NEO-JOUR-V2.html?dwvar_BAMBOU__TETRIS__NEO-JOUR-V2_color=K02&to=101#viewtype=grid-view-small&sz=192&to=101&start=1
OPEN
OPEN DONE
OK RETURN
URL PRICE https://www.berluti.com/ja-jp/banbu-tetorisu-sukurittoreza-kadohoruda/BAMBOU_TETRIS_NEO-JOUR-V2.html?dwvar_BAMBOU__TETRIS__NEO-JOUR-V2_color=K02&to=101#viewtype=grid-view-small&sz=192&to=101&start=1 92400
colorCheck len 2
 attval NERO GRIGIO
color found
modal one time skip
key: css val:button[data-select-id='size-1']
sizeSelect len 0
cartButton len 2
att nashi
-----------------------------
https://www.berluti.com/ja-jp/banbu-tetorisu-sukurittoreza-kadohoruda/BAMBOU_TETRIS_NEO-JOUR-V2.html?dwvar_BAMBOU__TETRIS__NEO-JOUR-V2_color=BJ3&to=102#viewtype=grid-view-small&sz=192&to=102&start=1
OPEN
OPEN DONE
OK RETURN
URL PRICE https://www.berluti.com/ja-jp/banbu-tetorisu-sukurittoreza-kadohoruda/BAMBOU_TETRIS_NEO-JOUR-V2.html?dwvar_BAMBOU__TETRIS__NEO-JOUR-V2_color=BJ3&to=102#viewtype=grid-view-small&sz=192&to=102&start=1 92400
colorCheck len 2
 attval NERO GRIGIO
 attval BLU MINERALE
color found
modal one time skip
key: css val:button[data-select-id='size-1']
sizeSelect len 0
cartButton len 2
att nashi
-----------------------------
https://www.berluti.com/ja-jp/banbu-neo-sukurittosuwaipurezakadohoruda/BAMBOU_NEO-JOUR-V2.html?dwvar_BAMBOU__NEO-JOUR-V2_color=K02&to=103#viewtype=grid-view-small&sz=192&to=103&start=1
OPEN
OPEN DONE
OK RETURN
URL PRICE https://www.berluti.com/ja-jp/banbu-neo-sukurittosuwaipurezakadohoruda/BAMBOU_NEO-JOUR-V2.html?dwvar_BAMBOU__NEO-JOUR-V2_color=K02&to=103#viewtype=grid-view-small&sz=192&to=103&start=1 68200
colorCheck len 5
 attval NERO GRIGIO
color found
modal one time skip
key: css val:button[data-select-id='size-1']
sizeSelect len 0
cartButton len 2
att nashi
-----------------------------
https://www.berluti.com/ja-jp/banbu-neo-sukurittosuwaipurezakadohoruda/BAMBOU_NEO-JOUR-V2.html?dwvar_BAMBOU__NEO-JOUR-V2_color=ML6&to=104#viewtype=grid-view-small&sz=192&to=104&start=1
OPEN
OPEN DONE
OK RETURN
URL PRICE https://www.berluti.com/ja-jp/banbu-neo-sukurittosuwaipurezakadohoruda/BAMBOU_NEO-JOUR-V2.html?dwvar_BAMBOU__NEO-JOUR-V2_color=ML6&to=104#viewtype=grid-view-small&sz=192&to=104&start=1 68200
colorCheck len 5
 attval NERO GRIGIO
 attval CACAO INTENSO
color found
modal one time skip
key: css val:button[data-select-id='size-1']
sizeSelect len 0
cartButton len 2
att nashi
-----------------------------
https://www.berluti.com/ja-jp/banbu-neo-sukurittosuwaipurezakadohoruda/BAMBOU_NEO-JOUR-V2.html?dwvar_BAMBOU__NEO-JOUR-V2_color=G02&to=105#viewtype=grid-view-small&sz=192&to=105&start=1
OPEN
OPEN DONE
OK RETURN
URL PRICE https://www.berluti.com/ja-jp/banbu-neo-sukurittosuwaipurezakadohoruda/BAMBOU_NEO-JOUR-V2.html?dwvar_BAMBOU__NEO-JOUR-V2_color=G02&to=105#viewtype=grid-view-small&sz=192&to=105&start=1 68200
colorCheck len 5
 attval NERO GRIGIO
 attval CACAO INTENSO
 attval LIGHT SAINT EMILION
 attval NERO CAVIAR
color found
modal one time skip
key: css val:button[data-select-id='size-1']
sizeSelect len 0
cartButton len 2
att nashi
-----------------------------
https://www.berluti.com/ja-jp/banbu-neo-sukurittosuwaipurezakadohoruda/BAMBOU_NEO-JOUR-V2.html?dwvar_BAMBOU__NEO-JOUR-V2_color=R78&to=106#viewtype=grid-view-small&sz=192&to=106&start=1
OPEN
OPEN DONE
OK RETURN
URL PRICE https://www.berluti.com/ja-jp/banbu-neo-sukurittosuwaipurezakadohoruda/BAMBOU_NEO-JOUR-V2.html?dwvar_BAMBOU__NEO-JOUR-V2_color=R78&to=106#viewtype=grid-view-small&sz=192&to=106&start=1 68200
colorCheck len 5
 attval NERO GRIGIO
 attval CACAO INTENSO
 attval LIGHT SAINT EMILION
color found
modal one time skip
key: css val:button[data-select-id='size-1']
sizeSelect len 0
cartButton len 2
att nashi
-----------------------------
https://www.berluti.com/ja-jp/inbuia-sukurittoreza-kadohoruda/IMBUIA_NEO-JOUR-V2.html?dwvar_IMBUIA__NEO-JOUR-V2_color=K02&to=107#viewtype=grid-view-small&sz=192&to=107&start=1
OPEN
OPEN DONE
OK RETURN
URL PRICE https://www.berluti.com/ja-jp/inbuia-sukurittoreza-kadohoruda/IMBUIA_NEO-JOUR-V2.html?dwvar_IMBUIA__NEO-JOUR-V2_color=K02&to=107#viewtype=grid-view-small&sz=192&to=107&start=1 NOTFOUND
colorCheck len 0
-----------------------------
https://www.berluti.com/ja-jp/inbuia-sukurittoreza-kadohoruda/IMBUIA_NEO-JOUR-V2.html?dwvar_IMBUIA__NEO-JOUR-V2_color=ML6&to=108#viewtype=grid-view-small&sz=192&to=108&start=1
OPEN
OPEN DONE
OK RETURN
URL PRICE https://www.berluti.com/ja-jp/inbuia-sukurittoreza-kadohoruda/IMBUIA_NEO-JOUR-V2.html?dwvar_IMBUIA__NEO-JOUR-V2_color=ML6&to=108#viewtype=grid-view-small&sz=192&to=108&start=1 NOTFOUND
colorCheck len 0
-----------------------------
https://www.berluti.com/ja-jp/figyua-sukurittoreza-konpakutou-oretto/FIGURE_NEO-JOUR-V2.html?dwvar_FIGURE__NEO-JOUR-V2_color=K02&to=109#viewtype=grid-view-small&sz=192&to=109&start=1
OPEN
OPEN DONE
OK RETURN
URL PRICE https://www.berluti.com/ja-jp/figyua-sukurittoreza-konpakutou-oretto/FIGURE_NEO-JOUR-V2.html?dwvar_FIGURE__NEO-JOUR-V2_color=K02&to=109#viewtype=grid-view-small&sz=192&to=109&start=1 124300
colorCheck len 2
 attval NERO GRIGIO
color found
modal one time skip
key: css val:button[data-select-id='size-1']
sizeSelect len 0
cartButton len 2
att nashi
-----------------------------
https://www.berluti.com/ja-jp/figyua-sukurittoreza-konpakutou-oretto/FIGURE_NEO-JOUR-V2.html?dwvar_FIGURE__NEO-JOUR-V2_color=ML6&to=110#viewtype=grid-view-small&sz=192&to=110&start=1
OPEN
OPEN DONE
OK RETURN
URL PRICE https://www.berluti.com/ja-jp/figyua-sukurittoreza-konpakutou-oretto/FIGURE_NEO-JOUR-V2.html?dwvar_FIGURE__NEO-JOUR-V2_color=ML6&to=110#viewtype=grid-view-small&sz=192&to=110&start=1 124300
colorCheck len 2
 attval NERO GRIGIO
 attval CACAO INTENSO
color found
modal one time skip
key: css val:button[data-select-id='size-1']
sizeSelect len 0
cartButton len 2
att nashi
-----------------------------
https://www.berluti.com/ja-jp/esukaru-towaru-marubufu-pasupotohoruda/ESCALE_NEO-TOILE_MARBEUF-T19.html?dwvar_ESCALE__NEO-TOILE__MARBEUF-T19_color=MO5&to=111#viewtype=grid-view-small&sz=192&to=111&start=1
OPEN
OPEN DONE
OK RETURN
URL PRICE https://www.berluti.com/ja-jp/esukaru-towaru-marubufu-pasupotohoruda/ESCALE_NEO-TOILE_MARBEUF-T19.html?dwvar_ESCALE__NEO-TOILE__MARBEUF-T19_color=MO5&to=111#viewtype=grid-view-small&sz=192&to=111&start=1 NOTFOUND
colorCheck len 0
-----------------------------
https://www.berluti.com/ja-jp/makore-2in1-sukurittoreza-u-oretto/MAKORE_2IN1_NEO-JOUR-V2.html?dwvar_MAKORE__2IN1__NEO-JOUR-V2_color=ML6&to=112#viewtype=grid-view-small&sz=192&to=112&start=1
OPEN
OPEN DONE
OK RETURN
URL PRICE https://www.berluti.com/ja-jp/makore-2in1-sukurittoreza-u-oretto/MAKORE_2IN1_NEO-JOUR-V2.html?dwvar_MAKORE__2IN1__NEO-JOUR-V2_color=ML6&to=112#viewtype=grid-view-small&sz=192&to=112&start=1 161700
colorCheck len 1
 attval CACAO INTENSO
color found
modal one time skip
key: css val:button[data-select-id='size-1']
sizeSelect len 0
cartButton len 2
att nashi
-----------------------------
https://www.berluti.com/ja-jp/juru-sukurittoreza-manekurippu/MC004-V2.html?dwvar_MC004-V2_color=ML6&to=113#viewtype=grid-view-small&sz=192&to=113&start=1
OPEN
OPEN DONE
OK RETURN
URL PRICE https://www.berluti.com/ja-jp/juru-sukurittoreza-manekurippu/MC004-V2.html?dwvar_MC004-V2_color=ML6&to=113#viewtype=grid-view-small&sz=192&to=113&start=1 60500
colorCheck len 1
 attval CACAO INTENSO
color found
modal one time skip
key: css val:button[data-select-id='size-1']
sizeSelect len 0
cartButton len 0
zaiko 0 x1
cartButton2 len 0
zaiko 0 2x1
-----------------------------
https://www.berluti.com/ja-jp/vu-enechia-appuru-u-otchi-buresuretto/APPLE_WATCH_BRACELET-VENEZIA-V2.html?dwvar_APPLE__WATCH__BRACELET-VENEZIA-V2_color=M10&to=114#viewtype=grid-view-small&sz=192&to=114&start=1
OPEN
OPEN DONE
OK RETURN
URL PRICE https://www.berluti.com/ja-jp/vu-enechia-appuru-u-otchi-buresuretto/APPLE_WATCH_BRACELET-VENEZIA-V2.html?dwvar_APPLE__WATCH__BRACELET-VENEZIA-V2_color=M10&to=114#viewtype=grid-view-small&sz=192&to=114&start=1 NOTFOUND
colorCheck len 0
-----------------------------
https://www.berluti.com/ja-jp/vu-enechia-appuru-u-otchi-buresuretto/APPLE_WATCH_BRACELET-VENEZIA-V2.html?dwvar_APPLE__WATCH__BRACELET-VENEZIA-V2_color=MH2&to=115#viewtype=grid-view-small&sz=192&to=115&start=1
OPEN
OPEN DONE
OK RETURN
URL PRICE https://www.berluti.com/ja-jp/vu-enechia-appuru-u-otchi-buresuretto/APPLE_WATCH_BRACELET-VENEZIA-V2.html?dwvar_APPLE__WATCH__BRACELET-VENEZIA-V2_color=MH2&to=115#viewtype=grid-view-small&sz=192&to=115&start=1 NOTFOUND
colorCheck len 0
-----------------------------
https://www.berluti.com/ja-jp/inbuia-guradianto-sukurittoreza-kadohoruda/IMBUIA_NEO_GRADIANT-JOUR-V2.html?dwvar_IMBUIA__NEO__GRADIANT-JOUR-V2_color=Y23&to=116#viewtype=grid-view-small&sz=192&to=116&start=1
OPEN
OPEN DONE
OK RETURN
URL PRICE https://www.berluti.com/ja-jp/inbuia-guradianto-sukurittoreza-kadohoruda/IMBUIA_NEO_GRADIANT-JOUR-V2.html?dwvar_IMBUIA__NEO__GRADIANT-JOUR-V2_color=Y23&to=116#viewtype=grid-view-small&sz=192&to=116&start=1 108900
colorCheck len 2
 attval ST EMILION & CACAO INTENSO
 attval MIRAGGIO
color found
modal one time skip
key: css val:button[data-select-id='size-1']
sizeSelect len 0
cartButton len 2
att nashi
-----------------------------
https://www.berluti.com/ja-jp/makore-towaru-marubufu-u-oretto/MAKORE_NEO-TOILE_MARBEUF-T19.html?dwvar_MAKORE__NEO-TOILE__MARBEUF-T19_color=MO5&to=117#viewtype=grid-view-small&sz=192&to=117&start=1
OPEN
OPEN DONE
OK RETURN
URL PRICE https://www.berluti.com/ja-jp/makore-towaru-marubufu-u-oretto/MAKORE_NEO-TOILE_MARBEUF-T19.html?dwvar_MAKORE__NEO-TOILE__MARBEUF-T19_color=MO5&to=117#viewtype=grid-view-small&sz=192&to=117&start=1 NOTFOUND
colorCheck len 0
-----------------------------
https://www.berluti.com/ja-jp/itauba-neo-sukuritto-reza-rongu-jippu-fuki-u-oretto/ITAUBA_NEO-JOUR-V2.html?dwvar_ITAUBA__NEO-JOUR-V2_color=KE4&to=118#viewtype=grid-view-small&sz=192&to=118&start=1
OPEN
OPEN DONE
OK RETURN
URL PRICE https://www.berluti.com/ja-jp/itauba-neo-sukuritto-reza-rongu-jippu-fuki-u-oretto/ITAUBA_NEO-JOUR-V2.html?dwvar_ITAUBA__NEO-JOUR-V2_color=KE4&to=118#viewtype=grid-view-small&sz=192&to=118&start=1 NOTFOUND
colorCheck len 0
-----------------------------
https://www.berluti.com/ja-jp/buna-sukurittoreza-kadohoruda/BUNA-JOUR-V29.html?dwvar_BUNA-JOUR-V29_color=K02&to=119#viewtype=grid-view-small&sz=192&to=119&start=1
OPEN
OPEN DONE
OK RETURN
URL PRICE https://www.berluti.com/ja-jp/buna-sukurittoreza-kadohoruda/BUNA-JOUR-V29.html?dwvar_BUNA-JOUR-V29_color=K02&to=119#viewtype=grid-view-small&sz=192&to=119&start=1 127600
colorCheck len 1
 attval NERO GRIGIO
color found
modal one time skip
key: css val:button[data-select-id='size-1']
sizeSelect len 0
cartButton len 2
att nashi
-----------------------------
https://www.berluti.com/ja-jp/itauba-neo-sukuritto-reza-rongu-jippu-fuki-u-oretto/ITAUBA_NEO-JOUR-V2.html?dwvar_ITAUBA__NEO-JOUR-V2_color=J10&to=120#viewtype=grid-view-small&sz=192&to=120&start=1
OPEN
OPEN DONE
OK RETURN
URL PRICE https://www.berluti.com/ja-jp/itauba-neo-sukuritto-reza-rongu-jippu-fuki-u-oretto/ITAUBA_NEO-JOUR-V2.html?dwvar_ITAUBA__NEO-JOUR-V2_color=J10&to=120#viewtype=grid-view-small&sz=192&to=120&start=1 NOTFOUND
colorCheck len 0
-----------------------------
https://www.berluti.com/ja-jp/wapa-guradianto-sukurittoreza-koinpasu/WAPA_NEO_GRADIANT-JOUR_GRADIANT-VX.html?dwvar_WAPA__NEO__GRADIANT-JOUR__GRADIANT-VX_color=MS3&to=121#viewtype=grid-view-small&sz=192&to=121&start=1
OPEN
OPEN DONE
OK RETURN
URL PRICE https://www.berluti.com/ja-jp/wapa-guradianto-sukurittoreza-koinpasu/WAPA_NEO_GRADIANT-JOUR_GRADIANT-VX.html?dwvar_WAPA__NEO__GRADIANT-JOUR__GRADIANT-VX_color=MS3&to=121#viewtype=grid-view-small&sz=192&to=121&start=1 133100
colorCheck len 1
 attval MADURO
color found
modal one time skip
key: css val:button[data-select-id='size-1']
sizeSelect len 0
cartButton len 2
att nashi
-----------------------------
https://www.berluti.com/ja-jp/itauba-waido-guradianto-sukurittoreza-jippupochi/ITAUBA_WIDE_GRADIANT-JOUR_GRADIANT-VX.html?dwvar_ITAUBA__WIDE__GRADIANT-JOUR__GRADIANT-VX_color=K66&to=122#viewtype=grid-view-small&sz=192&to=122&start=1
OPEN
OPEN DONE
OK RETURN
URL PRICE https://www.berluti.com/ja-jp/itauba-waido-guradianto-sukurittoreza-jippupochi/ITAUBA_WIDE_GRADIANT-JOUR_GRADIANT-VX.html?dwvar_ITAUBA__WIDE__GRADIANT-JOUR__GRADIANT-VX_color=K66&to=122#viewtype=grid-view-small&sz=192&to=122&start=1 345400
colorCheck len 1
 attval GREY FLANEL
color found
modal one time skip
key: css val:button[data-select-id='size-1']
sizeSelect len 0
cartButton len 2
att nashi
-----------------------------
https://www.berluti.com/ja-jp/itauba-neo-sukuritto-reza-rongu-jippu-fuki-u-oretto/ITAUBA_NEO-JOUR-V2.html?dwvar_ITAUBA__NEO-JOUR-V2_color=KM7&to=123#viewtype=grid-view-small&sz=192&to=123&start=1
OPEN
OPEN DONE
OK RETURN
URL PRICE https://www.berluti.com/ja-jp/itauba-neo-sukuritto-reza-rongu-jippu-fuki-u-oretto/ITAUBA_NEO-JOUR-V2.html?dwvar_ITAUBA__NEO-JOUR-V2_color=KM7&to=123#viewtype=grid-view-small&sz=192&to=123&start=1 NOTFOUND
colorCheck len 0
-----------------------------
https://www.berluti.com/ja-jp/santaru-sukurittoreza-jippuronguu-oretto/SANTAL_NEO-JOUR-V2.html?dwvar_SANTAL__NEO-JOUR-V2_color=J10&to=124#viewtype=grid-view-small&sz=192&to=124&start=1
OPEN
OPEN DONE
OK RETURN
URL PRICE https://www.berluti.com/ja-jp/santaru-sukurittoreza-jippuronguu-oretto/SANTAL_NEO-JOUR-V2.html?dwvar_SANTAL__NEO-JOUR-V2_color=J10&to=124#viewtype=grid-view-small&sz=192&to=124&start=1 174900
colorCheck len 2
 attval NERO GRIGIO
 attval CACAO INTENSO
color check 一致なし zaiko 0
modal one time skip
key: css val:button[data-select-id='size-1']
sizeSelect len 0
cartButton len 2
att nashi
zaiko 0 x3
-----------------------------
https://www.berluti.com/ja-jp/esupasu-sukurittoreza-ronguu-oretto/ESPACE_NEO-JOUR-V2.html?dwvar_ESPACE__NEO-JOUR-V2_color=BJ3&to=125#viewtype=grid-view-small&sz=192&to=125&start=1
OPEN
OPEN DONE
OK RETURN
URL PRICE https://www.berluti.com/ja-jp/esupasu-sukurittoreza-ronguu-oretto/ESPACE_NEO-JOUR-V2.html?dwvar_ESPACE__NEO-JOUR-V2_color=BJ3&to=125#viewtype=grid-view-small&sz=192&to=125&start=1 174900
colorCheck len 3
 attval NERO GRIGIO
 attval CACAO INTENSO
 attval BLU MINERALE
color found
modal one time skip
key: css val:button[data-select-id='size-1']
sizeSelect len 0
cartButton len 2
att nashi
-----------------------------
https://www.berluti.com/ja-jp/itauba-neo-sukuritto-reza-rongu-jippu-fuki-u-oretto/ITAUBA_NEO-JOUR-V2.html?dwvar_ITAUBA__NEO-JOUR-V2_color=KE5&to=126#viewtype=grid-view-small&sz=192&to=126&start=1
OPEN
OPEN DONE
OK RETURN
URL PRICE https://www.berluti.com/ja-jp/itauba-neo-sukuritto-reza-rongu-jippu-fuki-u-oretto/ITAUBA_NEO-JOUR-V2.html?dwvar_ITAUBA__NEO-JOUR-V2_color=KE5&to=126#viewtype=grid-view-small&sz=192&to=126&start=1 NOTFOUND
colorCheck len 0
-----------------------------
https://www.berluti.com/ja-jp/itauba-neo-sukuritto-reza-rongu-jippu-fuki-u-oretto/ITAUBA_NEO-JOUR-V2.html?dwvar_ITAUBA__NEO-JOUR-V2_color=J12&to=127#viewtype=grid-view-small&sz=192&to=127&start=1
OPEN
OPEN DONE
OK RETURN
URL PRICE https://www.berluti.com/ja-jp/itauba-neo-sukuritto-reza-rongu-jippu-fuki-u-oretto/ITAUBA_NEO-JOUR-V2.html?dwvar_ITAUBA__NEO-JOUR-V2_color=J12&to=127#viewtype=grid-view-small&sz=192&to=127&start=1 NOTFOUND
colorCheck len 0
-----------------------------
https://www.berluti.com/ja-jp/itauba-neo-sukuritto-reza-rongu-jippu-fuki-u-oretto/ITAUBA_NEO-JOUR-V2.html?dwvar_ITAUBA__NEO-JOUR-V2_color=J20&to=128#viewtype=grid-view-small&sz=192&to=128&start=1
OPEN
OPEN DONE
OK RETURN
URL PRICE https://www.berluti.com/ja-jp/itauba-neo-sukuritto-reza-rongu-jippu-fuki-u-oretto/ITAUBA_NEO-JOUR-V2.html?dwvar_ITAUBA__NEO-JOUR-V2_color=J20&to=128#viewtype=grid-view-small&sz=192&to=128&start=1 NOTFOUND
colorCheck len 0
-----------------------------
https://www.berluti.com/ja-jp/figyua-sukurittoreza-konpakutou-oretto/FIGURE_NEO-JOUR-V2.html?dwvar_FIGURE__NEO-JOUR-V2_color=KM7&to=129#viewtype=grid-view-small&sz=192&to=129&start=1
OPEN
OPEN DONE
OK RETURN
URL PRICE https://www.berluti.com/ja-jp/figyua-sukurittoreza-konpakutou-oretto/FIGURE_NEO-JOUR-V2.html?dwvar_FIGURE__NEO-JOUR-V2_color=KM7&to=129#viewtype=grid-view-small&sz=192&to=129&start=1 124300
colorCheck len 2
 attval NERO GRIGIO
 attval CACAO INTENSO
color check 一致なし zaiko 0
modal one time skip
key: css val:button[data-select-id='size-1']
sizeSelect len 0
cartButton len 2
att nashi
zaiko 0 x3
-----------------------------
https://www.berluti.com/ja-jp/inbuia-sukurittoreza-kadohoruda/IMBUIA_NEO-JOUR-V2.html?dwvar_IMBUIA__NEO-JOUR-V2_color=J10&to=130#viewtype=grid-view-small&sz=192&to=130&start=1
OPEN
OPEN DONE
OK RETURN
URL PRICE https://www.berluti.com/ja-jp/inbuia-sukurittoreza-kadohoruda/IMBUIA_NEO-JOUR-V2.html?dwvar_IMBUIA__NEO-JOUR-V2_color=J10&to=130#viewtype=grid-view-small&sz=192&to=130&start=1 NOTFOUND
colorCheck len 0
-----------------------------
https://www.berluti.com/ja-jp/santaru-sukurittoreza-jippuronguu-oretto/SANTAL_NEO-JOUR-V2.html?dwvar_SANTAL__NEO-JOUR-V2_color=KE4&to=131#viewtype=grid-view-small&sz=192&to=131&start=1
OPEN
OPEN DONE
OK RETURN
URL PRICE https://www.berluti.com/ja-jp/santaru-sukurittoreza-jippuronguu-oretto/SANTAL_NEO-JOUR-V2.html?dwvar_SANTAL__NEO-JOUR-V2_color=KE4&to=131#viewtype=grid-view-small&sz=192&to=131&start=1 174900
colorCheck len 2
 attval NERO GRIGIO
 attval CACAO INTENSO
color check 一致なし zaiko 0
modal one time skip
key: css val:button[data-select-id='size-1']
sizeSelect len 0
cartButton len 2
att nashi
zaiko 0 x3
-----------------------------
https://www.berluti.com/ja-jp/terushio-reza-oruinwan/TERSIO_NEO-JOUR-V2.html?dwvar_TERSIO__NEO-JOUR-V2_color=MR5&to=132#viewtype=grid-view-small&sz=192&to=132&start=1
OPEN
OPEN DONE
OK RETURN
URL PRICE https://www.berluti.com/ja-jp/terushio-reza-oruinwan/TERSIO_NEO-JOUR-V2.html?dwvar_TERSIO__NEO-JOUR-V2_color=MR5&to=132#viewtype=grid-view-small&sz=192&to=132&start=1 324500
colorCheck len 5
 attval MADURO
 attval CREPUSCULO
 attval NERO GRIGIO
 attval JUNGLE GREEN
 attval LEGNO BRUCIATO
color found
modal one time skip
key: css val:button[data-select-id='size-1']
sizeSelect len 0
cartButton len 2
att nashi
-----------------------------
https://www.berluti.com/ja-jp/inbuia-sukurittoreza-kadohoruda/IMBUIA_NEO-JOUR-V2.html?dwvar_IMBUIA__NEO-JOUR-V2_color=KE4&to=133#viewtype=grid-view-small&sz=192&to=133&start=1
OPEN
OPEN DONE
OK RETURN
URL PRICE https://www.berluti.com/ja-jp/inbuia-sukurittoreza-kadohoruda/IMBUIA_NEO-JOUR-V2.html?dwvar_IMBUIA__NEO-JOUR-V2_color=KE4&to=133#viewtype=grid-view-small&sz=192&to=133&start=1 NOTFOUND
colorCheck len 0
-----------------------------
https://www.berluti.com/ja-jp/inbuia-sukurittoreza-kadohoruda/IMBUIA_NEO-JOUR-V2.html?dwvar_IMBUIA__NEO-JOUR-V2_color=KE5&to=134#viewtype=grid-view-small&sz=192&to=134&start=1
OPEN
OPEN DONE
OK RETURN
URL PRICE https://www.berluti.com/ja-jp/inbuia-sukurittoreza-kadohoruda/IMBUIA_NEO-JOUR-V2.html?dwvar_IMBUIA__NEO-JOUR-V2_color=KE5&to=134#viewtype=grid-view-small&sz=192&to=134&start=1 NOTFOUND
colorCheck len 0
-----------------------------
https://www.berluti.com/ja-jp/santaru-sukurittoreza-jippuronguu-oretto/SANTAL_NEO-JOUR-V2.html?dwvar_SANTAL__NEO-JOUR-V2_color=KE5&to=135#viewtype=grid-view-small&sz=192&to=135&start=1
OPEN
OPEN DONE
OK RETURN
URL PRICE https://www.berluti.com/ja-jp/santaru-sukurittoreza-jippuronguu-oretto/SANTAL_NEO-JOUR-V2.html?dwvar_SANTAL__NEO-JOUR-V2_color=KE5&to=135#viewtype=grid-view-small&sz=192&to=135&start=1 174900
colorCheck len 2
 attval NERO GRIGIO
 attval CACAO INTENSO
color check 一致なし zaiko 0
modal one time skip
key: css val:button[data-select-id='size-1']
sizeSelect len 0
cartButton len 2
att nashi
zaiko 0 x3
-----------------------------
https://www.berluti.com/ja-jp/figyua-sukurittoreza-konpakutou-oretto/FIGURE_NEO-JOUR-V2.html?dwvar_FIGURE__NEO-JOUR-V2_color=KE5&to=136#viewtype=grid-view-small&sz=192&to=136&start=1
OPEN
OPEN DONE
OK RETURN
URL PRICE https://www.berluti.com/ja-jp/figyua-sukurittoreza-konpakutou-oretto/FIGURE_NEO-JOUR-V2.html?dwvar_FIGURE__NEO-JOUR-V2_color=KE5&to=136#viewtype=grid-view-small&sz=192&to=136&start=1 124300
colorCheck len 2
 attval NERO GRIGIO
 attval CACAO INTENSO
color check 一致なし zaiko 0
modal one time skip
key: css val:button[data-select-id='size-1']
sizeSelect len 0
cartButton len 2
att nashi
zaiko 0 x3
-----------------------------
https://www.berluti.com/ja-jp/vu-enechia-appuru-u-otchi-buresuretto/APPLE_WATCH_BRACELET-VENEZIA-V2.html?dwvar_APPLE__WATCH__BRACELET-VENEZIA-V2_color=B07&to=137#viewtype=grid-view-small&sz=192&to=137&start=1
OPEN
OPEN DONE
OK RETURN
URL PRICE https://www.berluti.com/ja-jp/vu-enechia-appuru-u-otchi-buresuretto/APPLE_WATCH_BRACELET-VENEZIA-V2.html?dwvar_APPLE__WATCH__BRACELET-VENEZIA-V2_color=B07&to=137#viewtype=grid-view-small&sz=192&to=137&start=1 NOTFOUND
colorCheck len 0
-----------------------------
https://www.berluti.com/ja-jp/ete-yui-do-u-vu-oyaju-towaru-marubufu-toraberupochi/ETUI_DE_VOYAGE-TOILE_MARBEUF-T19.html?dwvar_ETUI__DE__VOYAGE-TOILE__MARBEUF-T19_color=MO5&to=138#viewtype=grid-view-small&sz=192&to=138&start=1
OPEN
OPEN DONE
OK RETURN
URL PRICE https://www.berluti.com/ja-jp/ete-yui-do-u-vu-oyaju-towaru-marubufu-toraberupochi/ETUI_DE_VOYAGE-TOILE_MARBEUF-T19.html?dwvar_ETUI__DE__VOYAGE-TOILE__MARBEUF-T19_color=MO5&to=138#viewtype=grid-view-small&sz=192&to=138&start=1 NOTFOUND
colorCheck len 0
-----------------------------
https://www.berluti.com/ja-jp/figyua-sukurittoreza-konpakutou-oretto/FIGURE_NEO-JOUR-V2.html?dwvar_FIGURE__NEO-JOUR-V2_color=KE4&to=139#viewtype=grid-view-small&sz=192&to=139&start=1
OPEN
OPEN DONE
OK RETURN
URL PRICE https://www.berluti.com/ja-jp/figyua-sukurittoreza-konpakutou-oretto/FIGURE_NEO-JOUR-V2.html?dwvar_FIGURE__NEO-JOUR-V2_color=KE4&to=139#viewtype=grid-view-small&sz=192&to=139&start=1 124300
colorCheck len 2
 attval NERO GRIGIO
 attval CACAO INTENSO
color check 一致なし zaiko 0
modal one time skip
key: css val:button[data-select-id='size-1']
sizeSelect len 0
cartButton len 2
att nashi
zaiko 0 x3
-----------------------------
https://www.berluti.com/ja-jp/itauba-waido-sukurittoreza/ITAUBA_WIDE_NEO-JOUR-V2.html?dwvar_ITAUBA__WIDE__NEO-JOUR-V2_color=J10&to=140#viewtype=grid-view-small&sz=192&to=140&start=1
OPEN
OPEN DONE
OK RETURN
URL PRICE https://www.berluti.com/ja-jp/itauba-waido-sukurittoreza/ITAUBA_WIDE_NEO-JOUR-V2.html?dwvar_ITAUBA__WIDE__NEO-JOUR-V2_color=J10&to=140#viewtype=grid-view-small&sz=192&to=140&start=1 NOTFOUND
colorCheck len 0
-----------------------------
https://www.berluti.com/ja-jp/itauba-waido-sukurittoreza/ITAUBA_WIDE_NEO-JOUR-V2.html?dwvar_ITAUBA__WIDE__NEO-JOUR-V2_color=J12&to=141#viewtype=grid-view-small&sz=192&to=141&start=1
OPEN
OPEN DONE
OK RETURN
URL PRICE https://www.berluti.com/ja-jp/itauba-waido-sukurittoreza/ITAUBA_WIDE_NEO-JOUR-V2.html?dwvar_ITAUBA__WIDE__NEO-JOUR-V2_color=J12&to=141#viewtype=grid-view-small&sz=192&to=141&start=1 NOTFOUND
colorCheck len 0
-----------------------------
https://www.berluti.com/ja-jp/notobukkurefirua-5/REFILL_NOTEBOOK_A5_II.html?dwvar_REFILL__NOTEBOOK__A5__II_color=K01&to=142#viewtype=grid-view-small&sz=192&to=142&start=1
OPEN
OPEN DONE
OK RETURN
URL PRICE https://www.berluti.com/ja-jp/notobukkurefirua-5/REFILL_NOTEBOOK_A5_II.html?dwvar_REFILL__NOTEBOOK__A5__II_color=K01&to=142#viewtype=grid-view-small&sz=192&to=142&start=1 NOTFOUND
colorCheck len 0
-----------------------------
https://www.berluti.com/ja-jp/inbuia-sukurittoreza-kadohoruda/IMBUIA_NEO-JOUR-V2.html?dwvar_IMBUIA__NEO-JOUR-V2_color=J12&to=143#viewtype=grid-view-small&sz=192&to=143&start=1
OPEN
OPEN DONE
OK RETURN
URL PRICE https://www.berluti.com/ja-jp/inbuia-sukurittoreza-kadohoruda/IMBUIA_NEO-JOUR-V2.html?dwvar_IMBUIA__NEO-JOUR-V2_color=J12&to=143#viewtype=grid-view-small&sz=192&to=143&start=1 NOTFOUND
colorCheck len 0
-----------------------------
https://www.berluti.com/ja-jp/figyua-sukurittoreza-konpakutou-oretto/FIGURE_NEO-JOUR-V2.html?dwvar_FIGURE__NEO-JOUR-V2_color=J10&to=144#viewtype=grid-view-small&sz=192&to=144&start=1
OPEN
OPEN DONE
OK RETURN
URL PRICE https://www.berluti.com/ja-jp/figyua-sukurittoreza-konpakutou-oretto/FIGURE_NEO-JOUR-V2.html?dwvar_FIGURE__NEO-JOUR-V2_color=J10&to=144#viewtype=grid-view-small&sz=192&to=144&start=1 124300
colorCheck len 2
 attval NERO GRIGIO
 attval CACAO INTENSO
color check 一致なし zaiko 0
modal one time skip
key: css val:button[data-select-id='size-1']
sizeSelect len 0
cartButton len 2
att nashi
zaiko 0 x3
-----------------------------
https://www.berluti.com/ja-jp/sukurittoreza-airpods-prokesu/AIRPODS_PRO_CASE-SCRITTO-V2.html?dwvar_AIRPODS__PRO__CASE-SCRITTO-V2_color=G27&to=145#viewtype=grid-view-small&sz=192&to=145&start=1
OPEN
OPEN DONE
OK RETURN
URL PRICE https://www.berluti.com/ja-jp/sukurittoreza-airpods-prokesu/AIRPODS_PRO_CASE-SCRITTO-V2.html?dwvar_AIRPODS__PRO__CASE-SCRITTO-V2_color=G27&to=145#viewtype=grid-view-small&sz=192&to=145&start=1 NOTFOUND
colorCheck len 0
-----------------------------
https://www.berluti.com/ja-jp/sukurittoreza-1ben-yongu-otchikesu/WATCH_CASE_1_NEO-SCRITTO-V2.html?dwvar_WATCH__CASE__1__NEO-SCRITTO-V2_color=ML6&to=146#viewtype=grid-view-small&sz=192&to=146&start=1
OPEN
OPEN DONE
OK RETURN
URL PRICE https://www.berluti.com/ja-jp/sukurittoreza-1ben-yongu-otchikesu/WATCH_CASE_1_NEO-SCRITTO-V2.html?dwvar_WATCH__CASE__1__NEO-SCRITTO-V2_color=ML6&to=146#viewtype=grid-view-small&sz=192&to=146&start=1 177100
colorCheck len 2
 attval NERO CAVIAR
 attval ARANCIO VERMIGLIO
color check 一致なし zaiko 0
modal one time skip
key: css val:button[data-select-id='size-1']
sizeSelect len 0
cartButton len 2
att nashi
zaiko 0 x3
-----------------------------
https://www.berluti.com/ja-jp/sukurittoreza-3ben-yongu-otchikesu/WATCH_CASE_3_NEO-SCRITTO_SWIPE-V2.html?dwvar_WATCH__CASE__3__NEO-SCRITTO__SWIPE-V2_color=ML6&to=147#viewtype=grid-view-small&sz=192&to=147&start=1
OPEN
OPEN DONE
OK RETURN
URL PRICE https://www.berluti.com/ja-jp/sukurittoreza-3ben-yongu-otchikesu/WATCH_CASE_3_NEO-SCRITTO_SWIPE-V2.html?dwvar_WATCH__CASE__3__NEO-SCRITTO__SWIPE-V2_color=ML6&to=147#viewtype=grid-view-small&sz=192&to=147&start=1 290400
colorCheck len 2
 attval SANDSTORM
 attval BLU MINERALE
color check 一致なし zaiko 0
modal one time skip
key: css val:button[data-select-id='size-1']
sizeSelect len 0
cartButton len 0
zaiko 0 x1
cartButton2 len 0
zaiko 0 2x1
zaiko 0 x3
-----------------------------
https://www.berluti.com/ja-jp/sukuritto-reza-2-shiga-kesu/CIGAR_CASE_2_NEO-V2.html?dwvar_CIGAR__CASE__2__NEO-V2_color=ML6&to=148#viewtype=grid-view-small&sz=192&to=148&start=1
OPEN
OPEN DONE
OK RETURN
URL PRICE https://www.berluti.com/ja-jp/sukuritto-reza-2-shiga-kesu/CIGAR_CASE_2_NEO-V2.html?dwvar_CIGAR__CASE__2__NEO-V2_color=ML6&to=148#viewtype=grid-view-small&sz=192&to=148&start=1 190300
colorCheck len 3
 attval CACAO INTENSO
color found
modal one time skip
key: css val:button[data-select-id='size-1']
sizeSelect len 0
cartButton len 2
att nashi
-----------------------------
https://www.berluti.com/ja-jp/sukuritto-reza-4-shiga-kesu/CIGAR_CASE_4_NEO-V2.html?dwvar_CIGAR__CASE__4__NEO-V2_color=BJ3&to=149#viewtype=grid-view-small&sz=192&to=149&start=1
OPEN
OPEN DONE
OK RETURN
URL PRICE https://www.berluti.com/ja-jp/sukuritto-reza-4-shiga-kesu/CIGAR_CASE_4_NEO-V2.html?dwvar_CIGAR__CASE__4__NEO-V2_color=BJ3&to=149#viewtype=grid-view-small&sz=192&to=149&start=1 259600
colorCheck len 2
 attval CACAO INTENSO
 attval BLU MINERALE
color found
modal one time skip
key: css val:button[data-select-id='size-1']
sizeSelect len 0
cartButton len 2
att nashi
-----------------------------
https://www.berluti.com/ja-jp/banbu-neo-sukurittosuwaipurezakadohoruda/BAMBOU_NEO-JOUR-V2.html?dwvar_BAMBOU__NEO-JOUR-V2_color=F06&to=150#viewtype=grid-view-small&sz=192&to=150&start=1
OPEN
OPEN DONE
OK RETURN
URL PRICE https://www.berluti.com/ja-jp/banbu-neo-sukurittosuwaipurezakadohoruda/BAMBOU_NEO-JOUR-V2.html?dwvar_BAMBOU__NEO-JOUR-V2_color=F06&to=150#viewtype=grid-view-small&sz=192&to=150&start=1 68200
colorCheck len 5
 attval NERO GRIGIO
 attval CACAO INTENSO
 attval LIGHT SAINT EMILION
 attval NERO CAVIAR
 attval ARANCIO VERMIGLIO
color found
modal one time skip
key: css val:button[data-select-id='size-1']
sizeSelect len 0
cartButton len 2
att nashi
-----------------------------
https://www.berluti.com/ja-jp/santaru-sukurittoreza-jippuronguu-oretto/SANTAL_NEO-JOUR-V2.html?dwvar_SANTAL__NEO-JOUR-V2_color=J12&to=151#viewtype=grid-view-small&sz=192&to=151&start=1
OPEN
OPEN DONE
OK RETURN
URL PRICE https://www.berluti.com/ja-jp/santaru-sukurittoreza-jippuronguu-oretto/SANTAL_NEO-JOUR-V2.html?dwvar_SANTAL__NEO-JOUR-V2_color=J12&to=151#viewtype=grid-view-small&sz=192&to=151&start=1 174900
colorCheck len 2
 attval NERO GRIGIO
 attval CACAO INTENSO
color check 一致なし zaiko 0
modal one time skip
key: css val:button[data-select-id='size-1']
sizeSelect len 0
cartButton len 2
att nashi
zaiko 0 x3
-----------------------------
https://www.berluti.com/ja-jp/sukuritto-reza-2-shiga-kesu/CIGAR_CASE_2_NEO-V2.html?dwvar_CIGAR__CASE__2__NEO-V2_color=F06&to=152#viewtype=grid-view-small&sz=192&to=152&start=1
OPEN
OPEN DONE
OK RETURN
URL PRICE https://www.berluti.com/ja-jp/sukuritto-reza-2-shiga-kesu/CIGAR_CASE_2_NEO-V2.html?dwvar_CIGAR__CASE__2__NEO-V2_color=F06&to=152#viewtype=grid-view-small&sz=192&to=152&start=1 190300
colorCheck len 3
 attval CACAO INTENSO
 attval SANDSTORM
 attval ARANCIO VERMIGLIO
color found
modal one time skip
key: css val:button[data-select-id='size-1']
sizeSelect len 0
cartButton len 2
att nashi
-----------------------------
https://www.berluti.com/ja-jp/sukurittoreza-3ben-yongu-otchikesu/WATCH_CASE_3_NEO-SCRITTO_SWIPE-V2.html?dwvar_WATCH__CASE__3__NEO-SCRITTO__SWIPE-V2_color=BJ3&to=153#viewtype=grid-view-small&sz=192&to=153&start=1
OPEN
OPEN DONE
OK RETURN
URL PRICE https://www.berluti.com/ja-jp/sukurittoreza-3ben-yongu-otchikesu/WATCH_CASE_3_NEO-SCRITTO_SWIPE-V2.html?dwvar_WATCH__CASE__3__NEO-SCRITTO__SWIPE-V2_color=BJ3&to=153#viewtype=grid-view-small&sz=192&to=153&start=1 290400
colorCheck len 2
 attval SANDSTORM
 attval BLU MINERALE
color found
modal one time skip
key: css val:button[data-select-id='size-1']
sizeSelect len 0
cartButton len 0
zaiko 0 x1
cartButton2 len 0
zaiko 0 2x1
-----------------------------
https://www.berluti.com/ja-jp/sukuritto-reza-2-shiga-kesu/CIGAR_CASE_2_NEO-V2.html?dwvar_CIGAR__CASE__2__NEO-V2_color=MQ4&to=154#viewtype=grid-view-small&sz=192&to=154&start=1
OPEN
OPEN DONE
OK RETURN
URL PRICE https://www.berluti.com/ja-jp/sukuritto-reza-2-shiga-kesu/CIGAR_CASE_2_NEO-V2.html?dwvar_CIGAR__CASE__2__NEO-V2_color=MQ4&to=154#viewtype=grid-view-small&sz=192&to=154&start=1 190300
colorCheck len 3
 attval CACAO INTENSO
 attval SANDSTORM
color found
modal one time skip
key: css val:button[data-select-id='size-1']
sizeSelect len 0
cartButton len 2
att nashi
-----------------------------
https://www.berluti.com/ja-jp/sukurittoreza-3ben-yongu-otchikesu/WATCH_CASE_3_NEO-SCRITTO_SWIPE-V2.html?dwvar_WATCH__CASE__3__NEO-SCRITTO__SWIPE-V2_color=B07&to=155#viewtype=grid-view-small&sz=192&to=155&start=1
OPEN
OPEN DONE
OK RETURN
URL PRICE https://www.berluti.com/ja-jp/sukurittoreza-3ben-yongu-otchikesu/WATCH_CASE_3_NEO-SCRITTO_SWIPE-V2.html?dwvar_WATCH__CASE__3__NEO-SCRITTO__SWIPE-V2_color=B07&to=155#viewtype=grid-view-small&sz=192&to=155&start=1 290400
colorCheck len 2
 attval SANDSTORM
 attval BLU MINERALE
color check 一致なし zaiko 0
modal one time skip
key: css val:button[data-select-id='size-1']
sizeSelect len 0
cartButton len 0
zaiko 0 x1
cartButton2 len 0
zaiko 0 2x1
zaiko 0 x3
-----------------------------
https://www.berluti.com/ja-jp/sukurittoreza-1ben-yongu-otchikesu/WATCH_CASE_1_NEO-SCRITTO-V2.html?dwvar_WATCH__CASE__1__NEO-SCRITTO-V2_color=G02&to=156#viewtype=grid-view-small&sz=192&to=156&start=1
OPEN
OPEN DONE
OK RETURN
URL PRICE https://www.berluti.com/ja-jp/sukurittoreza-1ben-yongu-otchikesu/WATCH_CASE_1_NEO-SCRITTO-V2.html?dwvar_WATCH__CASE__1__NEO-SCRITTO-V2_color=G02&to=156#viewtype=grid-view-small&sz=192&to=156&start=1 177100
colorCheck len 2
 attval NERO CAVIAR
color found
modal one time skip
key: css val:button[data-select-id='size-1']
sizeSelect len 0
cartButton len 2
att nashi
-----------------------------
https://www.berluti.com/ja-jp/sukurittoreza-1ben-yongu-otchikesu/WATCH_CASE_1_NEO-SCRITTO-V2.html?dwvar_WATCH__CASE__1__NEO-SCRITTO-V2_color=F06&to=157#viewtype=grid-view-small&sz=192&to=157&start=1
OPEN
OPEN DONE
OK RETURN
URL PRICE https://www.berluti.com/ja-jp/sukurittoreza-1ben-yongu-otchikesu/WATCH_CASE_1_NEO-SCRITTO-V2.html?dwvar_WATCH__CASE__1__NEO-SCRITTO-V2_color=F06&to=157#viewtype=grid-view-small&sz=192&to=157&start=1 177100
colorCheck len 2
 attval NERO CAVIAR
 attval ARANCIO VERMIGLIO
color found
modal one time skip
key: css val:button[data-select-id='size-1']
sizeSelect len 0
cartButton len 2
att nashi
-----------------------------
https://www.berluti.com/ja-jp/figyua-sukurittoreza-konpakutou-oretto/FIGURE_NEO-JOUR-V2.html?dwvar_FIGURE__NEO-JOUR-V2_color=J12&to=158#viewtype=grid-view-small&sz=192&to=158&start=1
OPEN
OPEN DONE
OK RETURN
URL PRICE https://www.berluti.com/ja-jp/figyua-sukurittoreza-konpakutou-oretto/FIGURE_NEO-JOUR-V2.html?dwvar_FIGURE__NEO-JOUR-V2_color=J12&to=158#viewtype=grid-view-small&sz=192&to=158&start=1 124300
colorCheck len 2
 attval NERO GRIGIO
 attval CACAO INTENSO
color check 一致なし zaiko 0
modal one time skip
key: css val:button[data-select-id='size-1']
sizeSelect len 0
cartButton len 2
att nashi
zaiko 0 x3
-----------------------------
https://www.berluti.com/ja-jp/sukurittoreza-1ben-yongu-otchikesu/WATCH_CASE_1_NEO-SCRITTO-V2.html?dwvar_WATCH__CASE__1__NEO-SCRITTO-V2_color=G11&to=159#viewtype=grid-view-small&sz=192&to=159&start=1
OPEN
OPEN DONE
OK RETURN
URL PRICE https://www.berluti.com/ja-jp/sukurittoreza-1ben-yongu-otchikesu/WATCH_CASE_1_NEO-SCRITTO-V2.html?dwvar_WATCH__CASE__1__NEO-SCRITTO-V2_color=G11&to=159#viewtype=grid-view-small&sz=192&to=159&start=1 177100
colorCheck len 2
 attval NERO CAVIAR
 attval ARANCIO VERMIGLIO
color check 一致なし zaiko 0
modal one time skip
key: css val:button[data-select-id='size-1']
sizeSelect len 0
cartButton len 2
att nashi
zaiko 0 x3
-----------------------------
https://www.berluti.com/ja-jp/sukurittoreza-3ben-yongu-otchikesu/WATCH_CASE_3_NEO-SCRITTO_SWIPE-V2.html?dwvar_WATCH__CASE__3__NEO-SCRITTO__SWIPE-V2_color=MQ4&to=160#viewtype=grid-view-small&sz=192&to=160&start=1
OPEN
OPEN DONE
OK RETURN
URL PRICE https://www.berluti.com/ja-jp/sukurittoreza-3ben-yongu-otchikesu/WATCH_CASE_3_NEO-SCRITTO_SWIPE-V2.html?dwvar_WATCH__CASE__3__NEO-SCRITTO__SWIPE-V2_color=MQ4&to=160#viewtype=grid-view-small&sz=192&to=160&start=1 290400
colorCheck len 2
 attval SANDSTORM
color found
modal one time skip
key: css val:button[data-select-id='size-1']
sizeSelect len 0
cartButton len 0
zaiko 0 x1
cartButton2 len 0
zaiko 0 2x1
-----------------------------
https://www.berluti.com/ja-jp/itauba-sukuea-guradianto-sukurittoreza-konpakutou-oretto/ITAUBA_SQUARE_NEO_GRADIANT-JOUR_GRADIANT-VX3.html?dwvar_ITAUBA__SQUARE__NEO__GRADIANT-JOUR__GRADIANT-VX3_color=G94&to=161#viewtype=grid-view-small&sz=192&to=161&start=1
OPEN
OPEN DONE
OK RETURN
URL PRICE https://www.berluti.com/ja-jp/itauba-sukuea-guradianto-sukurittoreza-konpakutou-oretto/ITAUBA_SQUARE_NEO_GRADIANT-JOUR_GRADIANT-VX3.html?dwvar_ITAUBA__SQUARE__NEO__GRADIANT-JOUR__GRADIANT-VX3_color=G94&to=161#viewtype=grid-view-small&sz=192&to=161&start=1 156200
colorCheck len 1
 attval SELVA OSCURA
color found
modal one time skip
key: css val:button[data-select-id='size-1']
sizeSelect len 0
cartButton len 2
att nashi
-----------------------------
https://www.berluti.com/ja-jp/figyua-koin-sukurittoreza-u-oretto/FIGURE_COIN-JOUR-V29.html?dwvar_FIGURE__COIN-JOUR-V29_color=K02&to=162#viewtype=grid-view-small&sz=192&to=162&start=1
OPEN
OPEN DONE
OK RETURN
URL PRICE https://www.berluti.com/ja-jp/figyua-koin-sukurittoreza-u-oretto/FIGURE_COIN-JOUR-V29.html?dwvar_FIGURE__COIN-JOUR-V29_color=K02&to=162#viewtype=grid-view-small&sz=192&to=162&start=1 143000
colorCheck len 2
 attval NERO GRIGIO
color found
modal one time skip
key: css val:button[data-select-id='size-1']
sizeSelect len 0
cartButton len 2
att nashi
-----------------------------
https://www.berluti.com/ja-jp/engravedvu-enetsu-ia-kafureza4shigakesu/CIGAR_CASE_4-V2.html?dwvar_CIGAR__CASE__4-V2_color=M04&to=181#viewtype=grid-view-small&sz=192&to=181&start=1
OPEN
OPEN DONE
OK RETURN
URL PRICE https://www.berluti.com/ja-jp/engravedvu-enetsu-ia-kafureza4shigakesu/CIGAR_CASE_4-V2.html?dwvar_CIGAR__CASE__4-V2_color=M04&to=181#viewtype=grid-view-small&sz=192&to=181&start=1 NOTFOUND
colorCheck len 0
-----------------------------
https://www.berluti.com/ja-jp/andi-fon-pochi-reza-messenja/ANDY_PHONE_POUCH-V1.html?dwvar_ANDY__PHONE__POUCH-V1_color=ML6&to=1#prefn1=product_online_sales&prefv1=true&viewtype=grid-view-small&sz=48&to=1&start=1
OPEN
OPEN DONE
OK RETURN
URL PRICE https://www.berluti.com/ja-jp/andi-fon-pochi-reza-messenja/ANDY_PHONE_POUCH-V1.html?dwvar_ANDY__PHONE__POUCH-V1_color=ML6&to=1#prefn1=product_online_sales&prefv1=true&viewtype=grid-view-small&sz=48&to=1&start=1 367400
colorCheck len 1
 attval CACAO INTENSO
color found
modal one time skip
key: css val:button[data-select-id='size-1']
sizeSelect len 0
cartButton len 2
att nashi
-----------------------------
https://www.berluti.com/ja-jp/andi-kurosubodi-reza-messenja/ANDY_CROSSBODY-V1.html?dwvar_ANDY__CROSSBODY-V1_color=ML6&to=2#prefn1=product_online_sales&prefv1=true&viewtype=grid-view-small&sz=48&to=2&start=1
OPEN
OPEN DONE
OK RETURN
URL PRICE https://www.berluti.com/ja-jp/andi-kurosubodi-reza-messenja/ANDY_CROSSBODY-V1.html?dwvar_ANDY__CROSSBODY-V1_color=ML6&to=2#prefn1=product_online_sales&prefv1=true&viewtype=grid-view-small&sz=48&to=2&start=1 665500
colorCheck len 1
 attval CACAO INTENSO
color found
modal one time skip
key: css val:button[data-select-id='size-1']
sizeSelect len 0
cartButton len 2
att nashi
-----------------------------
https://www.berluti.com/ja-jp/andi-messenja-rezaburifukesu/ANDY_MESSENGER-V1.html?dwvar_ANDY__MESSENGER-V1_color=ML6&to=3#prefn1=product_online_sales&prefv1=true&viewtype=grid-view-small&sz=48&to=3&start=1
OPEN
OPEN DONE
OK RETURN
URL PRICE https://www.berluti.com/ja-jp/andi-messenja-rezaburifukesu/ANDY_MESSENGER-V1.html?dwvar_ANDY__MESSENGER-V1_color=ML6&to=3#prefn1=product_online_sales&prefv1=true&viewtype=grid-view-small&sz=48&to=3&start=1 731500
colorCheck len 1
 attval CACAO INTENSO
color found
modal one time skip
key: css val:button[data-select-id='size-1']
sizeSelect len 0
cartButton len 2
att nashi
-----------------------------
https://www.berluti.com/ja-jp/moningu-on-sutorappu-reza-messenja/MORNING_ON_STRAP-V81.html?dwvar_MORNING__ON__STRAP-V81_color=MM5&to=4#prefn1=product_online_sales&prefv1=true&viewtype=grid-view-small&sz=48&to=4&start=1
OPEN
OPEN DONE
OK RETURN
URL PRICE https://www.berluti.com/ja-jp/moningu-on-sutorappu-reza-messenja/MORNING_ON_STRAP-V81.html?dwvar_MORNING__ON__STRAP-V81_color=MM5&to=4#prefn1=product_online_sales&prefv1=true&viewtype=grid-view-small&sz=48&to=4&start=1 409200
colorCheck len 1
 attval SOFT BROWN
color found
modal one time skip
key: css val:button[data-select-id='size-1']
sizeSelect len 0
cartButton len 0
zaiko 0 x1
cartButton2 len 0
zaiko 0 2x1
-----------------------------
https://www.berluti.com/ja-jp/to-ujuru-sofuto-jippu-hobo-xs-sukurittoreza-messenja/ZIPPED_HOBO_XS-V41.html?dwvar_ZIPPED__HOBO__XS-V41_color=MA1&to=5#prefn1=product_online_sales&prefv1=true&viewtype=grid-view-small&sz=48&to=5&start=1
OPEN
OPEN DONE
OK RETURN
URL PRICE https://www.berluti.com/ja-jp/to-ujuru-sofuto-jippu-hobo-xs-sukurittoreza-messenja/ZIPPED_HOBO_XS-V41.html?dwvar_ZIPPED__HOBO__XS-V41_color=MA1&to=5#prefn1=product_online_sales&prefv1=true&viewtype=grid-view-small&sz=48&to=5&start=1 451000
colorCheck len 1
 attval APPENNINI
color found
modal one time skip
key: css val:button[data-select-id='size-1']
sizeSelect len 0
cartButton len 0
zaiko 0 x1
cartButton2 len 0
zaiko 0 2x1
-----------------------------
https://www.berluti.com/ja-jp/to-ujuru-sofuto-jippu-hobo-xs-sukurittoreza-messenja/ZIPPED_HOBO_XS-V82.html?dwvar_ZIPPED__HOBO__XS-V82_color=MM5&to=6#prefn1=product_online_sales&prefv1=true&viewtype=grid-view-small&sz=48&to=6&start=1
OPEN
OPEN DONE
OK RETURN
URL PRICE https://www.berluti.com/ja-jp/to-ujuru-sofuto-jippu-hobo-xs-sukurittoreza-messenja/ZIPPED_HOBO_XS-V82.html?dwvar_ZIPPED__HOBO__XS-V82_color=MM5&to=6#prefn1=product_online_sales&prefv1=true&viewtype=grid-view-small&sz=48&to=6&start=1 451000
colorCheck len 1
 attval SOFT BROWN
color found
modal one time skip
key: css val:button[data-select-id='size-1']
sizeSelect len 0
cartButton len 2
att nashi
-----------------------------
https://www.berluti.com/ja-jp/to-ujuru-sofuto-jippu-hobo-xs-reza-messenja/ZIPPED_HOBO_XS-V3.html?dwvar_ZIPPED__HOBO__XS-V3_color=F06&to=7#prefn1=product_online_sales&prefv1=true&viewtype=grid-view-small&sz=48&to=7&start=1
OPEN
OPEN DONE
OK RETURN
URL PRICE https://www.berluti.com/ja-jp/to-ujuru-sofuto-jippu-hobo-xs-reza-messenja/ZIPPED_HOBO_XS-V3.html?dwvar_ZIPPED__HOBO__XS-V3_color=F06&to=7#prefn1=product_online_sales&prefv1=true&viewtype=grid-view-small&sz=48&to=7&start=1 409200
colorCheck len 1
 attval ARANCIO VERMIGLIO
color found
modal one time skip
key: css val:button[data-select-id='size-1']
sizeSelect len 0
cartButton len 2
att nashi
-----------------------------
https://www.berluti.com/ja-jp/to-ujuru-sofuto-jippu-hobo-sukurittoreza-messenja/ZIPPED_HOBO-V82.html?dwvar_ZIPPED__HOBO-V82_color=MM5&to=8#prefn1=product_online_sales&prefv1=true&viewtype=grid-view-small&sz=48&to=8&start=1
OPEN
OPEN DONE
OK RETURN
URL PRICE https://www.berluti.com/ja-jp/to-ujuru-sofuto-jippu-hobo-sukurittoreza-messenja/ZIPPED_HOBO-V82.html?dwvar_ZIPPED__HOBO-V82_color=MM5&to=8#prefn1=product_online_sales&prefv1=true&viewtype=grid-view-small&sz=48&to=8&start=1 545600
colorCheck len 1
 attval SOFT BROWN
color found
modal one time skip
key: css val:button[data-select-id='size-1']
sizeSelect len 0
cartButton len 2
att nashi
-----------------------------
https://www.berluti.com/ja-jp/to-ujuru-sofuto-jippu-hobo-reza-messenja/ZIPPED_HOBO-V3.html?dwvar_ZIPPED__HOBO-V3_color=MH2&to=9#prefn1=product_online_sales&prefv1=true&viewtype=grid-view-small&sz=48&to=9&start=1
OPEN
OPEN DONE
OK RETURN
URL PRICE https://www.berluti.com/ja-jp/to-ujuru-sofuto-jippu-hobo-reza-messenja/ZIPPED_HOBO-V3.html?dwvar_ZIPPED__HOBO-V3_color=MH2&to=9#prefn1=product_online_sales&prefv1=true&viewtype=grid-view-small&sz=48&to=9&start=1 490600
colorCheck len 2
 attval ICE GOLD
color found
modal one time skip
key: css val:button[data-select-id='size-1']
sizeSelect len 0
cartButton len 2
att nashi
-----------------------------
https://www.berluti.com/ja-jp/to-ujuru-sofuto-jippu-hobo-reza-messenja/ZIPPED_HOBO-V3.html?dwvar_ZIPPED__HOBO-V3_color=MQ4&to=10#prefn1=product_online_sales&prefv1=true&viewtype=grid-view-small&sz=48&to=10&start=1
OPEN
OPEN DONE
OK RETURN
URL PRICE https://www.berluti.com/ja-jp/to-ujuru-sofuto-jippu-hobo-reza-messenja/ZIPPED_HOBO-V3.html?dwvar_ZIPPED__HOBO-V3_color=MQ4&to=10#prefn1=product_online_sales&prefv1=true&viewtype=grid-view-small&sz=48&to=10&start=1 490600
colorCheck len 2
 attval ICE GOLD
 attval SANDSTORM
color found
modal one time skip
key: css val:button[data-select-id='size-1']
sizeSelect len 0
cartButton len 2
att nashi
-----------------------------
https://www.berluti.com/ja-jp/shadou-kashimiya-bamubaggu/B5820_BUMBAG-Z65.html?dwvar_B5820__BUMBAG-Z65_color=K58&to=11#prefn1=product_online_sales&prefv1=true&viewtype=grid-view-small&sz=48&to=11&start=1
OPEN
OPEN DONE
OK RETURN
URL PRICE https://www.berluti.com/ja-jp/shadou-kashimiya-bamubaggu/B5820_BUMBAG-Z65.html?dwvar_B5820__BUMBAG-Z65_color=K58&to=11#prefn1=product_online_sales&prefv1=true&viewtype=grid-view-small&sz=48&to=11&start=1 322300
colorCheck len 1
 attval GREY
color found
modal one time skip
key: css val:button[data-select-id='size-1']
sizeSelect len 0
cartButton len 2
att nashi
-----------------------------
https://www.berluti.com/ja-jp/jurunarie-xs-reza-messenja/JOURNALIER_XS-CE0.html?dwvar_JOURNALIER__XS-CE0_color=K62&to=12#prefn1=product_online_sales&prefv1=true&viewtype=grid-view-small&sz=48&to=12&start=1
OPEN
OPEN DONE
OK RETURN
URL PRICE https://www.berluti.com/ja-jp/jurunarie-xs-reza-messenja/JOURNALIER_XS-CE0.html?dwvar_JOURNALIER__XS-CE0_color=K62&to=12#prefn1=product_online_sales&prefv1=true&viewtype=grid-view-small&sz=48&to=12&start=1 331100
colorCheck len 2
 attval DEEP BLACK
color found
modal one time skip
key: css val:button[data-select-id='size-1']
sizeSelect len 0
cartButton len 2
att nashi
-----------------------------
https://www.berluti.com/ja-jp/jurunarie-xs-reza-messenja/JOURNALIER_XS-CE0.html?dwvar_JOURNALIER__XS-CE0_color=MC5&to=13#prefn1=product_online_sales&prefv1=true&viewtype=grid-view-small&sz=48&to=13&start=1
OPEN
OPEN DONE
OK RETURN
URL PRICE https://www.berluti.com/ja-jp/jurunarie-xs-reza-messenja/JOURNALIER_XS-CE0.html?dwvar_JOURNALIER__XS-CE0_color=MC5&to=13#prefn1=product_online_sales&prefv1=true&viewtype=grid-view-small&sz=48&to=13&start=1 331100
colorCheck len 2
 attval DEEP BLACK
 attval TAUPE
color found
modal one time skip
key: css val:button[data-select-id='size-1']
sizeSelect len 0
cartButton len 2
att nashi
-----------------------------
https://www.berluti.com/ja-jp/jurunarie-torio-sukurittoreza-messenja/JOURNALIER_TRIO-V82.html?dwvar_JOURNALIER__TRIO-V82_color=MM5&to=14#prefn1=product_online_sales&prefv1=true&viewtype=grid-view-small&sz=48&to=14&start=1
OPEN
OPEN DONE
OK RETURN
URL PRICE https://www.berluti.com/ja-jp/jurunarie-torio-sukurittoreza-messenja/JOURNALIER_TRIO-V82.html?dwvar_JOURNALIER__TRIO-V82_color=MM5&to=14#prefn1=product_online_sales&prefv1=true&viewtype=grid-view-small&sz=48&to=14&start=1 NOTFOUND
colorCheck len 0
-----------------------------
https://www.berluti.com/ja-jp/jurunarie-reza-messenja/JOURNALIER-V1.html?dwvar_JOURNALIER-V1_color=R78&to=15#prefn1=product_online_sales&prefv1=true&viewtype=grid-view-small&sz=48&to=15&start=1
OPEN
OPEN DONE
OK RETURN
URL PRICE https://www.berluti.com/ja-jp/jurunarie-reza-messenja/JOURNALIER-V1.html?dwvar_JOURNALIER-V1_color=R78&to=15#prefn1=product_online_sales&prefv1=true&viewtype=grid-view-small&sz=48&to=15&start=1 NOTFOUND
colorCheck len 0
-----------------------------
https://www.berluti.com/ja-jp/emio-sukurittoreza-messenja/E_MIO_MESSENGER-V2.html?dwvar_E__MIO__MESSENGER-V2_color=KD1&to=16#prefn1=product_online_sales&prefv1=true&viewtype=grid-view-small&sz=48&to=16&start=1
OPEN
OPEN DONE
OK RETURN
URL PRICE https://www.berluti.com/ja-jp/emio-sukurittoreza-messenja/E_MIO_MESSENGER-V2.html?dwvar_E__MIO__MESSENGER-V2_color=KD1&to=16#prefn1=product_online_sales&prefv1=true&viewtype=grid-view-small&sz=48&to=16&start=1 588500
colorCheck len 2
 attval NERO LEGNO
color found
modal one time skip
key: css val:button[data-select-id='size-1']
sizeSelect len 0
cartButton len 2
att nashi
-----------------------------
https://www.berluti.com/ja-jp/emio-sukurittoreza-messenja/E_MIO_MESSENGER-V2.html?dwvar_E__MIO__MESSENGER-V2_color=MR5&to=17#prefn1=product_online_sales&prefv1=true&viewtype=grid-view-small&sz=48&to=17&start=1
OPEN
OPEN DONE
OK RETURN
URL PRICE https://www.berluti.com/ja-jp/emio-sukurittoreza-messenja/E_MIO_MESSENGER-V2.html?dwvar_E__MIO__MESSENGER-V2_color=MR5&to=17#prefn1=product_online_sales&prefv1=true&viewtype=grid-view-small&sz=48&to=17&start=1 588500
colorCheck len 2
 attval NERO LEGNO
 attval LEGNO BRUCIATO
color found
modal one time skip
key: css val:button[data-select-id='size-1']
sizeSelect len 0
cartButton len 2
att nashi
-----------------------------
https://www.berluti.com/ja-jp/anjuru-gariba-sukurittoreza-burifukesu/1_JOUR_GULLIVER_NEO-V2.html?dwvar_1__JOUR__GULLIVER__NEO-V2_color=ML6&to=18#prefn1=product_online_sales&prefv1=true&viewtype=grid-view-small&sz=48&to=18&start=1
OPEN
OPEN DONE
OK RETURN
URL PRICE https://www.berluti.com/ja-jp/anjuru-gariba-sukurittoreza-burifukesu/1_JOUR_GULLIVER_NEO-V2.html?dwvar_1__JOUR__GULLIVER__NEO-V2_color=ML6&to=18#prefn1=product_online_sales&prefv1=true&viewtype=grid-view-small&sz=48&to=18&start=1 441100
colorCheck len 1
 attval LIGHT ALUMINIO
color check 一致なし zaiko 0
modal one time skip
key: css val:button[data-select-id='size-1']
sizeSelect len 0
cartButton len 2
att nashi
zaiko 0 x3
-----------------------------
https://www.berluti.com/ja-jp/anjuru-gariba-sukurittoreza-burifukesu/1_JOUR_GULLIVER_NEO-V2.html?dwvar_1__JOUR__GULLIVER__NEO-V2_color=KD4&to=19#prefn1=product_online_sales&prefv1=true&viewtype=grid-view-small&sz=48&to=19&start=1
OPEN
OPEN DONE
OK RETURN
URL PRICE https://www.berluti.com/ja-jp/anjuru-gariba-sukurittoreza-burifukesu/1_JOUR_GULLIVER_NEO-V2.html?dwvar_1__JOUR__GULLIVER__NEO-V2_color=KD4&to=19#prefn1=product_online_sales&prefv1=true&viewtype=grid-view-small&sz=48&to=19&start=1 441100
colorCheck len 1
 attval LIGHT ALUMINIO
color found
modal one time skip
key: css val:button[data-select-id='size-1']
sizeSelect len 0
cartButton len 2
att nashi
-----------------------------
https://www.berluti.com/ja-jp/anjuru-gariba-sukurittoreza-burifukesu/1_JOUR_GULLIVER_NEO-V2.html?dwvar_1__JOUR__GULLIVER__NEO-V2_color=G11&to=20#prefn1=product_online_sales&prefv1=true&viewtype=grid-view-small&sz=48&to=20&start=1
OPEN
OPEN DONE
OK RETURN
URL PRICE https://www.berluti.com/ja-jp/anjuru-gariba-sukurittoreza-burifukesu/1_JOUR_GULLIVER_NEO-V2.html?dwvar_1__JOUR__GULLIVER__NEO-V2_color=G11&to=20#prefn1=product_online_sales&prefv1=true&viewtype=grid-view-small&sz=48&to=20&start=1 441100
colorCheck len 1
 attval LIGHT ALUMINIO
color check 一致なし zaiko 0
modal one time skip
key: css val:button[data-select-id='size-1']
sizeSelect len 0
cartButton len 2
att nashi
zaiko 0 x3
-----------------------------
https://www.berluti.com/ja-jp/to-ujuru-gariba-guradianto-sukurittoreza-messenja/TOUJOURS_GULLIVER_NEO_GRADIANT-V2.html?dwvar_TOUJOURS__GULLIVER__NEO__GRADIANT-V2_color=R78&to=21#prefn1=product_online_sales&prefv1=true&viewtype=grid-view-small&sz=48&to=21&start=1
OPEN
OPEN DONE
OK RETURN
URL PRICE https://www.berluti.com/ja-jp/to-ujuru-gariba-guradianto-sukurittoreza-messenja/TOUJOURS_GULLIVER_NEO_GRADIANT-V2.html?dwvar_TOUJOURS__GULLIVER__NEO__GRADIANT-V2_color=R78&to=21#prefn1=product_online_sales&prefv1=true&viewtype=grid-view-small&sz=48&to=21&start=1 NOTFOUND
colorCheck len 0
-----------------------------
https://www.berluti.com/ja-jp/to-ujuru-gariba-sukurittoreza-messenja/TOUJOURS_GULLIVER_NEO-V2.html?dwvar_TOUJOURS__GULLIVER__NEO-V2_color=KD4&to=22#prefn1=product_online_sales&prefv1=true&viewtype=grid-view-small&sz=48&to=22&start=1
OPEN
OPEN DONE
OK RETURN
URL PRICE https://www.berluti.com/ja-jp/to-ujuru-gariba-sukurittoreza-messenja/TOUJOURS_GULLIVER_NEO-V2.html?dwvar_TOUJOURS__GULLIVER__NEO-V2_color=KD4&to=22#prefn1=product_online_sales&prefv1=true&viewtype=grid-view-small&sz=48&to=22&start=1 409200
colorCheck len 2
 attval LIGHT ALUMINIO
color found
modal one time skip
key: css val:button[data-select-id='size-1']
sizeSelect len 0
cartButton len 0
zaiko 0 x1
cartButton2 len 0
zaiko 0 2x1
-----------------------------
https://www.berluti.com/ja-jp/to-ujuru-gariba-sukurittoreza-messenja/TOUJOURS_GULLIVER_NEO-V2.html?dwvar_TOUJOURS__GULLIVER__NEO-V2_color=G27&to=23#prefn1=product_online_sales&prefv1=true&viewtype=grid-view-small&sz=48&to=23&start=1
OPEN
OPEN DONE
OK RETURN
URL PRICE https://www.berluti.com/ja-jp/to-ujuru-gariba-sukurittoreza-messenja/TOUJOURS_GULLIVER_NEO-V2.html?dwvar_TOUJOURS__GULLIVER__NEO-V2_color=G27&to=23#prefn1=product_online_sales&prefv1=true&viewtype=grid-view-small&sz=48&to=23&start=1 409200
colorCheck len 2
 attval LIGHT ALUMINIO
 attval OPUNTIA 
color check 一致なし zaiko 0
modal one time skip
key: css val:button[data-select-id='size-1']
sizeSelect len 0
cartButton len 0
zaiko 0 x1
cartButton2 len 0
zaiko 0 2x1
zaiko 0 x3
-----------------------------
https://www.berluti.com/ja-jp/to-ujuru-gariba-sukurittoreza-messenja/TOUJOURS_GULLIVER_NEO-V2.html?dwvar_TOUJOURS__GULLIVER__NEO-V2_color=M10&to=24#prefn1=product_online_sales&prefv1=true&viewtype=grid-view-small&sz=48&to=24&start=1
OPEN
OPEN DONE
OK RETURN
URL PRICE https://www.berluti.com/ja-jp/to-ujuru-gariba-sukurittoreza-messenja/TOUJOURS_GULLIVER_NEO-V2.html?dwvar_TOUJOURS__GULLIVER__NEO-V2_color=M10&to=24#prefn1=product_online_sales&prefv1=true&viewtype=grid-view-small&sz=48&to=24&start=1 409200
colorCheck len 2
 attval LIGHT ALUMINIO
 attval OPUNTIA 
color check 一致なし zaiko 0
modal one time skip
key: css val:button[data-select-id='size-1']
sizeSelect len 0
cartButton len 0
zaiko 0 x1
cartButton2 len 0
zaiko 0 2x1
zaiko 0 x3
-----------------------------
https://www.berluti.com/ja-jp/to-ujuru-gariba-sukurittoreza-messenja/TOUJOURS_GULLIVER_NEO-V2.html?dwvar_TOUJOURS__GULLIVER__NEO-V2_color=G11&to=25#prefn1=product_online_sales&prefv1=true&viewtype=grid-view-small&sz=48&to=25&start=1
OPEN
OPEN DONE
OK RETURN
URL PRICE https://www.berluti.com/ja-jp/to-ujuru-gariba-sukurittoreza-messenja/TOUJOURS_GULLIVER_NEO-V2.html?dwvar_TOUJOURS__GULLIVER__NEO-V2_color=G11&to=25#prefn1=product_online_sales&prefv1=true&viewtype=grid-view-small&sz=48&to=25&start=1 409200
colorCheck len 2
 attval LIGHT ALUMINIO
 attval OPUNTIA 
color check 一致なし zaiko 0
modal one time skip
key: css val:button[data-select-id='size-1']
sizeSelect len 0
cartButton len 0
zaiko 0 x1
cartButton2 len 0
zaiko 0 2x1
zaiko 0 x3
-----------------------------
https://www.berluti.com/ja-jp/to-ujuru-gariba-sukurittoreza-messenja/TOUJOURS_GULLIVER_NEO-V2.html?dwvar_TOUJOURS__GULLIVER__NEO-V2_color=MQ4&to=26#prefn1=product_online_sales&prefv1=true&viewtype=grid-view-small&sz=48&to=26&start=1
OPEN
OPEN DONE
OK RETURN
URL PRICE https://www.berluti.com/ja-jp/to-ujuru-gariba-sukurittoreza-messenja/TOUJOURS_GULLIVER_NEO-V2.html?dwvar_TOUJOURS__GULLIVER__NEO-V2_color=MQ4&to=26#prefn1=product_online_sales&prefv1=true&viewtype=grid-view-small&sz=48&to=26&start=1 409200
colorCheck len 2
 attval LIGHT ALUMINIO
 attval OPUNTIA 
color check 一致なし zaiko 0
modal one time skip
key: css val:button[data-select-id='size-1']
sizeSelect len 0
cartButton len 0
zaiko 0 x1
cartButton2 len 0
zaiko 0 2x1
zaiko 0 x3
-----------------------------
https://www.berluti.com/ja-jp/anjuru-nano-sukurittoreza-pochi/1_JOUR__NANO_NEO-JOUR-V2.html?dwvar_1__JOUR____NANO__NEO-JOUR-V2_color=ML6&to=27#prefn1=product_online_sales&prefv1=true&viewtype=grid-view-small&sz=48&to=27&start=1
OPEN
OPEN DONE
OK RETURN
URL PRICE https://www.berluti.com/ja-jp/anjuru-nano-sukurittoreza-pochi/1_JOUR__NANO_NEO-JOUR-V2.html?dwvar_1__JOUR____NANO__NEO-JOUR-V2_color=ML6&to=27#prefn1=product_online_sales&prefv1=true&viewtype=grid-view-small&sz=48&to=27&start=1 NOTFOUND
colorCheck len 0
-----------------------------
https://www.berluti.com/ja-jp/myuzetto-towaru-marubufu-messenja/MUSETTE-T19.html?dwvar_MUSETTE-T19_color=MO5&to=28#prefn1=product_online_sales&prefv1=true&viewtype=grid-view-small&sz=48&to=28&start=1
OPEN
OPEN DONE
OK RETURN
URL PRICE https://www.berluti.com/ja-jp/myuzetto-towaru-marubufu-messenja/MUSETTE-T19.html?dwvar_MUSETTE-T19_color=MO5&to=28#prefn1=product_online_sales&prefv1=true&viewtype=grid-view-small&sz=48&to=28&start=1 NOTFOUND
colorCheck len 0
-----------------------------
https://www.berluti.com/ja-jp/jurunarie-towaru-marubufu-messenja/JOURNALIER-T19.html?dwvar_JOURNALIER-T19_color=MO5&to=29#prefn1=product_online_sales&prefv1=true&viewtype=grid-view-small&sz=48&to=29&start=1
OPEN
OPEN DONE
OK RETURN
URL PRICE https://www.berluti.com/ja-jp/jurunarie-towaru-marubufu-messenja/JOURNALIER-T19.html?dwvar_JOURNALIER-T19_color=MO5&to=29#prefn1=product_online_sales&prefv1=true&viewtype=grid-view-small&sz=48&to=29&start=1 367400
colorCheck len 1
 attval DARK BROWN & MADURO
color check 一致なし zaiko 0
modal one time skip
key: css val:button[data-select-id='size-1']
sizeSelect len 0
cartButton len 2
att nashi
zaiko 0 x3
-----------------------------
https://www.berluti.com/ja-jp/ruti-25-reza-messenja/LUTI_25-V1.html?dwvar_LUTI__25-V1_color=MR5&to=30#prefn1=product_online_sales&prefv1=true&viewtype=grid-view-small&sz=48&to=30&start=1
OPEN
OPEN DONE
OK RETURN
URL PRICE https://www.berluti.com/ja-jp/ruti-25-reza-messenja/LUTI_25-V1.html?dwvar_LUTI__25-V1_color=MR5&to=30#prefn1=product_online_sales&prefv1=true&viewtype=grid-view-small&sz=48&to=30&start=1 709500
colorCheck len 3
 attval SELVA OSCURA
 attval NERO GRIGIO
 attval LEGNO BRUCIATO
color found
modal one time skip
key: css val:button[data-select-id='size-1']
sizeSelect len 0
cartButton len 2
att nashi
-----------------------------
https://www.berluti.com/ja-jp/purumiejuru-kabasukurittoreza-totobaggu/PREMIER_JOUR_CABAS-V2.html?dwvar_PREMIER__JOUR__CABAS-V2_color=KD4&to=31#prefn1=product_online_sales&prefv1=true&viewtype=grid-view-small&sz=48&to=31&start=1
OPEN
OPEN DONE
OK RETURN
URL PRICE https://www.berluti.com/ja-jp/purumiejuru-kabasukurittoreza-totobaggu/PREMIER_JOUR_CABAS-V2.html?dwvar_PREMIER__JOUR__CABAS-V2_color=KD4&to=31#prefn1=product_online_sales&prefv1=true&viewtype=grid-view-small&sz=48&to=31&start=1 NOTFOUND
colorCheck len 0
-----------------------------
https://www.berluti.com/ja-jp/purumiejuru-kabasukurittoreza-totobaggu/PREMIER_JOUR_CABAS-V2.html?dwvar_PREMIER__JOUR__CABAS-V2_color=MA1&to=32#prefn1=product_online_sales&prefv1=true&viewtype=grid-view-small&sz=48&to=32&start=1
OPEN
OPEN DONE
OK RETURN
URL PRICE https://www.berluti.com/ja-jp/purumiejuru-kabasukurittoreza-totobaggu/PREMIER_JOUR_CABAS-V2.html?dwvar_PREMIER__JOUR__CABAS-V2_color=MA1&to=32#prefn1=product_online_sales&prefv1=true&viewtype=grid-view-small&sz=48&to=32&start=1 NOTFOUND
colorCheck len 0
-----------------------------
https://www.berluti.com/ja-jp/purumiejuru-gariba-sukurittoreza-messenja/PREMIER_JOUR_GULLIVER-V2.html?dwvar_PREMIER__JOUR__GULLIVER-V2_color=G11&to=33#prefn1=product_online_sales&prefv1=true&viewtype=grid-view-small&sz=48&to=33&start=1
OPEN
OPEN DONE
OK RETURN
URL PRICE https://www.berluti.com/ja-jp/purumiejuru-gariba-sukurittoreza-messenja/PREMIER_JOUR_GULLIVER-V2.html?dwvar_PREMIER__JOUR__GULLIVER-V2_color=G11&to=33#prefn1=product_online_sales&prefv1=true&viewtype=grid-view-small&sz=48&to=33&start=1 313500
colorCheck len 1
 attval NERO CAVIAR
color check 一致なし zaiko 0
modal one time skip
key: css val:button[data-select-id='size-1']
sizeSelect len 0
cartButton len 2
att nashi
zaiko 0 x3
-----------------------------
https://www.berluti.com/ja-jp/purumiejuru-gariba-sukurittoreza-messenja/PREMIER_JOUR_GULLIVER-V2.html?dwvar_PREMIER__JOUR__GULLIVER-V2_color=G02&to=34#prefn1=product_online_sales&prefv1=true&viewtype=grid-view-small&sz=48&to=34&start=1
OPEN
OPEN DONE
OK RETURN
URL PRICE https://www.berluti.com/ja-jp/purumiejuru-gariba-sukurittoreza-messenja/PREMIER_JOUR_GULLIVER-V2.html?dwvar_PREMIER__JOUR__GULLIVER-V2_color=G02&to=34#prefn1=product_online_sales&prefv1=true&viewtype=grid-view-small&sz=48&to=34&start=1 313500
colorCheck len 1
 attval NERO CAVIAR
color found
modal one time skip
key: css val:button[data-select-id='size-1']
sizeSelect len 0
cartButton len 2
att nashi
-----------------------------
https://www.berluti.com/ja-jp/purumiejuru-gariba-sukurittoreza-messenja/PREMIER_JOUR_GULLIVER-V2.html?dwvar_PREMIER__JOUR__GULLIVER-V2_color=Y23&to=35#prefn1=product_online_sales&prefv1=true&viewtype=grid-view-small&sz=48&to=35&start=1
OPEN
OPEN DONE
OK RETURN
URL PRICE https://www.berluti.com/ja-jp/purumiejuru-gariba-sukurittoreza-messenja/PREMIER_JOUR_GULLIVER-V2.html?dwvar_PREMIER__JOUR__GULLIVER-V2_color=Y23&to=35#prefn1=product_online_sales&prefv1=true&viewtype=grid-view-small&sz=48&to=35&start=1 313500
colorCheck len 1
 attval NERO CAVIAR
color check 一致なし zaiko 0
modal one time skip
key: css val:button[data-select-id='size-1']
sizeSelect len 0
cartButton len 2
att nashi
zaiko 0 x3
-----------------------------
https://www.berluti.com/ja-jp/raida-sukurittoreza-berutobaggu/RIDER-V82.html?dwvar_RIDER-V82_color=K02&to=36#prefn1=product_online_sales&prefv1=true&viewtype=grid-view-small&sz=48&to=36&start=1
OPEN
OPEN DONE
OK RETURN
URL PRICE https://www.berluti.com/ja-jp/raida-sukurittoreza-berutobaggu/RIDER-V82.html?dwvar_RIDER-V82_color=K02&to=36#prefn1=product_online_sales&prefv1=true&viewtype=grid-view-small&sz=48&to=36&start=1 322300
colorCheck len 1
 attval NERO GRIGIO
color found
modal one time skip
key: css val:button[data-select-id='size-1']
sizeSelect len 0
cartButton len 2
att nashi
-----------------------------
https://www.berluti.com/ja-jp/jurunarie-sukurittoreza-messenja/JOURNALIER-V82.html?dwvar_JOURNALIER-V82_color=MM5&to=37#prefn1=product_online_sales&prefv1=true&viewtype=grid-view-small&sz=48&to=37&start=1
OPEN
OPEN DONE
OK RETURN
URL PRICE https://www.berluti.com/ja-jp/jurunarie-sukurittoreza-messenja/JOURNALIER-V82.html?dwvar_JOURNALIER-V82_color=MM5&to=37#prefn1=product_online_sales&prefv1=true&viewtype=grid-view-small&sz=48&to=37&start=1 379500
colorCheck len 1
 attval SOFT BROWN
color found
modal one time skip
key: css val:button[data-select-id='size-1']
sizeSelect len 0
cartButton len 2
att nashi
-----------------------------
https://www.berluti.com/ja-jp/terushio-reza-oruinwan/TERSIO_NEO-JOUR-V2.html?dwvar_TERSIO__NEO-JOUR-V2_color=K02&to=1#prefn1=product_online_sales&prefv1=true&viewtype=grid-view-small&sz=36&to=1&start=1
OPEN
OPEN DONE
OK RETURN
URL PRICE https://www.berluti.com/ja-jp/terushio-reza-oruinwan/TERSIO_NEO-JOUR-V2.html?dwvar_TERSIO__NEO-JOUR-V2_color=K02&to=1#prefn1=product_online_sales&prefv1=true&viewtype=grid-view-small&sz=36&to=1&start=1 324500
colorCheck len 5
 attval MADURO
 attval CREPUSCULO
 attval NERO GRIGIO
color found
modal one time skip
key: css val:button[data-select-id='size-1']
sizeSelect len 0
cartButton len 2
att nashi
-----------------------------
https://www.berluti.com/ja-jp/terushio-reza-oruinwan/TERSIO_NEO-JOUR-V2.html?dwvar_TERSIO__NEO-JOUR-V2_color=G11&to=2#prefn1=product_online_sales&prefv1=true&viewtype=grid-view-small&sz=36&to=2&start=1
OPEN
OPEN DONE
OK RETURN
URL PRICE https://www.berluti.com/ja-jp/terushio-reza-oruinwan/TERSIO_NEO-JOUR-V2.html?dwvar_TERSIO__NEO-JOUR-V2_color=G11&to=2#prefn1=product_online_sales&prefv1=true&viewtype=grid-view-small&sz=36&to=2&start=1 324500
colorCheck len 5
 attval MADURO
 attval CREPUSCULO
 attval NERO GRIGIO
 attval JUNGLE GREEN
color found
modal one time skip
key: css val:button[data-select-id='size-1']
sizeSelect len 0
cartButton len 2
att nashi
-----------------------------
https://www.berluti.com/ja-jp/terushio-reza-oruinwan/TERSIO_NEO-JOUR-V2.html?dwvar_TERSIO__NEO-JOUR-V2_color=MR5&to=3#prefn1=product_online_sales&prefv1=true&viewtype=grid-view-small&sz=36&to=3&start=1
OPEN
OPEN DONE
OK RETURN
URL PRICE https://www.berluti.com/ja-jp/terushio-reza-oruinwan/TERSIO_NEO-JOUR-V2.html?dwvar_TERSIO__NEO-JOUR-V2_color=MR5&to=3#prefn1=product_online_sales&prefv1=true&viewtype=grid-view-small&sz=36&to=3&start=1 324500
colorCheck len 5
 attval MADURO
 attval CREPUSCULO
 attval NERO GRIGIO
 attval JUNGLE GREEN
 attval LEGNO BRUCIATO
color found
modal one time skip
key: css val:button[data-select-id='size-1']
sizeSelect len 0
cartButton len 2
att nashi
-----------------------------
https://www.berluti.com/ja-jp/terushio-sukurittoreza-pochi/TERSIO_NEO-JOUR_SOFTY-V82.html?dwvar_TERSIO__NEO-JOUR__SOFTY-V82_color=B02&to=4#prefn1=product_online_sales&prefv1=true&viewtype=grid-view-small&sz=36&to=4&start=1
OPEN
OPEN DONE
OK RETURN
URL PRICE https://www.berluti.com/ja-jp/terushio-sukurittoreza-pochi/TERSIO_NEO-JOUR_SOFTY-V82.html?dwvar_TERSIO__NEO-JOUR__SOFTY-V82_color=B02&to=4#prefn1=product_online_sales&prefv1=true&viewtype=grid-view-small&sz=36&to=4&start=1 324500
colorCheck len 1
 attval INDIGO DENIM
color found
modal one time skip
key: css val:button[data-select-id='size-1']
sizeSelect len 0
cartButton len 2
att nashi
-----------------------------
https://www.berluti.com/ja-jp/rozuuddo-sukurittoreza-pochi/ROSEWOOD_NEO-JOUR-V2.html?dwvar_ROSEWOOD__NEO-JOUR-V2_color=ML6&to=5#prefn1=product_online_sales&prefv1=true&viewtype=grid-view-small&sz=36&to=5&start=1
OPEN
OPEN DONE
OK RETURN
URL PRICE https://www.berluti.com/ja-jp/rozuuddo-sukurittoreza-pochi/ROSEWOOD_NEO-JOUR-V2.html?dwvar_ROSEWOOD__NEO-JOUR-V2_color=ML6&to=5#prefn1=product_online_sales&prefv1=true&viewtype=grid-view-small&sz=36&to=5&start=1 238700
colorCheck len 2
 attval FIAMMA
 attval CACAO INTENSO
color found
modal one time skip
key: css val:button[data-select-id='size-1']
sizeSelect len 0
cartButton len 2
att nashi
-----------------------------
https://www.berluti.com/ja-jp/rozuuddo-sukurittoreza-pochi/ROSEWOOD_NEO-JOUR-V2.html?dwvar_ROSEWOOD__NEO-JOUR-V2_color=BJ3&to=6#prefn1=product_online_sales&prefv1=true&viewtype=grid-view-small&sz=36&to=6&start=1
OPEN
OPEN DONE
OK RETURN
URL PRICE https://www.berluti.com/ja-jp/rozuuddo-sukurittoreza-pochi/ROSEWOOD_NEO-JOUR-V2.html?dwvar_ROSEWOOD__NEO-JOUR-V2_color=BJ3&to=6#prefn1=product_online_sales&prefv1=true&viewtype=grid-view-small&sz=36&to=6&start=1 238700
colorCheck len 2
 attval FIAMMA
 attval CACAO INTENSO
color check 一致なし zaiko 0
modal one time skip
key: css val:button[data-select-id='size-1']
sizeSelect len 0
cartButton len 2
att nashi
zaiko 0 x3
-----------------------------
https://www.berluti.com/ja-jp/moningu-sukurittoreza-toiretaripochi/MORNING-JOUR_TANGRAM-V87.html?dwvar_MORNING-JOUR__TANGRAM-V87_color=G89&to=7#prefn1=product_online_sales&prefv1=true&viewtype=grid-view-small&sz=36&to=7&start=1
OPEN
OPEN DONE
OK RETURN
URL PRICE https://www.berluti.com/ja-jp/moningu-sukurittoreza-toiretaripochi/MORNING-JOUR_TANGRAM-V87.html?dwvar_MORNING-JOUR__TANGRAM-V87_color=G89&to=7#prefn1=product_online_sales&prefv1=true&viewtype=grid-view-small&sz=36&to=7&start=1 312400
colorCheck len 1
 attval NERO CAVIAR & SAVANA
color check 一致なし zaiko 0
modal one time skip
key: css val:button[data-select-id='size-1']
sizeSelect len 0
cartButton len 2
att nashi
zaiko 0 x3
-----------------------------
https://www.berluti.com/ja-jp/terushio-sukurittoreza-pochi/TERSIO_NEO_BE_RR-BE_RAPIECE_REPRISE-V2.html?dwvar_TERSIO__NEO__BE__RR-BE__RAPIECE__REPRISE-V2_color=K08&to=8#prefn1=product_online_sales&prefv1=true&viewtype=grid-view-small&sz=36&to=8&start=1
OPEN
OPEN DONE
OK RETURN
URL PRICE https://www.berluti.com/ja-jp/terushio-sukurittoreza-pochi/TERSIO_NEO_BE_RR-BE_RAPIECE_REPRISE-V2.html?dwvar_TERSIO__NEO__BE__RR-BE__RAPIECE__REPRISE-V2_color=K08&to=8#prefn1=product_online_sales&prefv1=true&viewtype=grid-view-small&sz=36&to=8&start=1 NOTFOUND
colorCheck len 0
-----------------------------
https://www.berluti.com/ja-jp/terushio-reza-arigetareza-pochi/TERSIO_NEO_BE_RR-BE_RAPIECE_REPRISE-VC.html?dwvar_TERSIO__NEO__BE__RR-BE__RAPIECE__REPRISE-VC_color=MH2&to=9#prefn1=product_online_sales&prefv1=true&viewtype=grid-view-small&sz=36&to=9&start=1
OPEN
OPEN DONE
OK RETURN
URL PRICE https://www.berluti.com/ja-jp/terushio-reza-arigetareza-pochi/TERSIO_NEO_BE_RR-BE_RAPIECE_REPRISE-VC.html?dwvar_TERSIO__NEO__BE__RR-BE__RAPIECE__REPRISE-VC_color=MH2&to=9#prefn1=product_online_sales&prefv1=true&viewtype=grid-view-small&sz=36&to=9&start=1 1226500
colorCheck len 1
 attval ICE GOLD
color found
modal one time skip
key: css val:button[data-select-id='size-1']
sizeSelect len 0
cartButton len 2
att nashi
-----------------------------
https://www.berluti.com/ja-jp/nino-gm-sukurittoreza-kuratchi/NINO_GM_NEO_BE_RR-V2.html?dwvar_NINO__GM__NEO__BE__RR-V2_color=R79&to=10#prefn1=product_online_sales&prefv1=true&viewtype=grid-view-small&sz=36&to=10&start=1
OPEN
OPEN DONE
OK RETURN
URL PRICE https://www.berluti.com/ja-jp/nino-gm-sukurittoreza-kuratchi/NINO_GM_NEO_BE_RR-V2.html?dwvar_NINO__GM__NEO__BE__RR-V2_color=R79&to=10#prefn1=product_online_sales&prefv1=true&viewtype=grid-view-small&sz=36&to=10&start=1 NOTFOUND
colorCheck len 0
-----------------------------
https://www.berluti.com/ja-jp/aibi-sukurittosuwaipu-reza-toiretaripochi/IVY-JOUR-V2.html?dwvar_IVY-JOUR-V2_color=G27&to=11#prefn1=product_online_sales&prefv1=true&viewtype=grid-view-small&sz=36&to=11&start=1
OPEN
OPEN DONE
OK RETURN
URL PRICE https://www.berluti.com/ja-jp/aibi-sukurittosuwaipu-reza-toiretaripochi/IVY-JOUR-V2.html?dwvar_IVY-JOUR-V2_color=G27&to=11#prefn1=product_online_sales&prefv1=true&viewtype=grid-view-small&sz=36&to=11&start=1 191400
colorCheck len 1
 attval OPUNTIA 
color check 一致なし zaiko 0
modal one time skip
key: css val:button[data-select-id='size-1']
sizeSelect len 0
cartButton len 2
att nashi
zaiko 0 x3
-----------------------------
https://www.berluti.com/ja-jp/nino-tgm-sukurittoreza-kuratchi/NINO_TGM_NEO-V2.html?dwvar_NINO__TGM__NEO-V2_color=ML6&to=12#prefn1=product_online_sales&prefv1=true&viewtype=grid-view-small&sz=36&to=12&start=1
OPEN
OPEN DONE
OK RETURN
URL PRICE https://www.berluti.com/ja-jp/nino-tgm-sukurittoreza-kuratchi/NINO_TGM_NEO-V2.html?dwvar_NINO__TGM__NEO-V2_color=ML6&to=12#prefn1=product_online_sales&prefv1=true&viewtype=grid-view-small&sz=36&to=12&start=1 287100
colorCheck len 1
 attval NERO GRIGIO
color check 一致なし zaiko 0
modal one time skip
key: css val:button[data-select-id='size-1']
sizeSelect len 0
cartButton len 2
att nashi
zaiko 0 x3
-----------------------------
https://www.berluti.com/ja-jp/nino-tgm-sukurittoreza-kuratchi/NINO_TGM_NEO-V2.html?dwvar_NINO__TGM__NEO-V2_color=K02&to=13#prefn1=product_online_sales&prefv1=true&viewtype=grid-view-small&sz=36&to=13&start=1
OPEN
OPEN DONE
OK RETURN
URL PRICE https://www.berluti.com/ja-jp/nino-tgm-sukurittoreza-kuratchi/NINO_TGM_NEO-V2.html?dwvar_NINO__TGM__NEO-V2_color=K02&to=13#prefn1=product_online_sales&prefv1=true&viewtype=grid-view-small&sz=36&to=13&start=1 287100
colorCheck len 1
 attval NERO GRIGIO
color found
modal one time skip
key: css val:button[data-select-id='size-1']
sizeSelect len 0
cartButton len 2
att nashi
-----------------------------
https://www.berluti.com/ja-jp/nino-gm-sukurittosuwaipureza-kuratchi/NINO_GM_NEO_GRADIANT-V2.html?dwvar_NINO__GM__NEO__GRADIANT-V2_color=R78&to=14#prefn1=product_online_sales&prefv1=true&viewtype=grid-view-small&sz=36&to=14&start=1
OPEN
OPEN DONE
OK RETURN
URL PRICE https://www.berluti.com/ja-jp/nino-gm-sukurittosuwaipureza-kuratchi/NINO_GM_NEO_GRADIANT-V2.html?dwvar_NINO__GM__NEO__GRADIANT-V2_color=R78&to=14#prefn1=product_online_sales&prefv1=true&viewtype=grid-view-small&sz=36&to=14&start=1 NOTFOUND
colorCheck len 0
-----------------------------
https://www.berluti.com/ja-jp/nino-gm-sukurittoreza-kuratchi/NINO_GM_NEO-V2.html?dwvar_NINO__GM__NEO-V2_color=K02&to=15#prefn1=product_online_sales&prefv1=true&viewtype=grid-view-small&sz=36&to=15&start=1
OPEN
OPEN DONE
OK RETURN
URL PRICE https://www.berluti.com/ja-jp/nino-gm-sukurittoreza-kuratchi/NINO_GM_NEO-V2.html?dwvar_NINO__GM__NEO-V2_color=K02&to=15#prefn1=product_online_sales&prefv1=true&viewtype=grid-view-small&sz=36&to=15&start=1 NOTFOUND
colorCheck len 0
-----------------------------
https://www.berluti.com/ja-jp/nino-gm-sukurittoreza-kuratchi/NINO_GM_NEO-V2.html?dwvar_NINO__GM__NEO-V2_color=ML6&to=16#prefn1=product_online_sales&prefv1=true&viewtype=grid-view-small&sz=36&to=16&start=1
OPEN
OPEN DONE
OK RETURN
URL PRICE https://www.berluti.com/ja-jp/nino-gm-sukurittoreza-kuratchi/NINO_GM_NEO-V2.html?dwvar_NINO__GM__NEO-V2_color=ML6&to=16#prefn1=product_online_sales&prefv1=true&viewtype=grid-view-small&sz=36&to=16&start=1 NOTFOUND
colorCheck len 0
-----------------------------
https://www.berluti.com/ja-jp/nino-gm-sukurittoreza-kuratchi/NINO_GM_NEO-V2.html?dwvar_NINO__GM__NEO-V2_color=KE4&to=17#prefn1=product_online_sales&prefv1=true&viewtype=grid-view-small&sz=36&to=17&start=1
OPEN
OPEN DONE
OK RETURN
URL PRICE https://www.berluti.com/ja-jp/nino-gm-sukurittoreza-kuratchi/NINO_GM_NEO-V2.html?dwvar_NINO__GM__NEO-V2_color=KE4&to=17#prefn1=product_online_sales&prefv1=true&viewtype=grid-view-small&sz=36&to=17&start=1 NOTFOUND
colorCheck len 0
-----------------------------
https://www.berluti.com/ja-jp/nino-gm-sukurittoreza-kuratchi/NINO_GM_NEO-V2.html?dwvar_NINO__GM__NEO-V2_color=J10&to=18#prefn1=product_online_sales&prefv1=true&viewtype=grid-view-small&sz=36&to=18&start=1
OPEN
OPEN DONE
OK RETURN
URL PRICE https://www.berluti.com/ja-jp/nino-gm-sukurittoreza-kuratchi/NINO_GM_NEO-V2.html?dwvar_NINO__GM__NEO-V2_color=J10&to=18#prefn1=product_online_sales&prefv1=true&viewtype=grid-view-small&sz=36&to=18&start=1 NOTFOUND
colorCheck len 0
-----------------------------
https://www.berluti.com/ja-jp/nino-gm-sukurittoreza-kuratchi/NINO_GM_NEO-V2.html?dwvar_NINO__GM__NEO-V2_color=KE5&to=19#prefn1=product_online_sales&prefv1=true&viewtype=grid-view-small&sz=36&to=19&start=1
OPEN
OPEN DONE
OK RETURN
URL PRICE https://www.berluti.com/ja-jp/nino-gm-sukurittoreza-kuratchi/NINO_GM_NEO-V2.html?dwvar_NINO__GM__NEO-V2_color=KE5&to=19#prefn1=product_online_sales&prefv1=true&viewtype=grid-view-small&sz=36&to=19&start=1 NOTFOUND
colorCheck len 0
-----------------------------
https://www.berluti.com/ja-jp/nino-gm-sukurittoreza-kuratchi/NINO_GM_NEO-V2.html?dwvar_NINO__GM__NEO-V2_color=J12&to=20#prefn1=product_online_sales&prefv1=true&viewtype=grid-view-small&sz=36&to=20&start=1
OPEN
OPEN DONE
OK RETURN
URL PRICE https://www.berluti.com/ja-jp/nino-gm-sukurittoreza-kuratchi/NINO_GM_NEO-V2.html?dwvar_NINO__GM__NEO-V2_color=J12&to=20#prefn1=product_online_sales&prefv1=true&viewtype=grid-view-small&sz=36&to=20&start=1 NOTFOUND
colorCheck len 0
-----------------------------
https://www.berluti.com/ja-jp/nino-gm-sukurittoreza-kuratchi/NINO_GM_NEO-V2.html?dwvar_NINO__GM__NEO-V2_color=G02&to=21#prefn1=product_online_sales&prefv1=true&viewtype=grid-view-small&sz=36&to=21&start=1
OPEN
OPEN DONE
OK RETURN
URL PRICE https://www.berluti.com/ja-jp/nino-gm-sukurittoreza-kuratchi/NINO_GM_NEO-V2.html?dwvar_NINO__GM__NEO-V2_color=G02&to=21#prefn1=product_online_sales&prefv1=true&viewtype=grid-view-small&sz=36&to=21&start=1 NOTFOUND
colorCheck len 0
-----------------------------
https://www.berluti.com/ja-jp/nino-gm-sukurittoreza-kuratchi/NINO_GM_NEO-V2.html?dwvar_NINO__GM__NEO-V2_color=KM7&to=22#prefn1=product_online_sales&prefv1=true&viewtype=grid-view-small&sz=36&to=22&start=1
OPEN
OPEN DONE
OK RETURN
URL PRICE https://www.berluti.com/ja-jp/nino-gm-sukurittoreza-kuratchi/NINO_GM_NEO-V2.html?dwvar_NINO__GM__NEO-V2_color=KM7&to=22#prefn1=product_online_sales&prefv1=true&viewtype=grid-view-small&sz=36&to=22&start=1 NOTFOUND
colorCheck len 0
-----------------------------
https://www.berluti.com/ja-jp/to-ujuru-nano-sukurittoreza-pochi/TOUJOURS_NANO-JOUR-V2.html?dwvar_TOUJOURS__NANO-JOUR-V2_color=M10&to=23#prefn1=product_online_sales&prefv1=true&viewtype=grid-view-small&sz=36&to=23&start=1
OPEN
OPEN DONE
OK RETURN
URL PRICE https://www.berluti.com/ja-jp/to-ujuru-nano-sukurittoreza-pochi/TOUJOURS_NANO-JOUR-V2.html?dwvar_TOUJOURS__NANO-JOUR-V2_color=M10&to=23#prefn1=product_online_sales&prefv1=true&viewtype=grid-view-small&sz=36&to=23&start=1 462000
colorCheck len 2
 attval NERO GRIGIO
 attval MIRAGGIO
color check 一致なし zaiko 0
modal one time skip
key: css val:button[data-select-id='size-1']
sizeSelect len 0
cartButton len 2
att nashi
zaiko 0 x3
-----------------------------
https://www.berluti.com/ja-jp/anjuru-nano-sukurittoreza-pochi/1_JOUR__NANO_NEO-JOUR-V2.html?dwvar_1__JOUR____NANO__NEO-JOUR-V2_color=ML6&to=24#prefn1=product_online_sales&prefv1=true&viewtype=grid-view-small&sz=36&to=24&start=1
OPEN
OPEN DONE
OK RETURN
URL PRICE https://www.berluti.com/ja-jp/anjuru-nano-sukurittoreza-pochi/1_JOUR__NANO_NEO-JOUR-V2.html?dwvar_1__JOUR____NANO__NEO-JOUR-V2_color=ML6&to=24#prefn1=product_online_sales&prefv1=true&viewtype=grid-view-small&sz=36&to=24&start=1 NOTFOUND
colorCheck len 0
-----------------------------
https://www.berluti.com/ja-jp/anjuru-gariba-sukurittoreza-burifukesu/1_JOUR_GULLIVER_NEO-V2.html?dwvar_1__JOUR__GULLIVER__NEO-V2_color=ML6&to=25#prefn1=product_online_sales&prefv1=true&viewtype=grid-view-small&sz=36&to=25&start=1
OPEN
OPEN DONE
OK RETURN
URL PRICE https://www.berluti.com/ja-jp/anjuru-gariba-sukurittoreza-burifukesu/1_JOUR_GULLIVER_NEO-V2.html?dwvar_1__JOUR__GULLIVER__NEO-V2_color=ML6&to=25#prefn1=product_online_sales&prefv1=true&viewtype=grid-view-small&sz=36&to=25&start=1 441100
colorCheck len 1
 attval LIGHT ALUMINIO
color check 一致なし zaiko 0
modal one time skip
key: css val:button[data-select-id='size-1']
sizeSelect len 0
cartButton len 2
att nashi
zaiko 0 x3
-----------------------------
https://www.berluti.com/ja-jp/anjuru-gariba-sukurittoreza-burifukesu/1_JOUR_GULLIVER_NEO-V2.html?dwvar_1__JOUR__GULLIVER__NEO-V2_color=KD4&to=26#prefn1=product_online_sales&prefv1=true&viewtype=grid-view-small&sz=36&to=26&start=1
OPEN
OPEN DONE
OK RETURN
URL PRICE https://www.berluti.com/ja-jp/anjuru-gariba-sukurittoreza-burifukesu/1_JOUR_GULLIVER_NEO-V2.html?dwvar_1__JOUR__GULLIVER__NEO-V2_color=KD4&to=26#prefn1=product_online_sales&prefv1=true&viewtype=grid-view-small&sz=36&to=26&start=1 441100
colorCheck len 1
 attval LIGHT ALUMINIO
color found
modal one time skip
key: css val:button[data-select-id='size-1']
sizeSelect len 0
cartButton len 2
att nashi
-----------------------------
https://www.berluti.com/ja-jp/anjuru-gariba-sukurittoreza-burifukesu/1_JOUR_GULLIVER_NEO-V2.html?dwvar_1__JOUR__GULLIVER__NEO-V2_color=G11&to=27#prefn1=product_online_sales&prefv1=true&viewtype=grid-view-small&sz=36&to=27&start=1
OPEN
OPEN DONE
OK RETURN
URL PRICE https://www.berluti.com/ja-jp/anjuru-gariba-sukurittoreza-burifukesu/1_JOUR_GULLIVER_NEO-V2.html?dwvar_1__JOUR__GULLIVER__NEO-V2_color=G11&to=27#prefn1=product_online_sales&prefv1=true&viewtype=grid-view-small&sz=36&to=27&start=1 441100
colorCheck len 1
 attval LIGHT ALUMINIO
color check 一致なし zaiko 0
modal one time skip
key: css val:button[data-select-id='size-1']
sizeSelect len 0
cartButton len 2
att nashi
zaiko 0 x3
-----------------------------
https://www.berluti.com/ja-jp/tersio-arigetarezaoruinwan-berurutti/TERSIO-ALLIGATOR-E2.html?dwvar_TERSIO-ALLIGATOR-E2_color=M04&to=28#prefn1=product_online_sales&prefv1=true&viewtype=grid-view-small&sz=36&to=28&start=1
OPEN
OPEN DONE
OK RETURN
URL PRICE https://www.berluti.com/ja-jp/tersio-arigetarezaoruinwan-berurutti/TERSIO-ALLIGATOR-E2.html?dwvar_TERSIO-ALLIGATOR-E2_color=M04&to=28#prefn1=product_online_sales&prefv1=true&viewtype=grid-view-small&sz=36&to=28&start=1 1331000
colorCheck len 1
 attval TOBACCO BIS
color found
modal one time skip
key: css val:button[data-select-id='size-1']
sizeSelect len 0
cartButton len 2
att nashi
-----------------------------
https://www.berluti.com/ja-jp/ete-yui-do-u-vu-oyaju-towaru-marubufu-toraberupochi/ETUI_DE_VOYAGE-TOILE_MARBEUF-T19.html?dwvar_ETUI__DE__VOYAGE-TOILE__MARBEUF-T19_color=MO5&to=29#prefn1=product_online_sales&prefv1=true&viewtype=grid-view-small&sz=36&to=29&start=1
OPEN
OPEN DONE
OK RETURN
URL PRICE https://www.berluti.com/ja-jp/ete-yui-do-u-vu-oyaju-towaru-marubufu-toraberupochi/ETUI_DE_VOYAGE-TOILE_MARBEUF-T19.html?dwvar_ETUI__DE__VOYAGE-TOILE__MARBEUF-T19_color=MO5&to=29#prefn1=product_online_sales&prefv1=true&viewtype=grid-view-small&sz=36&to=29&start=1 NOTFOUND
colorCheck len 0
-----------------------------
https://www.berluti.com/ja-jp/itauba-waido-guradianto-sukurittoreza-jippupochi/ITAUBA_WIDE_GRADIANT-JOUR_GRADIANT-VX.html?dwvar_ITAUBA__WIDE__GRADIANT-JOUR__GRADIANT-VX_color=K66&to=30#prefn1=product_online_sales&prefv1=true&viewtype=grid-view-small&sz=36&to=30&start=1
OPEN
OPEN DONE
OK RETURN
URL PRICE https://www.berluti.com/ja-jp/itauba-waido-guradianto-sukurittoreza-jippupochi/ITAUBA_WIDE_GRADIANT-JOUR_GRADIANT-VX.html?dwvar_ITAUBA__WIDE__GRADIANT-JOUR__GRADIANT-VX_color=K66&to=30#prefn1=product_online_sales&prefv1=true&viewtype=grid-view-small&sz=36&to=30&start=1 345400
colorCheck len 1
 attval GREY FLANEL
color found
modal one time skip
key: css val:button[data-select-id='size-1']
sizeSelect len 0
cartButton len 2
att nashi
-----------------------------
https://www.berluti.com/ja-jp/fomyura-1003-sukurittopochi/FORMULA_1003_NEO-JOUR-V2.html?dwvar_FORMULA__1003__NEO-JOUR-V2_color=ML6&to=31#prefn1=product_online_sales&prefv1=true&viewtype=grid-view-small&sz=36&to=31&start=1
OPEN
OPEN DONE
OK RETURN
URL PRICE https://www.berluti.com/ja-jp/fomyura-1003-sukurittopochi/FORMULA_1003_NEO-JOUR-V2.html?dwvar_FORMULA__1003__NEO-JOUR-V2_color=ML6&to=31#prefn1=product_online_sales&prefv1=true&viewtype=grid-view-small&sz=36&to=31&start=1 217800
colorCheck len 1
 attval CACAO INTENSO
color found
modal one time skip
key: css val:button[data-select-id='size-1']
sizeSelect len 0
cartButton len 2
att nashi
-----------------------------
https://www.berluti.com/ja-jp/to-ujuru-xs-sukurittoreza-totobaggu/TOUJOURS_XS-V2.html?dwvar_TOUJOURS__XS-V2_color=K02&to=1#prefn1=product_online_sales&prefv1=true&viewtype=grid-view-small&sz=36&to=1&start=1
OPEN
OPEN DONE
OK RETURN
URL PRICE https://www.berluti.com/ja-jp/to-ujuru-xs-sukurittoreza-totobaggu/TOUJOURS_XS-V2.html?dwvar_TOUJOURS__XS-V2_color=K02&to=1#prefn1=product_online_sales&prefv1=true&viewtype=grid-view-small&sz=36&to=1&start=1 462000
colorCheck len 2
 attval NERO GRIGIO
color found
modal one time skip
key: css val:button[data-select-id='size-1']
sizeSelect len 0
cartButton len 2
att nashi
-----------------------------
https://www.berluti.com/ja-jp/to-ujuru-xs-sukurittoreza-totobaggu/TOUJOURS_XS-V2.html?dwvar_TOUJOURS__XS-V2_color=Y23&to=2#prefn1=product_online_sales&prefv1=true&viewtype=grid-view-small&sz=36&to=2&start=1
OPEN
OPEN DONE
OK RETURN
URL PRICE https://www.berluti.com/ja-jp/to-ujuru-xs-sukurittoreza-totobaggu/TOUJOURS_XS-V2.html?dwvar_TOUJOURS__XS-V2_color=Y23&to=2#prefn1=product_online_sales&prefv1=true&viewtype=grid-view-small&sz=36&to=2&start=1 462000
colorCheck len 2
 attval NERO GRIGIO
 attval MIRAGGIO
color found
modal one time skip
key: css val:button[data-select-id='size-1']
sizeSelect len 0
cartButton len 2
att nashi
-----------------------------
https://www.berluti.com/ja-jp/to-ujuru-xs-sukurittoreza-totobaggu/TOUJOURS_XS-V2.html?dwvar_TOUJOURS__XS-V2_color=KM7&to=3#prefn1=product_online_sales&prefv1=true&viewtype=grid-view-small&sz=36&to=3&start=1
OPEN
OPEN DONE
OK RETURN
URL PRICE https://www.berluti.com/ja-jp/to-ujuru-xs-sukurittoreza-totobaggu/TOUJOURS_XS-V2.html?dwvar_TOUJOURS__XS-V2_color=KM7&to=3#prefn1=product_online_sales&prefv1=true&viewtype=grid-view-small&sz=36&to=3&start=1 462000
colorCheck len 2
 attval NERO GRIGIO
 attval MIRAGGIO
color check 一致なし zaiko 0
modal one time skip
key: css val:button[data-select-id='size-1']
sizeSelect len 0
cartButton len 2
att nashi
zaiko 0 x3
-----------------------------
https://www.berluti.com/ja-jp/obasaizu-toto-suponji-sukuritto-toto/OVERSIZE_TOTE-ZB.html?dwvar_OVERSIZE__TOTE-ZB_color=BJ5&to=4#prefn1=product_online_sales&prefv1=true&viewtype=grid-view-small&sz=36&to=4&start=1
OPEN
OPEN DONE
OK RETURN
URL PRICE https://www.berluti.com/ja-jp/obasaizu-toto-suponji-sukuritto-toto/OVERSIZE_TOTE-ZB.html?dwvar_OVERSIZE__TOTE-ZB_color=BJ5&to=4#prefn1=product_online_sales&prefv1=true&viewtype=grid-view-small&sz=36&to=4&start=1 216700
colorCheck len 1
 attval MARINE
color found
modal one time skip
key: css val:button[data-select-id='size-1']
sizeSelect len 0
cartButton len 0
zaiko 0 x1
cartButton2 len 0
zaiko 0 2x1
-----------------------------
https://www.berluti.com/ja-jp/purumiejuru-kabasukurittoreza-totobaggu/PREMIER_JOUR_CABAS-V2.html?dwvar_PREMIER__JOUR__CABAS-V2_color=KD4&to=5#prefn1=product_online_sales&prefv1=true&viewtype=grid-view-small&sz=36&to=5&start=1
OPEN
OPEN DONE
OK RETURN
URL PRICE https://www.berluti.com/ja-jp/purumiejuru-kabasukurittoreza-totobaggu/PREMIER_JOUR_CABAS-V2.html?dwvar_PREMIER__JOUR__CABAS-V2_color=KD4&to=5#prefn1=product_online_sales&prefv1=true&viewtype=grid-view-small&sz=36&to=5&start=1 NOTFOUND
colorCheck len 0
-----------------------------
https://www.berluti.com/ja-jp/purumiejuru-kabasukurittoreza-totobaggu/PREMIER_JOUR_CABAS-V2.html?dwvar_PREMIER__JOUR__CABAS-V2_color=MA1&to=6#prefn1=product_online_sales&prefv1=true&viewtype=grid-view-small&sz=36&to=6&start=1
OPEN
OPEN DONE
OK RETURN
URL PRICE https://www.berluti.com/ja-jp/purumiejuru-kabasukurittoreza-totobaggu/PREMIER_JOUR_CABAS-V2.html?dwvar_PREMIER__JOUR__CABAS-V2_color=MA1&to=6#prefn1=product_online_sales&prefv1=true&viewtype=grid-view-small&sz=36&to=6&start=1 NOTFOUND
colorCheck len 0
-----------------------------
https://www.berluti.com/ja-jp/to-ujuru-xs-poketto-sukurittoreza-totobaggu/TOUJOURS_XS_POCKET-V2.html?dwvar_TOUJOURS__XS__POCKET-V2_color=MR5&to=7#prefn1=product_online_sales&prefv1=true&viewtype=grid-view-small&sz=36&to=7&start=1
OPEN
OPEN DONE
OK RETURN
URL PRICE https://www.berluti.com/ja-jp/to-ujuru-xs-poketto-sukurittoreza-totobaggu/TOUJOURS_XS_POCKET-V2.html?dwvar_TOUJOURS__XS__POCKET-V2_color=MR5&to=7#prefn1=product_online_sales&prefv1=true&viewtype=grid-view-small&sz=36&to=7&start=1 616000
colorCheck len 1
 attval LEGNO BRUCIATO
color found
modal one time skip
key: css val:button[data-select-id='size-1']
sizeSelect len 0
cartButton len 2
att nashi
-----------------------------
https://www.berluti.com/ja-jp/rutti-38-rezabaggu/LUTI_38-V1.html?dwvar_LUTI__38-V1_color=ML6&to=8#prefn1=product_online_sales&prefv1=true&viewtype=grid-view-small&sz=36&to=8&start=1
OPEN
OPEN DONE
OK RETURN
URL PRICE https://www.berluti.com/ja-jp/rutti-38-rezabaggu/LUTI_38-V1.html?dwvar_LUTI__38-V1_color=ML6&to=8#prefn1=product_online_sales&prefv1=true&viewtype=grid-view-small&sz=36&to=8&start=1 803000
colorCheck len 3
 attval ALBA
 attval CACAO INTENSO
color found
modal one time skip
key: css val:button[data-select-id='size-1']
sizeSelect len 0
cartButton len 2
att nashi
-----------------------------
https://www.berluti.com/ja-jp/rutti-38-rezabaggu/LUTI_38-V1.html?dwvar_LUTI__38-V1_color=K02&to=9#prefn1=product_online_sales&prefv1=true&viewtype=grid-view-small&sz=36&to=9&start=1
OPEN
OPEN DONE
OK RETURN
URL PRICE https://www.berluti.com/ja-jp/rutti-38-rezabaggu/LUTI_38-V1.html?dwvar_LUTI__38-V1_color=K02&to=9#prefn1=product_online_sales&prefv1=true&viewtype=grid-view-small&sz=36&to=9&start=1 803000
colorCheck len 3
 attval ALBA
 attval CACAO INTENSO
 attval NERO GRIGIO
color found
modal one time skip
key: css val:button[data-select-id='size-1']
sizeSelect len 0
cartButton len 2
att nashi
-----------------------------
https://www.berluti.com/ja-jp/to-ujuru-sukurittoreza-totobaggu/TOUJOURS_NEO-V2.html?dwvar_TOUJOURS__NEO-V2_color=K02&to=10#prefn1=product_online_sales&prefv1=true&viewtype=grid-view-small&sz=36&to=10&start=1
OPEN
OPEN DONE
OK RETURN
URL PRICE https://www.berluti.com/ja-jp/to-ujuru-sukurittoreza-totobaggu/TOUJOURS_NEO-V2.html?dwvar_TOUJOURS__NEO-V2_color=K02&to=10#prefn1=product_online_sales&prefv1=true&viewtype=grid-view-small&sz=36&to=10&start=1 545600
colorCheck len 1
 attval NERO GRIGIO
color found
modal one time skip
key: css val:button[data-select-id='size-1']
sizeSelect len 0
cartButton len 2
att nashi
-----------------------------
https://www.berluti.com/ja-jp/to-ujuru-sukurittoreza-totobaggu/TOUJOURS_NEO-V2.html?dwvar_TOUJOURS__NEO-V2_color=KE4&to=11#prefn1=product_online_sales&prefv1=true&viewtype=grid-view-small&sz=36&to=11&start=1
OPEN
OPEN DONE
OK RETURN
URL PRICE https://www.berluti.com/ja-jp/to-ujuru-sukurittoreza-totobaggu/TOUJOURS_NEO-V2.html?dwvar_TOUJOURS__NEO-V2_color=KE4&to=11#prefn1=product_online_sales&prefv1=true&viewtype=grid-view-small&sz=36&to=11&start=1 545600
colorCheck len 1
 attval NERO GRIGIO
color check 一致なし zaiko 0
modal one time skip
key: css val:button[data-select-id='size-1']
sizeSelect len 0
cartButton len 2
att nashi
zaiko 0 x3
-----------------------------
https://www.berluti.com/ja-jp/to-ujuru-sukurittoreza-totobaggu/TOUJOURS_NEO-V2.html?dwvar_TOUJOURS__NEO-V2_color=KE5&to=12#prefn1=product_online_sales&prefv1=true&viewtype=grid-view-small&sz=36&to=12&start=1
OPEN
OPEN DONE
OK RETURN
URL PRICE https://www.berluti.com/ja-jp/to-ujuru-sukurittoreza-totobaggu/TOUJOURS_NEO-V2.html?dwvar_TOUJOURS__NEO-V2_color=KE5&to=12#prefn1=product_online_sales&prefv1=true&viewtype=grid-view-small&sz=36&to=12&start=1 545600
colorCheck len 1
 attval NERO GRIGIO
color check 一致なし zaiko 0
modal one time skip
key: css val:button[data-select-id='size-1']
sizeSelect len 0
cartButton len 2
att nashi
zaiko 0 x3
-----------------------------
https://www.berluti.com/ja-jp/to-ujuru-sukurittoreza-totobaggu/TOUJOURS_NEO-V2.html?dwvar_TOUJOURS__NEO-V2_color=KM7&to=13#prefn1=product_online_sales&prefv1=true&viewtype=grid-view-small&sz=36&to=13&start=1
OPEN
OPEN DONE
OK RETURN
URL PRICE https://www.berluti.com/ja-jp/to-ujuru-sukurittoreza-totobaggu/TOUJOURS_NEO-V2.html?dwvar_TOUJOURS__NEO-V2_color=KM7&to=13#prefn1=product_online_sales&prefv1=true&viewtype=grid-view-small&sz=36&to=13&start=1 545600
colorCheck len 1
 attval NERO GRIGIO
color check 一致なし zaiko 0
modal one time skip
key: css val:button[data-select-id='size-1']
sizeSelect len 0
cartButton len 2
att nashi
zaiko 0 x3
-----------------------------
https://www.berluti.com/ja-jp/to-ujuru-mini-neo-sukurittoreza-totobaggu/TOUJOURS_MINI_NEO-V2.html?dwvar_TOUJOURS__MINI__NEO-V2_color=KD4&to=14#prefn1=product_online_sales&prefv1=true&viewtype=grid-view-small&sz=36&to=14&start=1
OPEN
OPEN DONE
OK RETURN
URL PRICE https://www.berluti.com/ja-jp/to-ujuru-mini-neo-sukurittoreza-totobaggu/TOUJOURS_MINI_NEO-V2.html?dwvar_TOUJOURS__MINI__NEO-V2_color=KD4&to=14#prefn1=product_online_sales&prefv1=true&viewtype=grid-view-small&sz=36&to=14&start=1 490600
colorCheck len 1
 attval LIGHT ALUMINIO
color found
modal one time skip
key: css val:button[data-select-id='size-1']
sizeSelect len 0
cartButton len 2
att nashi
-----------------------------
https://www.berluti.com/ja-jp/to-ujuru-mini-sukurittoreza-totobaggu/TOUJOURS_MINI_NEO_GRADIANT-V2.html?dwvar_TOUJOURS__MINI__NEO__GRADIANT-V2_color=B07&to=15#prefn1=product_online_sales&prefv1=true&viewtype=grid-view-small&sz=36&to=15&start=1
OPEN
OPEN DONE
OK RETURN
URL PRICE https://www.berluti.com/ja-jp/to-ujuru-mini-sukurittoreza-totobaggu/TOUJOURS_MINI_NEO_GRADIANT-V2.html?dwvar_TOUJOURS__MINI__NEO__GRADIANT-V2_color=B07&to=15#prefn1=product_online_sales&prefv1=true&viewtype=grid-view-small&sz=36&to=15&start=1 NOTFOUND
colorCheck len 0
-----------------------------
https://www.berluti.com/ja-jp/to-ujuru-xs-towaru-marubufu-totobaggu/TOUJOURS_XS-T19.html?dwvar_TOUJOURS__XS-T19_color=MO5&to=16#prefn1=product_online_sales&prefv1=true&viewtype=grid-view-small&sz=36&to=16&start=1
OPEN
OPEN DONE
OK RETURN
URL PRICE https://www.berluti.com/ja-jp/to-ujuru-xs-towaru-marubufu-totobaggu/TOUJOURS_XS-T19.html?dwvar_TOUJOURS__XS-T19_color=MO5&to=16#prefn1=product_online_sales&prefv1=true&viewtype=grid-view-small&sz=36&to=16&start=1 409200
colorCheck len 1
 attval DARK BROWN & MADURO
color check 一致なし zaiko 0
modal one time skip
key: css val:button[data-select-id='size-1']
sizeSelect len 0
cartButton len 2
att nashi
zaiko 0 x3
-----------------------------
https://www.berluti.com/ja-jp/to-ujuru-gariba-sukurittoreza-messenja/TOUJOURS_GULLIVER_NEO-V2.html?dwvar_TOUJOURS__GULLIVER__NEO-V2_color=KD4&to=17#prefn1=product_online_sales&prefv1=true&viewtype=grid-view-small&sz=36&to=17&start=1
OPEN
OPEN DONE
OK RETURN
URL PRICE https://www.berluti.com/ja-jp/to-ujuru-gariba-sukurittoreza-messenja/TOUJOURS_GULLIVER_NEO-V2.html?dwvar_TOUJOURS__GULLIVER__NEO-V2_color=KD4&to=17#prefn1=product_online_sales&prefv1=true&viewtype=grid-view-small&sz=36&to=17&start=1 409200
colorCheck len 2
 attval LIGHT ALUMINIO
color found
modal one time skip
key: css val:button[data-select-id='size-1']
sizeSelect len 0
cartButton len 0
zaiko 0 x1
cartButton2 len 0
zaiko 0 2x1
-----------------------------
https://www.berluti.com/ja-jp/to-ujuru-gariba-sukurittoreza-messenja/TOUJOURS_GULLIVER_NEO-V2.html?dwvar_TOUJOURS__GULLIVER__NEO-V2_color=G27&to=18#prefn1=product_online_sales&prefv1=true&viewtype=grid-view-small&sz=36&to=18&start=1
OPEN
OPEN DONE
OK RETURN
URL PRICE https://www.berluti.com/ja-jp/to-ujuru-gariba-sukurittoreza-messenja/TOUJOURS_GULLIVER_NEO-V2.html?dwvar_TOUJOURS__GULLIVER__NEO-V2_color=G27&to=18#prefn1=product_online_sales&prefv1=true&viewtype=grid-view-small&sz=36&to=18&start=1 409200
colorCheck len 2
 attval LIGHT ALUMINIO
 attval OPUNTIA 
color check 一致なし zaiko 0
modal one time skip
key: css val:button[data-select-id='size-1']
sizeSelect len 0
cartButton len 0
zaiko 0 x1
cartButton2 len 0
zaiko 0 2x1
zaiko 0 x3
-----------------------------
https://www.berluti.com/ja-jp/to-ujuru-gariba-sukurittoreza-messenja/TOUJOURS_GULLIVER_NEO-V2.html?dwvar_TOUJOURS__GULLIVER__NEO-V2_color=M10&to=19#prefn1=product_online_sales&prefv1=true&viewtype=grid-view-small&sz=36&to=19&start=1
OPEN
OPEN DONE
OK RETURN
URL PRICE https://www.berluti.com/ja-jp/to-ujuru-gariba-sukurittoreza-messenja/TOUJOURS_GULLIVER_NEO-V2.html?dwvar_TOUJOURS__GULLIVER__NEO-V2_color=M10&to=19#prefn1=product_online_sales&prefv1=true&viewtype=grid-view-small&sz=36&to=19&start=1 409200
colorCheck len 2
 attval LIGHT ALUMINIO
 attval OPUNTIA 
color check 一致なし zaiko 0
modal one time skip
key: css val:button[data-select-id='size-1']
sizeSelect len 0
cartButton len 0
zaiko 0 x1
cartButton2 len 0
zaiko 0 2x1
zaiko 0 x3
-----------------------------
https://www.berluti.com/ja-jp/to-ujuru-gariba-sukurittoreza-messenja/TOUJOURS_GULLIVER_NEO-V2.html?dwvar_TOUJOURS__GULLIVER__NEO-V2_color=G11&to=20#prefn1=product_online_sales&prefv1=true&viewtype=grid-view-small&sz=36&to=20&start=1
OPEN
OPEN DONE
OK RETURN
URL PRICE https://www.berluti.com/ja-jp/to-ujuru-gariba-sukurittoreza-messenja/TOUJOURS_GULLIVER_NEO-V2.html?dwvar_TOUJOURS__GULLIVER__NEO-V2_color=G11&to=20#prefn1=product_online_sales&prefv1=true&viewtype=grid-view-small&sz=36&to=20&start=1 409200
colorCheck len 2
 attval LIGHT ALUMINIO
 attval OPUNTIA 
color check 一致なし zaiko 0
modal one time skip
key: css val:button[data-select-id='size-1']
sizeSelect len 0
cartButton len 0
zaiko 0 x1
cartButton2 len 0
zaiko 0 2x1
zaiko 0 x3
-----------------------------
https://www.berluti.com/ja-jp/to-ujuru-gariba-sukurittoreza-messenja/TOUJOURS_GULLIVER_NEO-V2.html?dwvar_TOUJOURS__GULLIVER__NEO-V2_color=MQ4&to=21#prefn1=product_online_sales&prefv1=true&viewtype=grid-view-small&sz=36&to=21&start=1
OPEN
OPEN DONE
OK RETURN
URL PRICE https://www.berluti.com/ja-jp/to-ujuru-gariba-sukurittoreza-messenja/TOUJOURS_GULLIVER_NEO-V2.html?dwvar_TOUJOURS__GULLIVER__NEO-V2_color=MQ4&to=21#prefn1=product_online_sales&prefv1=true&viewtype=grid-view-small&sz=36&to=21&start=1 409200
colorCheck len 2
 attval LIGHT ALUMINIO
 attval OPUNTIA 
color check 一致なし zaiko 0
modal one time skip
key: css val:button[data-select-id='size-1']
sizeSelect len 0
cartButton len 0
zaiko 0 x1
cartButton2 len 0
zaiko 0 2x1
zaiko 0 x3
-----------------------------
https://www.berluti.com/ja-jp/reitoawa-sukurittoreza-shoppa/LATE_HOUR_SHOPPER_NEO-V82.html?dwvar_LATE__HOUR__SHOPPER__NEO-V82_color=K02&to=22#prefn1=product_online_sales&prefv1=true&viewtype=grid-view-small&sz=36&to=22&start=1
OPEN
OPEN DONE
OK RETURN
URL PRICE https://www.berluti.com/ja-jp/reitoawa-sukurittoreza-shoppa/LATE_HOUR_SHOPPER_NEO-V82.html?dwvar_LATE__HOUR__SHOPPER__NEO-V82_color=K02&to=22#prefn1=product_online_sales&prefv1=true&viewtype=grid-view-small&sz=36&to=22&start=1 616000
colorCheck len 1
 attval NERO GRIGIO
color found
modal one time skip
key: css val:button[data-select-id='size-1']
sizeSelect len 0
cartButton len 0
zaiko 0 x1
cartButton2 len 0
zaiko 0 2x1
-----------------------------
https://www.berluti.com/ja-jp/bvu-oryuto-kurowaze-reza-toraberubaggu/CROISEE-CE.html?dwvar_CROISEE-CE_color=MJ1&to=23#prefn1=product_online_sales&prefv1=true&viewtype=grid-view-small&sz=36&to=23&start=1
OPEN
OPEN DONE
OK RETURN
URL PRICE https://www.berluti.com/ja-jp/bvu-oryuto-kurowaze-reza-toraberubaggu/CROISEE-CE.html?dwvar_CROISEE-CE_color=MJ1&to=23#prefn1=product_online_sales&prefv1=true&viewtype=grid-view-small&sz=36&to=23&start=1 NOTFOUND
colorCheck len 0
-----------------------------
https://www.berluti.com/ja-jp/kaba-do-u-vu-oyaju-towaru-marubufu-totobaggu/CABAS_DE_VOYAGE-T19.html?dwvar_CABAS__DE__VOYAGE-T19_color=MO5&to=24#prefn1=product_online_sales&prefv1=true&viewtype=grid-view-small&sz=36&to=24&start=1
OPEN
OPEN DONE
OK RETURN
URL PRICE https://www.berluti.com/ja-jp/kaba-do-u-vu-oyaju-towaru-marubufu-totobaggu/CABAS_DE_VOYAGE-T19.html?dwvar_CABAS__DE__VOYAGE-T19_color=MO5&to=24#prefn1=product_online_sales&prefv1=true&viewtype=grid-view-small&sz=36&to=24&start=1 NOTFOUND
colorCheck len 0
-----------------------------
https://www.berluti.com/ja-jp/to-ujuru-sukurittoreza-totobaggu-xs/TOUJOURS_XS-VX3.html?dwvar_TOUJOURS__XS-VX3_color=G94&to=25#prefn1=product_online_sales&prefv1=true&viewtype=grid-view-small&sz=36&to=25&start=1
OPEN
OPEN DONE
OK RETURN
URL PRICE https://www.berluti.com/ja-jp/to-ujuru-sukurittoreza-totobaggu-xs/TOUJOURS_XS-VX3.html?dwvar_TOUJOURS__XS-VX3_color=G94&to=25#prefn1=product_online_sales&prefv1=true&viewtype=grid-view-small&sz=36&to=25&start=1 462000
colorCheck len 1
 attval SELVA OSCURA
color found
modal one time skip
key: css val:button[data-select-id='size-1']
sizeSelect len 0
cartButton len 2
att nashi
class quitting
class done
thread done
join done
